The `msstore` source requires that you view the following agreements before using.
Terms of Transaction: https://aka.ms/microsoft-store-terms-of-transaction
The source requires the current machine's 2-letter geographic region to be sent to the backend service to function properly (ex. "US").

Found Ollama [Ollama.Ollama] Version 0.35.0
This application is licensed to you by its owner.
Microsoft is not responsible for, nor does it grant any licenses to, third-party packages.
Downloading https://github.com/ollama/ollama/releases/download/v0.35.0/OllamaSetup.exe
Successfully verified installer hash
Starting package install...
Successfully installed
[?2026h[?25l[1Gpulling manifest ⠋ [K[?25h[?2026l[?2026h[?25l[1Gpulling manifest ⠙ [K[?25h[?2026l[?2026h[?25l[1Gpulling manifest ⠹ [K[?25h[?2026l[?2026h[?25l[1Gpulling manifest ⠸ [K[?25h[?2026l[?2026h[?25l[1Gpulling manifest ⠼ [K[?25h[?2026l[?2026h[?25l[1Gpulling manifest ⠴ [K[?25h[?2026l[?2026h[?25l[1Gpulling manifest ⠦ [K[?25h[?2026l[?2026h[?25l[1Gpulling manifest ⠧ [K[?25h[?2026l[?2026h[?25l[1Gpulling manifest ⠇ [K[?25h[?2026l[?2026h[?25l[1Gpulling manifest ⠏ [K[?25h[?2026l[?2026h[?25l[1Gpulling manifest ⠋ [K[?25h[?2026l[?2026h[?25l[1Gpulling manifest ⠙ [K[?25h[?2026l[?2026h[?25l[1Gpulling manifest ⠹ [K[?25h[?2026l[?2026h[?25l[1Gpulling manifest ⠸ [K[?25h[?2026l[?2026h[?25l[1Gpulling manifest ⠼ [K[?25h[?2026l[?2026h[?25l[1Gpulling manifest ⠴ [K[?25h[?2026l[?2026h[?25l[1Gpulling manifest ⠦ [K[?25h[?2026l[?2026h[?25l[1Gpulling manifest [K
pulling aeda25e63ebd:   0% ▕                  ▏ 347 KB/3.3 GB                  [K[?25h[?2026l[?2026h[?25l[A[1Gpulling manifest [K
pulling aeda25e63ebd:   0% ▕                  ▏ 800 KB/3.3 GB                  [K[?25h[?2026l[?2026h[?25l[A[1Gpulling manifest [K
pulling aeda25e63ebd:   0% ▕                  ▏ 804 KB/3.3 GB                  [K[?25h[?2026l[?2026h[?25l[A[1Gpulling manifest [K
pulling aeda25e63ebd:   0% ▕                  ▏ 1.7 MB/3.3 GB                  [K[?25h[?2026l[?2026h[?25l[A[1Gpulling manifest [K
pulling aeda25e63ebd:   0% ▕                  ▏ 2.5 MB/3.3 GB                  [K[?25h[?2026l[?2026h[?25l[A[1Gpulling manifest [K
pulling aeda25e63ebd:   0% ▕                  ▏ 2.8 MB/3.3 GB                  [K[?25h[?2026l[?2026h[?25l[A[1Gpulling manifest [K
pulling aeda25e63ebd:   0% ▕                  ▏ 3.6 MB/3.3 GB                  [K[?25h[?2026l[?2026h[?25l[A[1Gpulling manifest [K
pulling aeda25e63ebd:   0% ▕                  ▏ 4.1 MB/3.3 GB                  [K[?25h[?2026l[?2026h[?25l[A[1Gpulling manifest [K
pulling aeda25e63ebd:   0% ▕                  ▏ 4.2 MB/3.3 GB                  [K[?25h[?2026l[?2026h[?25l[A[1Gpulling manifest [K
pulling aeda25e63ebd:   0% ▕                  ▏ 5.2 MB/3.3 GB                  [K[?25h[?2026l[?2026h[?25l[A[1Gpulling manifest [K
pulling aeda25e63ebd:   0% ▕                  ▏ 6.0 MB/3.3 GB  5.6 MB/s   9m52s[K[?25h[?2026l[?2026h[?25l[A[1Gpulling manifest [K
pulling aeda25e63ebd:   0% ▕                  ▏ 6.2 MB/3.3 GB  5.6 MB/s   9m52s[K[?25h[?2026l[?2026h[?25l[A[1Gpulling manifest [K
pulling aeda25e63ebd:   0% ▕                  ▏ 7.1 MB/3.3 GB  5.6 MB/s   9m52s[K[?25h[?2026l[?2026h[?25l[A[1Gpulling manifest [K
pulling aeda25e63ebd:   0% ▕                  ▏ 7.4 MB/3.3 GB  5.6 MB/s   9m52s[K[?25h[?2026l[?2026h[?25l[A[1Gpulling manifest [K
pulling aeda25e63ebd:   0% ▕                  ▏ 7.6 MB/3.3 GB  5.6 MB/s   9m52s[K[?25h[?2026l[?2026h[?25l[A[1Gpulling manifest [K
pulling aeda25e63ebd:   0% ▕                  ▏ 8.7 MB/3.3 GB  5.6 MB/s   9m52s[K[?25h[?2026l[?2026h[?25l[A[1Gpulling manifest [K
pulling aeda25e63ebd:   0% ▕                  ▏ 9.4 MB/3.3 GB  5.6 MB/s   9m52s[K[?25h[?2026l[?2026h[?25l[A[1Gpulling manifest [K
pulling aeda25e63ebd:   0% ▕                  ▏ 9.7 MB/3.3 GB  5.6 MB/s   9m52s[K[?25h[?2026l[?2026h[?25l[A[1Gpulling manifest [K
pulling aeda25e63ebd:   0% ▕                  ▏  10 MB/3.3 GB  5.6 MB/s   9m52s[K[?25h[?2026l[?2026h[?25l[A[1Gpulling manifest [K
pulling aeda25e63ebd:   0% ▕                  ▏  11 MB/3.3 GB  5.6 MB/s   9m52s[K[?25h[?2026l[?2026h[?25l[A[1Gpulling manifest [K
pulling aeda25e63ebd:   0% ▕                  ▏  11 MB/3.3 GB  5.6 MB/s   9m51s[K[?25h[?2026l[?2026h[?25l[A[1Gpulling manifest [K
pulling aeda25e63ebd:   0% ▕                  ▏  12 MB/3.3 GB  5.8 MB/s   9m36s[K[?25h[?2026l[?2026h[?25l[A[1Gpulling manifest [K
pulling aeda25e63ebd:   0% ▕                  ▏  12 MB/3.3 GB  5.8 MB/s   9m36s[K[?25h[?2026l[?2026h[?25l[A[1Gpulling manifest [K
pulling aeda25e63ebd:   0% ▕                  ▏  13 MB/3.3 GB  5.8 MB/s   9m35s[K[?25h[?2026l[?2026h[?25l[A[1Gpulling manifest [K
pulling aeda25e63ebd:   0% ▕                  ▏  14 MB/3.3 GB  5.8 MB/s   9m35s[K[?25h[?2026l[?2026h[?25l[A[1Gpulling manifest [K
pulling aeda25e63ebd:   0% ▕                  ▏  14 MB/3.3 GB  5.8 MB/s   9m35s[K[?25h[?2026l[?2026h[?25l[A[1Gpulling manifest [K
pulling aeda25e63ebd:   0% ▕                  ▏  15 MB/3.3 GB  5.8 MB/s   9m35s[K[?25h[?2026l[?2026h[?25l[A[1Gpulling manifest [K
pulling aeda25e63ebd:   0% ▕                  ▏  15 MB/3.3 GB  5.8 MB/s   9m35s[K[?25h[?2026l[?2026h[?25l[A[1Gpulling manifest [K
pulling aeda25e63ebd:   0% ▕                  ▏  16 MB/3.3 GB  5.8 MB/s   9m35s[K[?25h[?2026l[?2026h[?25l[A[1Gpulling manifest [K
pulling aeda25e63ebd:   1% ▕                  ▏  16 MB/3.3 GB  5.8 MB/s   9m35s[K[?25h[?2026l[?2026h[?25l[A[1Gpulling manifest [K
pulling aeda25e63ebd:   1% ▕                  ▏  17 MB/3.3 GB  5.8 MB/s   9m35s[K[?25h[?2026l[?2026h[?25l[A[1Gpulling manifest [K
pulling aeda25e63ebd:   1% ▕                  ▏  18 MB/3.3 GB  5.9 MB/s   9m23s[K[?25h[?2026l[?2026h[?25l[A[1Gpulling manifest [K
pulling aeda25e63ebd:   1% ▕                  ▏  18 MB/3.3 GB  5.9 MB/s   9m23s[K[?25h[?2026l[?2026h[?25l[A[1Gpulling manifest [K
pulling aeda25e63ebd:   1% ▕                  ▏  19 MB/3.3 GB  5.9 MB/s   9m23s[K[?25h[?2026l[?2026h[?25l[A[1Gpulling manifest [K
pulling aeda25e63ebd:   1% ▕                  ▏  20 MB/3.3 GB  5.9 MB/s   9m23s[K[?25h[?2026l[?2026h[?25l[A[1Gpulling manifest [K
pulling aeda25e63ebd:   1% ▕                  ▏  20 MB/3.3 GB  5.9 MB/s   9m23s[K[?25h[?2026l[?2026h[?25l[A[1Gpulling manifest [K
pulling aeda25e63ebd:   1% ▕                  ▏  21 MB/3.3 GB  5.9 MB/s   9m23s[K[?25h[?2026l[?2026h[?25l[A[1Gpulling manifest [K
pulling aeda25e63ebd:   1% ▕                  ▏  22 MB/3.3 GB  5.9 MB/s   9m23s[K[?25h[?2026l[?2026h[?25l[A[1Gpulling manifest [K
pulling aeda25e63ebd:   1% ▕                  ▏  22 MB/3.3 GB  5.9 MB/s   9m23s[K[?25h[?2026l[?2026h[?25l[A[1Gpulling manifest [K
pulling aeda25e63ebd:   1% ▕                  ▏  23 MB/3.3 GB  5.9 MB/s   9m22s[K[?25h[?2026l[?2026h[?25l[A[1Gpulling manifest [K
pulling aeda25e63ebd:   1% ▕                  ▏  23 MB/3.3 GB  5.9 MB/s   9m22s[K[?25h[?2026l[?2026h[?25l[A[1Gpulling manifest [K
pulling aeda25e63ebd:   1% ▕                  ▏  24 MB/3.3 GB  5.9 MB/s   9m18s[K[?25h[?2026l[?2026h[?25l[A[1Gpulling manifest [K
pulling aeda25e63ebd:   1% ▕                  ▏  24 MB/3.3 GB  5.9 MB/s   9m18s[K[?25h[?2026l[?2026h[?25l[A[1Gpulling manifest [K
pulling aeda25e63ebd:   1% ▕                  ▏  25 MB/3.3 GB  5.9 MB/s   9m18s[K[?25h[?2026l[?2026h[?25l[A[1Gpulling manifest [K
pulling aeda25e63ebd:   1% ▕                  ▏  25 MB/3.3 GB  5.9 MB/s   9m18s[K[?25h[?2026l[?2026h[?25l[A[1Gpulling manifest [K
pulling aeda25e63ebd:   1% ▕                  ▏  26 MB/3.3 GB  5.9 MB/s   9m18s[K[?25h[?2026l[?2026h[?25l[A[1Gpulling manifest [K
pulling aeda25e63ebd:   1% ▕                  ▏  27 MB/3.3 GB  5.9 MB/s   9m17s[K[?25h[?2026l[?2026h[?25l[A[1Gpulling manifest [K
pulling aeda25e63ebd:   1% ▕                  ▏  27 MB/3.3 GB  5.9 MB/s   9m17s[K[?25h[?2026l[?2026h[?25l[A[1Gpulling manifest [K
pulling aeda25e63ebd:   1% ▕                  ▏  28 MB/3.3 GB  5.9 MB/s   9m17s[K[?25h[?2026l[?2026h[?25l[A[1Gpulling manifest [K
pulling aeda25e63ebd:   1% ▕                  ▏  29 MB/3.3 GB  5.9 MB/s   9m17s[K[?25h[?2026l[?2026h[?25l[A[1Gpulling manifest [K
pulling aeda25e63ebd:   1% ▕                  ▏  29 MB/3.3 GB  5.9 MB/s   9m17s[K[?25h[?2026l[?2026h[?25l[A[1Gpulling manifest [K
pulling aeda25e63ebd:   1% ▕                  ▏  30 MB/3.3 GB  6.0 MB/s   9m14s[K[?25h[?2026l[?2026h[?25l[A[1Gpulling manifest [K
pulling aeda25e63ebd:   1% ▕                  ▏  30 MB/3.3 GB  6.0 MB/s   9m14s[K[?25h[?2026l[?2026h[?25l[A[1Gpulling manifest [K
pulling aeda25e63ebd:   1% ▕                  ▏  31 MB/3.3 GB  6.0 MB/s   9m14s[K[?25h[?2026l[?2026h[?25l[A[1Gpulling manifest [K
pulling aeda25e63ebd:   1% ▕                  ▏  31 MB/3.3 GB  6.0 MB/s   9m14s[K[?25h[?2026l[?2026h[?25l[A[1Gpulling manifest [K
pulling aeda25e63ebd:   1% ▕                  ▏  32 MB/3.3 GB  6.0 MB/s   9m14s[K[?25h[?2026l[?2026h[?25l[A[1Gpulling manifest [K
pulling aeda25e63ebd:   1% ▕                  ▏  32 MB/3.3 GB  6.0 MB/s   9m14s[K[?25h[?2026l[?2026h[?25l[A[1Gpulling manifest [K
pulling aeda25e63ebd:   1% ▕                  ▏  33 MB/3.3 GB  6.0 MB/s   9m14s[K[?25h[?2026l[?2026h[?25l[A[1Gpulling manifest [K
pulling aeda25e63ebd:   1% ▕                  ▏  34 MB/3.3 GB  6.0 MB/s   9m13s[K[?25h[?2026l[?2026h[?25l[A[1Gpulling manifest [K
pulling aeda25e63ebd:   1% ▕                  ▏  34 MB/3.3 GB  6.0 MB/s   9m13s[K[?25h[?2026l[?2026h[?25l[A[1Gpulling manifest [K
pulling aeda25e63ebd:   1% ▕                  ▏  35 MB/3.3 GB  6.0 MB/s   9m13s[K[?25h[?2026l[?2026h[?25l[A[1Gpulling manifest [K
pulling aeda25e63ebd:   1% ▕                  ▏  36 MB/3.3 GB  6.0 MB/s   9m14s[K[?25h[?2026l[?2026h[?25l[A[1Gpulling manifest [K
pulling aeda25e63ebd:   1% ▕                  ▏  36 MB/3.3 GB  6.0 MB/s   9m14s[K[?25h[?2026l[?2026h[?25l[A[1Gpulling manifest [K
pulling aeda25e63ebd:   1% ▕                  ▏  37 MB/3.3 GB  6.0 MB/s   9m14s[K[?25h[?2026l[?2026h[?25l[A[1Gpulling manifest [K
pulling aeda25e63ebd:   1% ▕                  ▏  37 MB/3.3 GB  6.0 MB/s   9m14s[K[?25h[?2026l[?2026h[?25l[A[1Gpulling manifest [K
pulling aeda25e63ebd:   1% ▕                  ▏  38 MB/3.3 GB  6.0 MB/s   9m14s[K[?25h[?2026l[?2026h[?25l[A[1Gpulling manifest [K
pulling aeda25e63ebd:   1% ▕                  ▏  38 MB/3.3 GB  6.0 MB/s   9m14s[K[?25h[?2026l[?2026h[?25l[A[1Gpulling manifest [K
pulling aeda25e63ebd:   1% ▕                  ▏  39 MB/3.3 GB  6.0 MB/s   9m14s[K[?25h[?2026l[?2026h[?25l[A[1Gpulling manifest [K
pulling aeda25e63ebd:   1% ▕                  ▏  39 MB/3.3 GB  6.0 MB/s   9m14s[K[?25h[?2026l[?2026h[?25l[A[1Gpulling manifest [K
pulling aeda25e63ebd:   1% ▕                  ▏  40 MB/3.3 GB  6.0 MB/s   9m14s[K[?25h[?2026l[?2026h[?25l[A[1Gpulling manifest [K
pulling aeda25e63ebd:   1% ▕                  ▏  40 MB/3.3 GB  6.0 MB/s   9m13s[K[?25h[?2026l[?2026h[?25l[A[1Gpulling manifest [K
pulling aeda25e63ebd:   1% ▕                  ▏  40 MB/3.3 GB  6.0 MB/s   9m13s[K[?25h[?2026l[?2026h[?25l[A[1Gpulling manifest [K
pulling aeda25e63ebd:   1% ▕                  ▏  40 MB/3.3 GB  5.7 MB/s   9m38s[K[?25h[?2026l[?2026h[?25l[A[1Gpulling manifest [K
pulling aeda25e63ebd:   1% ▕                  ▏  41 MB/3.3 GB  5.7 MB/s   9m37s[K[?25h[?2026l[?2026h[?25l[A[1Gpulling manifest [K
pulling aeda25e63ebd:   1% ▕                  ▏  41 MB/3.3 GB  5.7 MB/s   9m37s[K[?25h[?2026l[?2026h[?25l[A[1Gpulling manifest [K
pulling aeda25e63ebd:   1% ▕                  ▏  42 MB/3.3 GB  5.7 MB/s   9m37s[K[?25h[?2026l[?2026h[?25l[A[1Gpulling manifest [K
pulling aeda25e63ebd:   1% ▕                  ▏  42 MB/3.3 GB  5.7 MB/s   9m37s[K[?25h[?2026l[?2026h[?25l[A[1Gpulling manifest [K
pulling aeda25e63ebd:   1% ▕                  ▏  42 MB/3.3 GB  5.7 MB/s   9m37s[K[?25h[?2026l[?2026h[?25l[A[1Gpulling manifest [K
pulling aeda25e63ebd:   1% ▕                  ▏  42 MB/3.3 GB  5.7 MB/s   9m37s[K[?25h[?2026l[?2026h[?25l[A[1Gpulling manifest [K
pulling aeda25e63ebd:   1% ▕                  ▏  43 MB/3.3 GB  5.7 MB/s   9m37s[K[?25h[?2026l[?2026h[?25l[A[1Gpulling manifest [K
pulling aeda25e63ebd:   1% ▕                  ▏  44 MB/3.3 GB  5.7 MB/s   9m37s[K[?25h[?2026l[?2026h[?25l[A[1Gpulling manifest [K
pulling aeda25e63ebd:   1% ▕                  ▏  44 MB/3.3 GB  5.7 MB/s   9m37s[K[?25h[?2026l[?2026h[?25l[A[1Gpulling manifest [K
pulling aeda25e63ebd:   1% ▕                  ▏  45 MB/3.3 GB  5.6 MB/s   9m48s[K[?25h[?2026l[?2026h[?25l[A[1Gpulling manifest [K
pulling aeda25e63ebd:   1% ▕                  ▏  45 MB/3.3 GB  5.6 MB/s   9m48s[K[?25h[?2026l[?2026h[?25l[A[1Gpulling manifest [K
pulling aeda25e63ebd:   1% ▕                  ▏  45 MB/3.3 GB  5.6 MB/s   9m48s[K[?25h[?2026l[?2026h[?25l[A[1Gpulling manifest [K
pulling aeda25e63ebd:   1% ▕                  ▏  45 MB/3.3 GB  5.6 MB/s   9m48s[K[?25h[?2026l[?2026h[?25l[A[1Gpulling manifest [K
pulling aeda25e63ebd:   1% ▕                  ▏  46 MB/3.3 GB  5.6 MB/s   9m48s[K[?25h[?2026l[?2026h[?25l[A[1Gpulling manifest [K
pulling aeda25e63ebd:   1% ▕                  ▏  47 MB/3.3 GB  5.6 MB/s   9m47s[K[?25h[?2026l[?2026h[?25l[A[1Gpulling manifest [K
pulling aeda25e63ebd:   1% ▕                  ▏  48 MB/3.3 GB  5.6 MB/s   9m47s[K[?25h[?2026l[?2026h[?25l[A[1Gpulling manifest [K
pulling aeda25e63ebd:   1% ▕                  ▏  48 MB/3.3 GB  5.6 MB/s   9m47s[K[?25h[?2026l[?2026h[?25l[A[1Gpulling manifest [K
pulling aeda25e63ebd:   1% ▕                  ▏  49 MB/3.3 GB  5.6 MB/s   9m47s[K[?25h[?2026l[?2026h[?25l[A[1Gpulling manifest [K
pulling aeda25e63ebd:   1% ▕                  ▏  50 MB/3.3 GB  5.6 MB/s   9m47s[K[?25h[?2026l[?2026h[?25l[A[1Gpulling manifest [K
pulling aeda25e63ebd:   2% ▕                  ▏  50 MB/3.3 GB  5.6 MB/s   9m52s[K[?25h[?2026l[?2026h[?25l[A[1Gpulling manifest [K
pulling aeda25e63ebd:   2% ▕                  ▏  51 MB/3.3 GB  5.6 MB/s   9m51s[K[?25h[?2026l[?2026h[?25l[A[1Gpulling manifest [K
pulling aeda25e63ebd:   2% ▕                  ▏  51 MB/3.3 GB  5.6 MB/s   9m51s[K[?25h[?2026l[?2026h[?25l[A[1Gpulling manifest [K
pulling aeda25e63ebd:   2% ▕                  ▏  52 MB/3.3 GB  5.6 MB/s   9m51s[K[?25h[?2026l[?2026h[?25l[A[1Gpulling manifest [K
pulling aeda25e63ebd:   2% ▕                  ▏  52 MB/3.3 GB  5.6 MB/s   9m51s[K[?25h[?2026l[?2026h[?25l[A[1Gpulling manifest [K
pulling aeda25e63ebd:   2% ▕                  ▏  53 MB/3.3 GB  5.6 MB/s   9m51s[K[?25h[?2026l[?2026h[?25l[A[1Gpulling manifest [K
pulling aeda25e63ebd:   2% ▕                  ▏  53 MB/3.3 GB  5.6 MB/s   9m51s[K[?25h[?2026l[?2026h[?25l[A[1Gpulling manifest [K
pulling aeda25e63ebd:   2% ▕                  ▏  53 MB/3.3 GB  5.6 MB/s   9m51s[K[?25h[?2026l[?2026h[?25l[A[1Gpulling manifest [K
pulling aeda25e63ebd:   2% ▕                  ▏  53 MB/3.3 GB  5.6 MB/s   9m51s[K[?25h[?2026l[?2026h[?25l[A[1Gpulling manifest [K
pulling aeda25e63ebd:   2% ▕                  ▏  53 MB/3.3 GB  5.6 MB/s   9m51s[K[?25h[?2026l[?2026h[?25l[A[1Gpulling manifest [K
pulling aeda25e63ebd:   2% ▕                  ▏  54 MB/3.3 GB  5.4 MB/s   10m7s[K[?25h[?2026l[?2026h[?25l[A[1Gpulling manifest [K
pulling aeda25e63ebd:   2% ▕                  ▏  55 MB/3.3 GB  5.4 MB/s   10m7s[K[?25h[?2026l[?2026h[?25l[A[1Gpulling manifest [K
pulling aeda25e63ebd:   2% ▕                  ▏  55 MB/3.3 GB  5.4 MB/s   10m7s[K[?25h[?2026l[?2026h[?25l[A[1Gpulling manifest [K
pulling aeda25e63ebd:   2% ▕                  ▏  56 MB/3.3 GB  5.4 MB/s   10m7s[K[?25h[?2026l[?2026h[?25l[A[1Gpulling manifest [K
pulling aeda25e63ebd:   2% ▕                  ▏  57 MB/3.3 GB  5.4 MB/s   10m7s[K[?25h[?2026l[?2026h[?25l[A[1Gpulling manifest [K
pulling aeda25e63ebd:   2% ▕                  ▏  57 MB/3.3 GB  5.4 MB/s   10m6s[K[?25h[?2026l[?2026h[?25l[A[1Gpulling manifest [K
pulling aeda25e63ebd:   2% ▕                  ▏  58 MB/3.3 GB  5.4 MB/s   10m6s[K[?25h[?2026l[?2026h[?25l[A[1Gpulling manifest [K
pulling aeda25e63ebd:   2% ▕                  ▏  58 MB/3.3 GB  5.4 MB/s   10m6s[K[?25h[?2026l[?2026h[?25l[A[1Gpulling manifest [K
pulling aeda25e63ebd:   2% ▕                  ▏  59 MB/3.3 GB  5.4 MB/s   10m6s[K[?25h[?2026l[?2026h[?25l[A[1Gpulling manifest [K
pulling aeda25e63ebd:   2% ▕                  ▏  59 MB/3.3 GB  5.4 MB/s   10m6s[K[?25h[?2026l[?2026h[?25l[A[1Gpulling manifest [K
pulling aeda25e63ebd:   2% ▕                  ▏  60 MB/3.3 GB  5.4 MB/s   10m7s[K[?25h[?2026l[?2026h[?25l[A[1Gpulling manifest [K
pulling aeda25e63ebd:   2% ▕                  ▏  60 MB/3.3 GB  5.4 MB/s   10m7s[K[?25h[?2026l[?2026h[?25l[A[1Gpulling manifest [K
pulling aeda25e63ebd:   2% ▕                  ▏  61 MB/3.3 GB  5.4 MB/s   10m7s[K[?25h[?2026l[?2026h[?25l[A[1Gpulling manifest [K
pulling aeda25e63ebd:   2% ▕                  ▏  62 MB/3.3 GB  5.4 MB/s   10m7s[K[?25h[?2026l[?2026h[?25l[A[1Gpulling manifest [K
pulling aeda25e63ebd:   2% ▕                  ▏  62 MB/3.3 GB  5.4 MB/s   10m7s[K[?25h[?2026l[?2026h[?25l[A[1Gpulling manifest [K
pulling aeda25e63ebd:   2% ▕                  ▏  63 MB/3.3 GB  5.4 MB/s   10m6s[K[?25h[?2026l[?2026h[?25l[A[1Gpulling manifest [K
pulling aeda25e63ebd:   2% ▕                  ▏  63 MB/3.3 GB  5.4 MB/s   10m6s[K[?25h[?2026l[?2026h[?25l[A[1Gpulling manifest [K
pulling aeda25e63ebd:   2% ▕                  ▏  64 MB/3.3 GB  5.4 MB/s   10m6s[K[?25h[?2026l[?2026h[?25l[A[1Gpulling manifest [K
pulling aeda25e63ebd:   2% ▕                  ▏  64 MB/3.3 GB  5.4 MB/s   10m6s[K[?25h[?2026l[?2026h[?25l[A[1Gpulling manifest [K
pulling aeda25e63ebd:   2% ▕                  ▏  65 MB/3.3 GB  5.4 MB/s   10m6s[K[?25h[?2026l[?2026h[?25l[A[1Gpulling manifest [K
pulling aeda25e63ebd:   2% ▕                  ▏  66 MB/3.3 GB  5.4 MB/s   10m6s[K[?25h[?2026l[?2026h[?25l[A[1Gpulling manifest [K
pulling aeda25e63ebd:   2% ▕                  ▏  66 MB/3.3 GB  5.4 MB/s   10m8s[K[?25h[?2026l[?2026h[?25l[A[1Gpulling manifest [K
pulling aeda25e63ebd:   2% ▕                  ▏  67 MB/3.3 GB  5.4 MB/s   10m8s[K[?25h[?2026l[?2026h[?25l[A[1Gpulling manifest [K
pulling aeda25e63ebd:   2% ▕                  ▏  67 MB/3.3 GB  5.4 MB/s   10m8s[K[?25h[?2026l[?2026h[?25l[A[1Gpulling manifest [K
pulling aeda25e63ebd:   2% ▕                  ▏  68 MB/3.3 GB  5.4 MB/s   10m7s[K[?25h[?2026l[?2026h[?25l[A[1Gpulling manifest [K
pulling aeda25e63ebd:   2% ▕                  ▏  69 MB/3.3 GB  5.4 MB/s   10m7s[K[?25h[?2026l[?2026h[?25l[A[1Gpulling manifest [K
pulling aeda25e63ebd:   2% ▕                  ▏  69 MB/3.3 GB  5.4 MB/s   10m7s[K[?25h[?2026l[?2026h[?25l[A[1Gpulling manifest [K
pulling aeda25e63ebd:   2% ▕                  ▏  70 MB/3.3 GB  5.4 MB/s   10m7s[K[?25h[?2026l[?2026h[?25l[A[1Gpulling manifest [K
pulling aeda25e63ebd:   2% ▕                  ▏  70 MB/3.3 GB  5.4 MB/s   10m7s[K[?25h[?2026l[?2026h[?25l[A[1Gpulling manifest [K
pulling aeda25e63ebd:   2% ▕                  ▏  71 MB/3.3 GB  5.4 MB/s   10m7s[K[?25h[?2026l[?2026h[?25l[A[1Gpulling manifest [K
pulling aeda25e63ebd:   2% ▕                  ▏  72 MB/3.3 GB  5.4 MB/s   10m7s[K[?25h[?2026l[?2026h[?25l[A[1Gpulling manifest [K
pulling aeda25e63ebd:   2% ▕                  ▏  72 MB/3.3 GB  5.4 MB/s  10m10s[K[?25h[?2026l[?2026h[?25l[A[1Gpulling manifest [K
pulling aeda25e63ebd:   2% ▕                  ▏  72 MB/3.3 GB  5.4 MB/s  10m10s[K[?25h[?2026l[?2026h[?25l[A[1Gpulling manifest [K
pulling aeda25e63ebd:   2% ▕                  ▏  73 MB/3.3 GB  5.4 MB/s   10m9s[K[?25h[?2026l[?2026h[?25l[A[1Gpulling manifest [K
pulling aeda25e63ebd:   2% ▕                  ▏  74 MB/3.3 GB  5.4 MB/s   10m9s[K[?25h[?2026l[?2026h[?25l[A[1Gpulling manifest [K
pulling aeda25e63ebd:   2% ▕                  ▏  74 MB/3.3 GB  5.4 MB/s   10m9s[K[?25h[?2026l[?2026h[?25l[A[1Gpulling manifest [K
pulling aeda25e63ebd:   2% ▕                  ▏  75 MB/3.3 GB  5.4 MB/s   10m9s[K[?25h[?2026l[?2026h[?25l[A[1Gpulling manifest [K
pulling aeda25e63ebd:   2% ▕                  ▏  75 MB/3.3 GB  5.4 MB/s   10m9s[K[?25h[?2026l[?2026h[?25l[A[1Gpulling manifest [K
pulling aeda25e63ebd:   2% ▕                  ▏  76 MB/3.3 GB  5.4 MB/s   10m9s[K[?25h[?2026l[?2026h[?25l[A[1Gpulling manifest [K
pulling aeda25e63ebd:   2% ▕                  ▏  76 MB/3.3 GB  5.4 MB/s   10m9s[K[?25h[?2026l[?2026h[?25l[A[1Gpulling manifest [K
pulling aeda25e63ebd:   2% ▕                  ▏  77 MB/3.3 GB  5.4 MB/s   10m9s[K[?25h[?2026l[?2026h[?25l[A[1Gpulling manifest [K
pulling aeda25e63ebd:   2% ▕                  ▏  77 MB/3.3 GB  5.3 MB/s  10m15s[K[?25h[?2026l[?2026h[?25l[A[1Gpulling manifest [K
pulling aeda25e63ebd:   2% ▕                  ▏  78 MB/3.3 GB  5.3 MB/s  10m15s[K[?25h[?2026l[?2026h[?25l[A[1Gpulling manifest [K
pulling aeda25e63ebd:   2% ▕                  ▏  79 MB/3.3 GB  5.3 MB/s  10m15s[K[?25h[?2026l[?2026h[?25l[A[1Gpulling manifest [K
pulling aeda25e63ebd:   2% ▕                  ▏  79 MB/3.3 GB  5.3 MB/s  10m15s[K[?25h[?2026l[?2026h[?25l[A[1Gpulling manifest [K
pulling aeda25e63ebd:   2% ▕                  ▏  80 MB/3.3 GB  5.3 MB/s  10m15s[K[?25h[?2026l[?2026h[?25l[A[1Gpulling manifest [K
pulling aeda25e63ebd:   2% ▕                  ▏  80 MB/3.3 GB  5.3 MB/s  10m14s[K[?25h[?2026l[?2026h[?25l[A[1Gpulling manifest [K
pulling aeda25e63ebd:   2% ▕                  ▏  81 MB/3.3 GB  5.3 MB/s  10m14s[K[?25h[?2026l[?2026h[?25l[A[1Gpulling manifest [K
pulling aeda25e63ebd:   2% ▕                  ▏  81 MB/3.3 GB  5.3 MB/s  10m14s[K[?25h[?2026l[?2026h[?25l[A[1Gpulling manifest [K
pulling aeda25e63ebd:   2% ▕                  ▏  82 MB/3.3 GB  5.3 MB/s  10m14s[K[?25h[?2026l[?2026h[?25l[A[1Gpulling manifest [K
pulling aeda25e63ebd:   2% ▕                  ▏  83 MB/3.3 GB  5.3 MB/s  10m14s[K[?25h[?2026l[?2026h[?25l[A[1Gpulling manifest [K
pulling aeda25e63ebd:   3% ▕                  ▏  83 MB/3.3 GB  5.3 MB/s  10m15s[K[?25h[?2026l[?2026h[?25l[A[1Gpulling manifest [K
pulling aeda25e63ebd:   3% ▕                  ▏  84 MB/3.3 GB  5.3 MB/s  10m14s[K[?25h[?2026l[?2026h[?25l[A[1Gpulling manifest [K
pulling aeda25e63ebd:   3% ▕                  ▏  84 MB/3.3 GB  5.3 MB/s  10m14s[K[?25h[?2026l[?2026h[?25l[A[1Gpulling manifest [K
pulling aeda25e63ebd:   3% ▕                  ▏  84 MB/3.3 GB  5.3 MB/s  10m14s[K[?25h[?2026l[?2026h[?25l[A[1Gpulling manifest [K
pulling aeda25e63ebd:   3% ▕                  ▏  85 MB/3.3 GB  5.3 MB/s  10m14s[K[?25h[?2026l[?2026h[?25l[A[1Gpulling manifest [K
pulling aeda25e63ebd:   3% ▕                  ▏  85 MB/3.3 GB  5.3 MB/s  10m14s[K[?25h[?2026l[?2026h[?25l[A[1Gpulling manifest [K
pulling aeda25e63ebd:   3% ▕                  ▏  85 MB/3.3 GB  5.3 MB/s  10m14s[K[?25h[?2026l[?2026h[?25l[A[1Gpulling manifest [K
pulling aeda25e63ebd:   3% ▕                  ▏  85 MB/3.3 GB  5.3 MB/s  10m14s[K[?25h[?2026l[?2026h[?25l[A[1Gpulling manifest [K
pulling aeda25e63ebd:   3% ▕                  ▏  86 MB/3.3 GB  5.3 MB/s  10m14s[K[?25h[?2026l[?2026h[?25l[A[1Gpulling manifest [K
pulling aeda25e63ebd:   3% ▕                  ▏  87 MB/3.3 GB  5.3 MB/s  10m14s[K[?25h[?2026l[?2026h[?25l[A[1Gpulling manifest [K
pulling aeda25e63ebd:   3% ▕                  ▏  87 MB/3.3 GB  5.3 MB/s  10m14s[K[?25h[?2026l[?2026h[?25l[A[1Gpulling manifest [K
pulling aeda25e63ebd:   3% ▕                  ▏  88 MB/3.3 GB  5.3 MB/s  10m13s[K[?25h[?2026l[?2026h[?25l[A[1Gpulling manifest [K
pulling aeda25e63ebd:   3% ▕                  ▏  89 MB/3.3 GB  5.3 MB/s  10m13s[K[?25h[?2026l[?2026h[?25l[A[1Gpulling manifest [K
pulling aeda25e63ebd:   3% ▕                  ▏  89 MB/3.3 GB  5.3 MB/s  10m13s[K[?25h[?2026l[?2026h[?25l[A[1Gpulling manifest [K
pulling aeda25e63ebd:   3% ▕                  ▏  89 MB/3.3 GB  5.3 MB/s  10m13s[K[?25h[?2026l[?2026h[?25l[A[1Gpulling manifest [K
pulling aeda25e63ebd:   3% ▕                  ▏  90 MB/3.3 GB  5.3 MB/s  10m13s[K[?25h[?2026l[?2026h[?25l[A[1Gpulling manifest [K
pulling aeda25e63ebd:   3% ▕                  ▏  90 MB/3.3 GB  5.3 MB/s  10m13s[K[?25h[?2026l[?2026h[?25l[A[1Gpulling manifest [K
pulling aeda25e63ebd:   3% ▕                  ▏  90 MB/3.3 GB  5.3 MB/s  10m13s[K[?25h[?2026l[?2026h[?25l[A[1Gpulling manifest [K
pulling aeda25e63ebd:   3% ▕                  ▏  91 MB/3.3 GB  5.3 MB/s  10m13s[K[?25h[?2026l[?2026h[?25l[A[1Gpulling manifest [K
pulling aeda25e63ebd:   3% ▕                  ▏  92 MB/3.3 GB  5.3 MB/s  10m13s[K[?25h[?2026l[?2026h[?25l[A[1Gpulling manifest [K
pulling aeda25e63ebd:   3% ▕                  ▏  92 MB/3.3 GB  5.3 MB/s  10m13s[K[?25h[?2026l[?2026h[?25l[A[1Gpulling manifest [K
pulling aeda25e63ebd:   3% ▕                  ▏  92 MB/3.3 GB  5.3 MB/s  10m12s[K[?25h[?2026l[?2026h[?25l[A[1Gpulling manifest [K
pulling aeda25e63ebd:   3% ▕                  ▏  93 MB/3.3 GB  5.3 MB/s  10m12s[K[?25h[?2026l[?2026h[?25l[A[1Gpulling manifest [K
pulling aeda25e63ebd:   3% ▕                  ▏  93 MB/3.3 GB  5.3 MB/s  10m12s[K[?25h[?2026l[?2026h[?25l[A[1Gpulling manifest [K
pulling aeda25e63ebd:   3% ▕                  ▏  93 MB/3.3 GB  5.3 MB/s  10m12s[K[?25h[?2026l[?2026h[?25l[A[1Gpulling manifest [K
pulling aeda25e63ebd:   3% ▕                  ▏  94 MB/3.3 GB  5.3 MB/s  10m12s[K[?25h[?2026l[?2026h[?25l[A[1Gpulling manifest [K
pulling aeda25e63ebd:   3% ▕                  ▏  94 MB/3.3 GB  5.3 MB/s  10m12s[K[?25h[?2026l[?2026h[?25l[A[1Gpulling manifest [K
pulling aeda25e63ebd:   3% ▕                  ▏  95 MB/3.3 GB  5.3 MB/s  10m11s[K[?25h[?2026l[?2026h[?25l[A[1Gpulling manifest [K
pulling aeda25e63ebd:   3% ▕                  ▏  96 MB/3.3 GB  5.3 MB/s  10m11s[K[?25h[?2026l[?2026h[?25l[A[1Gpulling manifest [K
pulling aeda25e63ebd:   3% ▕                  ▏  96 MB/3.3 GB  5.3 MB/s  10m11s[K[?25h[?2026l[?2026h[?25l[A[1Gpulling manifest [K
pulling aeda25e63ebd:   3% ▕                  ▏  97 MB/3.3 GB  5.3 MB/s  10m11s[K[?25h[?2026l[?2026h[?25l[A[1Gpulling manifest [K
pulling aeda25e63ebd:   3% ▕                  ▏  97 MB/3.3 GB  5.2 MB/s  10m18s[K[?25h[?2026l[?2026h[?25l[A[1Gpulling manifest [K
pulling aeda25e63ebd:   3% ▕                  ▏  98 MB/3.3 GB  5.2 MB/s  10m18s[K[?25h[?2026l[?2026h[?25l[A[1Gpulling manifest [K
pulling aeda25e63ebd:   3% ▕                  ▏  98 MB/3.3 GB  5.2 MB/s  10m18s[K[?25h[?2026l[?2026h[?25l[A[1Gpulling manifest [K
pulling aeda25e63ebd:   3% ▕                  ▏  99 MB/3.3 GB  5.2 MB/s  10m18s[K[?25h[?2026l[?2026h[?25l[A[1Gpulling manifest [K
pulling aeda25e63ebd:   3% ▕                  ▏  99 MB/3.3 GB  5.2 MB/s  10m18s[K[?25h[?2026l[?2026h[?25l[A[1Gpulling manifest [K
pulling aeda25e63ebd:   3% ▕                  ▏ 100 MB/3.3 GB  5.2 MB/s  10m18s[K[?25h[?2026l[?2026h[?25l[A[1Gpulling manifest [K
pulling aeda25e63ebd:   3% ▕                  ▏ 100 MB/3.3 GB  5.2 MB/s  10m18s[K[?25h[?2026l[?2026h[?25l[A[1Gpulling manifest [K
pulling aeda25e63ebd:   3% ▕                  ▏ 101 MB/3.3 GB  5.2 MB/s  10m18s[K[?25h[?2026l[?2026h[?25l[A[1Gpulling manifest [K
pulling aeda25e63ebd:   3% ▕                  ▏ 101 MB/3.3 GB  5.2 MB/s  10m18s[K[?25h[?2026l[?2026h[?25l[A[1Gpulling manifest [K
pulling aeda25e63ebd:   3% ▕                  ▏ 101 MB/3.3 GB  5.2 MB/s  10m18s[K[?25h[?2026l[?2026h[?25l[A[1Gpulling manifest [K
pulling aeda25e63ebd:   3% ▕                  ▏ 102 MB/3.3 GB  5.3 MB/s  10m14s[K[?25h[?2026l[?2026h[?25l[A[1Gpulling manifest [K
pulling aeda25e63ebd:   3% ▕                  ▏ 102 MB/3.3 GB  5.3 MB/s  10m14s[K[?25h[?2026l[?2026h[?25l[A[1Gpulling manifest [K
pulling aeda25e63ebd:   3% ▕                  ▏ 103 MB/3.3 GB  5.3 MB/s  10m14s[K[?25h[?2026l[?2026h[?25l[A[1Gpulling manifest [K
pulling aeda25e63ebd:   3% ▕                  ▏ 103 MB/3.3 GB  5.3 MB/s  10m14s[K[?25h[?2026l[?2026h[?25l[A[1Gpulling manifest [K
pulling aeda25e63ebd:   3% ▕                  ▏ 104 MB/3.3 GB  5.3 MB/s  10m14s[K[?25h[?2026l[?2026h[?25l[A[1Gpulling manifest [K
pulling aeda25e63ebd:   3% ▕                  ▏ 105 MB/3.3 GB  5.3 MB/s  10m13s[K[?25h[?2026l[?2026h[?25l[A[1Gpulling manifest [K
pulling aeda25e63ebd:   3% ▕                  ▏ 105 MB/3.3 GB  5.3 MB/s  10m13s[K[?25h[?2026l[?2026h[?25l[A[1Gpulling manifest [K
pulling aeda25e63ebd:   3% ▕                  ▏ 105 MB/3.3 GB  5.3 MB/s  10m13s[K[?25h[?2026l[?2026h[?25l[A[1Gpulling manifest [K
pulling aeda25e63ebd:   3% ▕                  ▏ 106 MB/3.3 GB  5.3 MB/s  10m13s[K[?25h[?2026l[?2026h[?25l[A[1Gpulling manifest [K
pulling aeda25e63ebd:   3% ▕                  ▏ 106 MB/3.3 GB  5.3 MB/s  10m13s[K[?25h[?2026l[?2026h[?25l[A[1Gpulling manifest [K
pulling aeda25e63ebd:   3% ▕                  ▏ 106 MB/3.3 GB  5.1 MB/s  10m27s[K[?25h[?2026l[?2026h[?25l[A[1Gpulling manifest [K
pulling aeda25e63ebd:   3% ▕                  ▏ 107 MB/3.3 GB  5.1 MB/s  10m27s[K[?25h[?2026l[?2026h[?25l[A[1Gpulling manifest [K
pulling aeda25e63ebd:   3% ▕                  ▏ 107 MB/3.3 GB  5.1 MB/s  10m27s[K[?25h[?2026l[?2026h[?25l[A[1Gpulling manifest [K
pulling aeda25e63ebd:   3% ▕                  ▏ 107 MB/3.3 GB  5.1 MB/s  10m27s[K[?25h[?2026l[?2026h[?25l[A[1Gpulling manifest [K
pulling aeda25e63ebd:   3% ▕                  ▏ 107 MB/3.3 GB  5.1 MB/s  10m27s[K[?25h[?2026l[?2026h[?25l[A[1Gpulling manifest [K
pulling aeda25e63ebd:   3% ▕                  ▏ 108 MB/3.3 GB  5.1 MB/s  10m27s[K[?25h[?2026l[?2026h[?25l[A[1Gpulling manifest [K
pulling aeda25e63ebd:   3% ▕                  ▏ 108 MB/3.3 GB  5.1 MB/s  10m27s[K[?25h[?2026l[?2026h[?25l[A[1Gpulling manifest [K
pulling aeda25e63ebd:   3% ▕                  ▏ 108 MB/3.3 GB  5.1 MB/s  10m27s[K[?25h[?2026l[?2026h[?25l[A[1Gpulling manifest [K
pulling aeda25e63ebd:   3% ▕                  ▏ 108 MB/3.3 GB  5.1 MB/s  10m27s[K[?25h[?2026l[?2026h[?25l[A[1Gpulling manifest [K
pulling aeda25e63ebd:   3% ▕                  ▏ 109 MB/3.3 GB  5.1 MB/s  10m27s[K[?25h[?2026l[?2026h[?25l[A[1Gpulling manifest [K
pulling aeda25e63ebd:   3% ▕                  ▏ 110 MB/3.3 GB  4.9 MB/s   11m1s[K[?25h[?2026l[?2026h[?25l[A[1Gpulling manifest [K
pulling aeda25e63ebd:   3% ▕                  ▏ 110 MB/3.3 GB  4.9 MB/s   11m1s[K[?25h[?2026l[?2026h[?25l[A[1Gpulling manifest [K
pulling aeda25e63ebd:   3% ▕                  ▏ 111 MB/3.3 GB  4.9 MB/s   11m1s[K[?25h[?2026l[?2026h[?25l[A[1Gpulling manifest [K
pulling aeda25e63ebd:   3% ▕                  ▏ 112 MB/3.3 GB  4.9 MB/s   11m1s[K[?25h[?2026l[?2026h[?25l[A[1Gpulling manifest [K
pulling aeda25e63ebd:   3% ▕                  ▏ 112 MB/3.3 GB  4.9 MB/s   11m1s[K[?25h[?2026l[?2026h[?25l[A[1Gpulling manifest [K
pulling aeda25e63ebd:   3% ▕                  ▏ 113 MB/3.3 GB  4.9 MB/s   11m1s[K[?25h[?2026l[?2026h[?25l[A[1Gpulling manifest [K
pulling aeda25e63ebd:   3% ▕                  ▏ 113 MB/3.3 GB  4.9 MB/s   11m1s[K[?25h[?2026l[?2026h[?25l[A[1Gpulling manifest [K
pulling aeda25e63ebd:   3% ▕                  ▏ 114 MB/3.3 GB  4.9 MB/s   11m1s[K[?25h[?2026l[?2026h[?25l[A[1Gpulling manifest [K
pulling aeda25e63ebd:   3% ▕                  ▏ 114 MB/3.3 GB  4.9 MB/s   11m0s[K[?25h[?2026l[?2026h[?25l[A[1Gpulling manifest [K
pulling aeda25e63ebd:   3% ▕                  ▏ 115 MB/3.3 GB  4.9 MB/s   11m0s[K[?25h[?2026l[?2026h[?25l[A[1Gpulling manifest [K
pulling aeda25e63ebd:   3% ▕                  ▏ 116 MB/3.3 GB  4.9 MB/s   11m0s[K[?25h[?2026l[?2026h[?25l[A[1Gpulling manifest [K
pulling aeda25e63ebd:   3% ▕                  ▏ 116 MB/3.3 GB  4.9 MB/s  10m56s[K[?25h[?2026l[?2026h[?25l[A[1Gpulling manifest [K
pulling aeda25e63ebd:   4% ▕                  ▏ 117 MB/3.3 GB  4.9 MB/s  10m56s[K[?25h[?2026l[?2026h[?25l[A[1Gpulling manifest [K
pulling aeda25e63ebd:   4% ▕                  ▏ 117 MB/3.3 GB  4.9 MB/s  10m56s[K[?25h[?2026l[?2026h[?25l[A[1Gpulling manifest [K
pulling aeda25e63ebd:   4% ▕                  ▏ 118 MB/3.3 GB  4.9 MB/s  10m56s[K[?25h[?2026l[?2026h[?25l[A[1Gpulling manifest [K
pulling aeda25e63ebd:   4% ▕                  ▏ 119 MB/3.3 GB  4.9 MB/s  10m56s[K[?25h[?2026l[?2026h[?25l[A[1Gpulling manifest [K
pulling aeda25e63ebd:   4% ▕                  ▏ 119 MB/3.3 GB  4.9 MB/s  10m56s[K[?25h[?2026l[?2026h[?25l[A[1Gpulling manifest [K
pulling aeda25e63ebd:   4% ▕                  ▏ 120 MB/3.3 GB  4.9 MB/s  10m56s[K[?25h[?2026l[?2026h[?25l[A[1Gpulling manifest [K
pulling aeda25e63ebd:   4% ▕                  ▏ 121 MB/3.3 GB  4.9 MB/s  10m55s[K[?25h[?2026l[?2026h[?25l[A[1Gpulling manifest [K
pulling aeda25e63ebd:   4% ▕                  ▏ 121 MB/3.3 GB  4.9 MB/s  10m55s[K[?25h[?2026l[?2026h[?25l[A[1Gpulling manifest [K
pulling aeda25e63ebd:   4% ▕                  ▏ 122 MB/3.3 GB  4.9 MB/s  10m55s[K[?25h[?2026l[?2026h[?25l[A[1Gpulling manifest [K
pulling aeda25e63ebd:   4% ▕                  ▏ 122 MB/3.3 GB  5.0 MB/s  10m45s[K[?25h[?2026l[?2026h[?25l[A[1Gpulling manifest [K
pulling aeda25e63ebd:   4% ▕                  ▏ 123 MB/3.3 GB  5.0 MB/s  10m45s[K[?25h[?2026l[?2026h[?25l[A[1Gpulling manifest [K
pulling aeda25e63ebd:   4% ▕                  ▏ 123 MB/3.3 GB  5.0 MB/s  10m45s[K[?25h[?2026l[?2026h[?25l[A[1Gpulling manifest [K
pulling aeda25e63ebd:   4% ▕                  ▏ 123 MB/3.3 GB  5.0 MB/s  10m45s[K[?25h[?2026l[?2026h[?25l[A[1Gpulling manifest [K
pulling aeda25e63ebd:   4% ▕                  ▏ 124 MB/3.3 GB  5.0 MB/s  10m44s[K[?25h[?2026l[?2026h[?25l[A[1Gpulling manifest [K
pulling aeda25e63ebd:   4% ▕                  ▏ 125 MB/3.3 GB  5.0 MB/s  10m44s[K[?25h[?2026l[?2026h[?25l[A[1Gpulling manifest [K
pulling aeda25e63ebd:   4% ▕                  ▏ 125 MB/3.3 GB  5.0 MB/s  10m44s[K[?25h[?2026l[?2026h[?25l[A[1Gpulling manifest [K
pulling aeda25e63ebd:   4% ▕                  ▏ 125 MB/3.3 GB  5.0 MB/s  10m44s[K[?25h[?2026l[?2026h[?25l[A[1Gpulling manifest [K
pulling aeda25e63ebd:   4% ▕                  ▏ 126 MB/3.3 GB  5.0 MB/s  10m44s[K[?25h[?2026l[?2026h[?25l[A[1Gpulling manifest [K
pulling aeda25e63ebd:   4% ▕                  ▏ 126 MB/3.3 GB  5.0 MB/s  10m44s[K[?25h[?2026l[?2026h[?25l[A[1Gpulling manifest [K
pulling aeda25e63ebd:   4% ▕                  ▏ 126 MB/3.3 GB  4.8 MB/s  11m13s[K[?25h[?2026l[?2026h[?25l[A[1Gpulling manifest [K
pulling aeda25e63ebd:   4% ▕                  ▏ 126 MB/3.3 GB  4.8 MB/s  11m13s[K[?25h[?2026l[?2026h[?25l[A[1Gpulling manifest [K
pulling aeda25e63ebd:   4% ▕                  ▏ 127 MB/3.3 GB  4.8 MB/s  11m13s[K[?25h[?2026l[?2026h[?25l[A[1Gpulling manifest [K
pulling aeda25e63ebd:   4% ▕                  ▏ 128 MB/3.3 GB  4.8 MB/s  11m13s[K[?25h[?2026l[?2026h[?25l[A[1Gpulling manifest [K
pulling aeda25e63ebd:   4% ▕                  ▏ 129 MB/3.3 GB  4.8 MB/s  11m13s[K[?25h[?2026l[?2026h[?25l[A[1Gpulling manifest [K
pulling aeda25e63ebd:   4% ▕                  ▏ 129 MB/3.3 GB  4.8 MB/s  11m13s[K[?25h[?2026l[?2026h[?25l[A[1Gpulling manifest [K
pulling aeda25e63ebd:   4% ▕                  ▏ 129 MB/3.3 GB  4.8 MB/s  11m13s[K[?25h[?2026l[?2026h[?25l[A[1Gpulling manifest [K
pulling aeda25e63ebd:   4% ▕                  ▏ 130 MB/3.3 GB  4.8 MB/s  11m13s[K[?25h[?2026l[?2026h[?25l[A[1Gpulling manifest [K
pulling aeda25e63ebd:   4% ▕                  ▏ 131 MB/3.3 GB  4.8 MB/s  11m12s[K[?25h[?2026l[?2026h[?25l[A[1Gpulling manifest [K
pulling aeda25e63ebd:   4% ▕                  ▏ 131 MB/3.3 GB  4.8 MB/s  11m12s[K[?25h[?2026l[?2026h[?25l[A[1Gpulling manifest [K
pulling aeda25e63ebd:   4% ▕                  ▏ 132 MB/3.3 GB  4.9 MB/s  10m51s[K[?25h[?2026l[?2026h[?25l[A[1Gpulling manifest [K
pulling aeda25e63ebd:   4% ▕                  ▏ 132 MB/3.3 GB  4.9 MB/s  10m51s[K[?25h[?2026l[?2026h[?25l[A[1Gpulling manifest [K
pulling aeda25e63ebd:   4% ▕                  ▏ 133 MB/3.3 GB  4.9 MB/s  10m51s[K[?25h[?2026l[?2026h[?25l[A[1Gpulling manifest [K
pulling aeda25e63ebd:   4% ▕                  ▏ 134 MB/3.3 GB  4.9 MB/s  10m51s[K[?25h[?2026l[?2026h[?25l[A[1Gpulling manifest [K
pulling aeda25e63ebd:   4% ▕                  ▏ 134 MB/3.3 GB  4.9 MB/s  10m51s[K[?25h[?2026l[?2026h[?25l[A[1Gpulling manifest [K
pulling aeda25e63ebd:   4% ▕                  ▏ 134 MB/3.3 GB  4.9 MB/s  10m51s[K[?25h[?2026l[?2026h[?25l[A[1Gpulling manifest [K
pulling aeda25e63ebd:   4% ▕                  ▏ 135 MB/3.3 GB  4.9 MB/s  10m51s[K[?25h[?2026l[?2026h[?25l[A[1Gpulling manifest [K
pulling aeda25e63ebd:   4% ▕                  ▏ 136 MB/3.3 GB  4.9 MB/s  10m51s[K[?25h[?2026l[?2026h[?25l[A[1Gpulling manifest [K
pulling aeda25e63ebd:   4% ▕                  ▏ 136 MB/3.3 GB  4.9 MB/s  10m51s[K[?25h[?2026l[?2026h[?25l[A[1Gpulling manifest [K
pulling aeda25e63ebd:   4% ▕                  ▏ 137 MB/3.3 GB  4.9 MB/s  10m50s[K[?25h[?2026l[?2026h[?25l[A[1Gpulling manifest [K
pulling aeda25e63ebd:   4% ▕                  ▏ 137 MB/3.3 GB  5.0 MB/s  10m37s[K[?25h[?2026l[?2026h[?25l[A[1Gpulling manifest [K
pulling aeda25e63ebd:   4% ▕                  ▏ 138 MB/3.3 GB  5.0 MB/s  10m37s[K[?25h[?2026l[?2026h[?25l[A[1Gpulling manifest [K
pulling aeda25e63ebd:   4% ▕                  ▏ 138 MB/3.3 GB  5.0 MB/s  10m37s[K[?25h[?2026l[?2026h[?25l[A[1Gpulling manifest [K
pulling aeda25e63ebd:   4% ▕                  ▏ 139 MB/3.3 GB  5.0 MB/s  10m37s[K[?25h[?2026l[?2026h[?25l[A[1Gpulling manifest [K
pulling aeda25e63ebd:   4% ▕                  ▏ 139 MB/3.3 GB  5.0 MB/s  10m37s[K[?25h[?2026l[?2026h[?25l[A[1Gpulling manifest [K
pulling aeda25e63ebd:   4% ▕                  ▏ 140 MB/3.3 GB  5.0 MB/s  10m37s[K[?25h[?2026l[?2026h[?25l[A[1Gpulling manifest [K
pulling aeda25e63ebd:   4% ▕                  ▏ 141 MB/3.3 GB  5.0 MB/s  10m37s[K[?25h[?2026l[?2026h[?25l[A[1Gpulling manifest [K
pulling aeda25e63ebd:   4% ▕                  ▏ 141 MB/3.3 GB  5.0 MB/s  10m37s[K[?25h[?2026l[?2026h[?25l[A[1Gpulling manifest [K
pulling aeda25e63ebd:   4% ▕                  ▏ 142 MB/3.3 GB  5.0 MB/s  10m36s[K[?25h[?2026l[?2026h[?25l[A[1Gpulling manifest [K
pulling aeda25e63ebd:   4% ▕                  ▏ 143 MB/3.3 GB  5.0 MB/s  10m36s[K[?25h[?2026l[?2026h[?25l[A[1Gpulling manifest [K
pulling aeda25e63ebd:   4% ▕                  ▏ 143 MB/3.3 GB  5.0 MB/s  10m36s[K[?25h[?2026l[?2026h[?25l[A[1Gpulling manifest [K
pulling aeda25e63ebd:   4% ▕                  ▏ 144 MB/3.3 GB  5.2 MB/s  10m19s[K[?25h[?2026l[?2026h[?25l[A[1Gpulling manifest [K
pulling aeda25e63ebd:   4% ▕                  ▏ 144 MB/3.3 GB  5.2 MB/s  10m19s[K[?25h[?2026l[?2026h[?25l[A[1Gpulling manifest [K
pulling aeda25e63ebd:   4% ▕                  ▏ 145 MB/3.3 GB  5.2 MB/s  10m19s[K[?25h[?2026l[?2026h[?25l[A[1Gpulling manifest [K
pulling aeda25e63ebd:   4% ▕                  ▏ 146 MB/3.3 GB  5.2 MB/s  10m18s[K[?25h[?2026l[?2026h[?25l[A[1Gpulling manifest [K
pulling aeda25e63ebd:   4% ▕                  ▏ 146 MB/3.3 GB  5.2 MB/s  10m18s[K[?25h[?2026l[?2026h[?25l[A[1Gpulling manifest [K
pulling aeda25e63ebd:   4% ▕                  ▏ 147 MB/3.3 GB  5.2 MB/s  10m18s[K[?25h[?2026l[?2026h[?25l[A[1Gpulling manifest [K
pulling aeda25e63ebd:   4% ▕                  ▏ 147 MB/3.3 GB  5.2 MB/s  10m18s[K[?25h[?2026l[?2026h[?25l[A[1Gpulling manifest [K
pulling aeda25e63ebd:   4% ▕                  ▏ 148 MB/3.3 GB  5.2 MB/s  10m18s[K[?25h[?2026l[?2026h[?25l[A[1Gpulling manifest [K
pulling aeda25e63ebd:   4% ▕                  ▏ 149 MB/3.3 GB  5.2 MB/s  10m18s[K[?25h[?2026l[?2026h[?25l[A[1Gpulling manifest [K
pulling aeda25e63ebd:   4% ▕                  ▏ 149 MB/3.3 GB  5.2 MB/s  10m18s[K[?25h[?2026l[?2026h[?25l[A[1Gpulling manifest [K
pulling aeda25e63ebd:   5% ▕                  ▏ 150 MB/3.3 GB  5.3 MB/s   9m56s[K[?25h[?2026l[?2026h[?25l[A[1Gpulling manifest [K
pulling aeda25e63ebd:   5% ▕                  ▏ 150 MB/3.3 GB  5.3 MB/s   9m56s[K[?25h[?2026l[?2026h[?25l[A[1Gpulling manifest [K
pulling aeda25e63ebd:   5% ▕                  ▏ 151 MB/3.3 GB  5.3 MB/s   9m56s[K[?25h[?2026l[?2026h[?25l[A[1Gpulling manifest [K
pulling aeda25e63ebd:   5% ▕                  ▏ 152 MB/3.3 GB  5.3 MB/s   9m56s[K[?25h[?2026l[?2026h[?25l[A[1Gpulling manifest [K
pulling aeda25e63ebd:   5% ▕                  ▏ 152 MB/3.3 GB  5.3 MB/s   9m56s[K[?25h[?2026l[?2026h[?25l[A[1Gpulling manifest [K
pulling aeda25e63ebd:   5% ▕                  ▏ 153 MB/3.3 GB  5.3 MB/s   9m56s[K[?25h[?2026l[?2026h[?25l[A[1Gpulling manifest [K
pulling aeda25e63ebd:   5% ▕                  ▏ 153 MB/3.3 GB  5.3 MB/s   9m56s[K[?25h[?2026l[?2026h[?25l[A[1Gpulling manifest [K
pulling aeda25e63ebd:   5% ▕                  ▏ 154 MB/3.3 GB  5.3 MB/s   9m56s[K[?25h[?2026l[?2026h[?25l[A[1Gpulling manifest [K
pulling aeda25e63ebd:   5% ▕                  ▏ 154 MB/3.3 GB  5.3 MB/s   9m56s[K[?25h[?2026l[?2026h[?25l[A[1Gpulling manifest [K
pulling aeda25e63ebd:   5% ▕                  ▏ 154 MB/3.3 GB  5.3 MB/s   9m56s[K[?25h[?2026l[?2026h[?25l[A[1Gpulling manifest [K
pulling aeda25e63ebd:   5% ▕                  ▏ 154 MB/3.3 GB  5.3 MB/s   9m59s[K[?25h[?2026l[?2026h[?25l[A[1Gpulling manifest [K
pulling aeda25e63ebd:   5% ▕                  ▏ 155 MB/3.3 GB  5.3 MB/s   9m59s[K[?25h[?2026l[?2026h[?25l[A[1Gpulling manifest [K
pulling aeda25e63ebd:   5% ▕                  ▏ 156 MB/3.3 GB  5.3 MB/s   9m59s[K[?25h[?2026l[?2026h[?25l[A[1Gpulling manifest [K
pulling aeda25e63ebd:   5% ▕                  ▏ 156 MB/3.3 GB  5.3 MB/s   9m59s[K[?25h[?2026l[?2026h[?25l[A[1Gpulling manifest [K
pulling aeda25e63ebd:   5% ▕                  ▏ 157 MB/3.3 GB  5.3 MB/s   9m58s[K[?25h[?2026l[?2026h[?25l[A[1Gpulling manifest [K
pulling aeda25e63ebd:   5% ▕                  ▏ 158 MB/3.3 GB  5.3 MB/s   9m58s[K[?25h[?2026l[?2026h[?25l[A[1Gpulling manifest [K
pulling aeda25e63ebd:   5% ▕                  ▏ 158 MB/3.3 GB  5.3 MB/s   9m58s[K[?25h[?2026l[?2026h[?25l[A[1Gpulling manifest [K
pulling aeda25e63ebd:   5% ▕                  ▏ 158 MB/3.3 GB  5.3 MB/s   9m58s[K[?25h[?2026l[?2026h[?25l[A[1Gpulling manifest [K
pulling aeda25e63ebd:   5% ▕                  ▏ 159 MB/3.3 GB  5.3 MB/s   9m58s[K[?25h[?2026l[?2026h[?25l[A[1Gpulling manifest [K
pulling aeda25e63ebd:   5% ▕                  ▏ 159 MB/3.3 GB  5.3 MB/s   9m58s[K[?25h[?2026l[?2026h[?25l[A[1Gpulling manifest [K
pulling aeda25e63ebd:   5% ▕                  ▏ 160 MB/3.3 GB  5.6 MB/s   9m30s[K[?25h[?2026l[?2026h[?25l[A[1Gpulling manifest [K
pulling aeda25e63ebd:   5% ▕                  ▏ 160 MB/3.3 GB  5.6 MB/s   9m30s[K[?25h[?2026l[?2026h[?25l[A[1Gpulling manifest [K
pulling aeda25e63ebd:   5% ▕                  ▏ 161 MB/3.3 GB  5.6 MB/s   9m30s[K[?25h[?2026l[?2026h[?25l[A[1Gpulling manifest [K
pulling aeda25e63ebd:   5% ▕                  ▏ 161 MB/3.3 GB  5.6 MB/s   9m30s[K[?25h[?2026l[?2026h[?25l[A[1Gpulling manifest [K
pulling aeda25e63ebd:   5% ▕                  ▏ 162 MB/3.3 GB  5.6 MB/s   9m30s[K[?25h[?2026l[?2026h[?25l[A[1Gpulling manifest [K
pulling aeda25e63ebd:   5% ▕                  ▏ 163 MB/3.3 GB  5.6 MB/s   9m30s[K[?25h[?2026l[?2026h[?25l[A[1Gpulling manifest [K
pulling aeda25e63ebd:   5% ▕                  ▏ 163 MB/3.3 GB  5.6 MB/s   9m30s[K[?25h[?2026l[?2026h[?25l[A[1Gpulling manifest [K
pulling aeda25e63ebd:   5% ▕                  ▏ 164 MB/3.3 GB  5.6 MB/s   9m29s[K[?25h[?2026l[?2026h[?25l[A[1Gpulling manifest [K
pulling aeda25e63ebd:   5% ▕                  ▏ 164 MB/3.3 GB  5.6 MB/s   9m29s[K[?25h[?2026l[?2026h[?25l[A[1Gpulling manifest [K
pulling aeda25e63ebd:   5% ▕                  ▏ 165 MB/3.3 GB  5.6 MB/s   9m29s[K[?25h[?2026l[?2026h[?25l[A[1Gpulling manifest [K
pulling aeda25e63ebd:   5% ▕                  ▏ 166 MB/3.3 GB  5.5 MB/s   9m35s[K[?25h[?2026l[?2026h[?25l[A[1Gpulling manifest [K
pulling aeda25e63ebd:   5% ▕                  ▏ 166 MB/3.3 GB  5.5 MB/s   9m35s[K[?25h[?2026l[?2026h[?25l[A[1Gpulling manifest [K
pulling aeda25e63ebd:   5% ▕                  ▏ 167 MB/3.3 GB  5.5 MB/s   9m35s[K[?25h[?2026l[?2026h[?25l[A[1Gpulling manifest [K
pulling aeda25e63ebd:   5% ▕                  ▏ 167 MB/3.3 GB  5.5 MB/s   9m35s[K[?25h[?2026l[?2026h[?25l[A[1Gpulling manifest [K
pulling aeda25e63ebd:   5% ▕                  ▏ 168 MB/3.3 GB  5.5 MB/s   9m35s[K[?25h[?2026l[?2026h[?25l[A[1Gpulling manifest [K
pulling aeda25e63ebd:   5% ▕                  ▏ 168 MB/3.3 GB  5.5 MB/s   9m35s[K[?25h[?2026l[?2026h[?25l[A[1Gpulling manifest [K
pulling aeda25e63ebd:   5% ▕                  ▏ 169 MB/3.3 GB  5.5 MB/s   9m34s[K[?25h[?2026l[?2026h[?25l[A[1Gpulling manifest [K
pulling aeda25e63ebd:   5% ▕                  ▏ 169 MB/3.3 GB  5.5 MB/s   9m34s[K[?25h[?2026l[?2026h[?25l[A[1Gpulling manifest [K
pulling aeda25e63ebd:   5% ▕                  ▏ 170 MB/3.3 GB  5.5 MB/s   9m34s[K[?25h[?2026l[?2026h[?25l[A[1Gpulling manifest [K
pulling aeda25e63ebd:   5% ▕                  ▏ 170 MB/3.3 GB  5.5 MB/s   9m34s[K[?25h[?2026l[?2026h[?25l[A[1Gpulling manifest [K
pulling aeda25e63ebd:   5% ▕                  ▏ 170 MB/3.3 GB  5.5 MB/s   9m34s[K[?25h[?2026l[?2026h[?25l[A[1Gpulling manifest [K
pulling aeda25e63ebd:   5% ▕                  ▏ 171 MB/3.3 GB  5.4 MB/s   9m51s[K[?25h[?2026l[?2026h[?25l[A[1Gpulling manifest [K
pulling aeda25e63ebd:   5% ▕                  ▏ 171 MB/3.3 GB  5.4 MB/s   9m51s[K[?25h[?2026l[?2026h[?25l[A[1Gpulling manifest [K
pulling aeda25e63ebd:   5% ▕                  ▏ 172 MB/3.3 GB  5.4 MB/s   9m51s[K[?25h[?2026l[?2026h[?25l[A[1Gpulling manifest [K
pulling aeda25e63ebd:   5% ▕                  ▏ 172 MB/3.3 GB  5.4 MB/s   9m51s[K[?25h[?2026l[?2026h[?25l[A[1Gpulling manifest [K
pulling aeda25e63ebd:   5% ▕                  ▏ 173 MB/3.3 GB  5.4 MB/s   9m51s[K[?25h[?2026l[?2026h[?25l[A[1Gpulling manifest [K
pulling aeda25e63ebd:   5% ▕                  ▏ 173 MB/3.3 GB  5.4 MB/s   9m51s[K[?25h[?2026l[?2026h[?25l[A[1Gpulling manifest [K
pulling aeda25e63ebd:   5% ▕                  ▏ 174 MB/3.3 GB  5.4 MB/s   9m51s[K[?25h[?2026l[?2026h[?25l[A[1Gpulling manifest [K
pulling aeda25e63ebd:   5% ▕                  ▏ 175 MB/3.3 GB  5.4 MB/s   9m51s[K[?25h[?2026l[?2026h[?25l[A[1Gpulling manifest [K
pulling aeda25e63ebd:   5% ▕                  ▏ 175 MB/3.3 GB  5.4 MB/s   9m51s[K[?25h[?2026l[?2026h[?25l[A[1Gpulling manifest [K
pulling aeda25e63ebd:   5% ▕                  ▏ 176 MB/3.3 GB  5.4 MB/s   9m50s[K[?25h[?2026l[?2026h[?25l[A[1Gpulling manifest [K
pulling aeda25e63ebd:   5% ▕                  ▏ 177 MB/3.3 GB  5.6 MB/s   9m28s[K[?25h[?2026l[?2026h[?25l[A[1Gpulling manifest [K
pulling aeda25e63ebd:   5% ▕                  ▏ 177 MB/3.3 GB  5.6 MB/s   9m27s[K[?25h[?2026l[?2026h[?25l[A[1Gpulling manifest [K
pulling aeda25e63ebd:   5% ▕                  ▏ 177 MB/3.3 GB  5.6 MB/s   9m27s[K[?25h[?2026l[?2026h[?25l[A[1Gpulling manifest [K
pulling aeda25e63ebd:   5% ▕                  ▏ 178 MB/3.3 GB  5.6 MB/s   9m27s[K[?25h[?2026l[?2026h[?25l[A[1Gpulling manifest [K
pulling aeda25e63ebd:   5% ▕                  ▏ 178 MB/3.3 GB  5.6 MB/s   9m27s[K[?25h[?2026l[?2026h[?25l[A[1Gpulling manifest [K
pulling aeda25e63ebd:   5% ▕                  ▏ 179 MB/3.3 GB  5.6 MB/s   9m27s[K[?25h[?2026l[?2026h[?25l[A[1Gpulling manifest [K
pulling aeda25e63ebd:   5% ▕                  ▏ 180 MB/3.3 GB  5.6 MB/s   9m27s[K[?25h[?2026l[?2026h[?25l[A[1Gpulling manifest [K
pulling aeda25e63ebd:   5% ▕                  ▏ 180 MB/3.3 GB  5.6 MB/s   9m27s[K[?25h[?2026l[?2026h[?25l[A[1Gpulling manifest [K
pulling aeda25e63ebd:   5% ▕                  ▏ 181 MB/3.3 GB  5.6 MB/s   9m27s[K[?25h[?2026l[?2026h[?25l[A[1Gpulling manifest [K
pulling aeda25e63ebd:   5% ▕                  ▏ 182 MB/3.3 GB  5.6 MB/s   9m27s[K[?25h[?2026l[?2026h[?25l[A[1Gpulling manifest [K
pulling aeda25e63ebd:   5% ▕                  ▏ 182 MB/3.3 GB  5.6 MB/s   9m25s[K[?25h[?2026l[?2026h[?25l[A[1Gpulling manifest [K
pulling aeda25e63ebd:   5% ▕                  ▏ 182 MB/3.3 GB  5.6 MB/s   9m25s[K[?25h[?2026l[?2026h[?25l[A[1Gpulling manifest [K
pulling aeda25e63ebd:   5% ▕                  ▏ 183 MB/3.3 GB  5.6 MB/s   9m25s[K[?25h[?2026l[?2026h[?25l[A[1Gpulling manifest [K
pulling aeda25e63ebd:   6% ▕                  ▏ 183 MB/3.3 GB  5.6 MB/s   9m25s[K[?25h[?2026l[?2026h[?25l[A[1Gpulling manifest [K
pulling aeda25e63ebd:   6% ▕                  ▏ 184 MB/3.3 GB  5.6 MB/s   9m25s[K[?25h[?2026l[?2026h[?25l[A[1Gpulling manifest [K
pulling aeda25e63ebd:   6% ▕                  ▏ 184 MB/3.3 GB  5.6 MB/s   9m25s[K[?25h[?2026l[?2026h[?25l[A[1Gpulling manifest [K
pulling aeda25e63ebd:   6% ▕                  ▏ 185 MB/3.3 GB  5.6 MB/s   9m24s[K[?25h[?2026l[?2026h[?25l[A[1Gpulling manifest [K
pulling aeda25e63ebd:   6% ▕█                 ▏ 185 MB/3.3 GB  5.6 MB/s   9m24s[K[?25h[?2026l[?2026h[?25l[A[1Gpulling manifest [K
pulling aeda25e63ebd:   6% ▕█                 ▏ 186 MB/3.3 GB  5.6 MB/s   9m24s[K[?25h[?2026l[?2026h[?25l[A[1Gpulling manifest [K
pulling aeda25e63ebd:   6% ▕█                 ▏ 186 MB/3.3 GB  5.6 MB/s   9m24s[K[?25h[?2026l[?2026h[?25l[A[1Gpulling manifest [K
pulling aeda25e63ebd:   6% ▕█                 ▏ 187 MB/3.3 GB  5.5 MB/s   9m35s[K[?25h[?2026l[?2026h[?25l[A[1Gpulling manifest [K
pulling aeda25e63ebd:   6% ▕█                 ▏ 188 MB/3.3 GB  5.5 MB/s   9m35s[K[?25h[?2026l[?2026h[?25l[A[1Gpulling manifest [K
pulling aeda25e63ebd:   6% ▕█                 ▏ 188 MB/3.3 GB  5.5 MB/s   9m35s[K[?25h[?2026l[?2026h[?25l[A[1Gpulling manifest [K
pulling aeda25e63ebd:   6% ▕█                 ▏ 189 MB/3.3 GB  5.5 MB/s   9m35s[K[?25h[?2026l[?2026h[?25l[A[1Gpulling manifest [K
pulling aeda25e63ebd:   6% ▕█                 ▏ 189 MB/3.3 GB  5.5 MB/s   9m35s[K[?25h[?2026l[?2026h[?25l[A[1Gpulling manifest [K
pulling aeda25e63ebd:   6% ▕█                 ▏ 190 MB/3.3 GB  5.5 MB/s   9m34s[K[?25h[?2026l[?2026h[?25l[A[1Gpulling manifest [K
pulling aeda25e63ebd:   6% ▕█                 ▏ 190 MB/3.3 GB  5.5 MB/s   9m34s[K[?25h[?2026l[?2026h[?25l[A[1Gpulling manifest [K
pulling aeda25e63ebd:   6% ▕█                 ▏ 191 MB/3.3 GB  5.5 MB/s   9m34s[K[?25h[?2026l[?2026h[?25l[A[1Gpulling manifest [K
pulling aeda25e63ebd:   6% ▕█                 ▏ 191 MB/3.3 GB  5.5 MB/s   9m34s[K[?25h[?2026l[?2026h[?25l[A[1Gpulling manifest [K
pulling aeda25e63ebd:   6% ▕█                 ▏ 192 MB/3.3 GB  5.5 MB/s   9m34s[K[?25h[?2026l[?2026h[?25l[A[1Gpulling manifest [K
pulling aeda25e63ebd:   6% ▕█                 ▏ 192 MB/3.3 GB  5.4 MB/s   9m37s[K[?25h[?2026l[?2026h[?25l[A[1Gpulling manifest [K
pulling aeda25e63ebd:   6% ▕█                 ▏ 193 MB/3.3 GB  5.4 MB/s   9m37s[K[?25h[?2026l[?2026h[?25l[A[1Gpulling manifest [K
pulling aeda25e63ebd:   6% ▕█                 ▏ 193 MB/3.3 GB  5.4 MB/s   9m37s[K[?25h[?2026l[?2026h[?25l[A[1Gpulling manifest [K
pulling aeda25e63ebd:   6% ▕█                 ▏ 194 MB/3.3 GB  5.4 MB/s   9m37s[K[?25h[?2026l[?2026h[?25l[A[1Gpulling manifest [K
pulling aeda25e63ebd:   6% ▕█                 ▏ 194 MB/3.3 GB  5.4 MB/s   9m37s[K[?25h[?2026l[?2026h[?25l[A[1Gpulling manifest [K
pulling aeda25e63ebd:   6% ▕█                 ▏ 195 MB/3.3 GB  5.4 MB/s   9m37s[K[?25h[?2026l[?2026h[?25l[A[1Gpulling manifest [K
pulling aeda25e63ebd:   6% ▕█                 ▏ 196 MB/3.3 GB  5.4 MB/s   9m37s[K[?25h[?2026l[?2026h[?25l[A[1Gpulling manifest [K
pulling aeda25e63ebd:   6% ▕█                 ▏ 196 MB/3.3 GB  5.4 MB/s   9m37s[K[?25h[?2026l[?2026h[?25l[A[1Gpulling manifest [K
pulling aeda25e63ebd:   6% ▕█                 ▏ 197 MB/3.3 GB  5.4 MB/s   9m37s[K[?25h[?2026l[?2026h[?25l[A[1Gpulling manifest [K
pulling aeda25e63ebd:   6% ▕█                 ▏ 198 MB/3.3 GB  5.4 MB/s   9m36s[K[?25h[?2026l[?2026h[?25l[A[1Gpulling manifest [K
pulling aeda25e63ebd:   6% ▕█                 ▏ 198 MB/3.3 GB  5.4 MB/s   9m36s[K[?25h[?2026l[?2026h[?25l[A[1Gpulling manifest [K
pulling aeda25e63ebd:   6% ▕█                 ▏ 199 MB/3.3 GB  5.4 MB/s   9m43s[K[?25h[?2026l[?2026h[?25l[A[1Gpulling manifest [K
pulling aeda25e63ebd:   6% ▕█                 ▏ 199 MB/3.3 GB  5.4 MB/s   9m42s[K[?25h[?2026l[?2026h[?25l[A[1Gpulling manifest [K
pulling aeda25e63ebd:   6% ▕█                 ▏ 199 MB/3.3 GB  5.4 MB/s   9m42s[K[?25h[?2026l[?2026h[?25l[A[1Gpulling manifest [K
pulling aeda25e63ebd:   6% ▕█                 ▏ 200 MB/3.3 GB  5.4 MB/s   9m42s[K[?25h[?2026l[?2026h[?25l[A[1Gpulling manifest [K
pulling aeda25e63ebd:   6% ▕█                 ▏ 201 MB/3.3 GB  5.4 MB/s   9m42s[K[?25h[?2026l[?2026h[?25l[A[1Gpulling manifest [K
pulling aeda25e63ebd:   6% ▕█                 ▏ 201 MB/3.3 GB  5.4 MB/s   9m42s[K[?25h[?2026l[?2026h[?25l[A[1Gpulling manifest [K
pulling aeda25e63ebd:   6% ▕█                 ▏ 201 MB/3.3 GB  5.4 MB/s   9m42s[K[?25h[?2026l[?2026h[?25l[A[1Gpulling manifest [K
pulling aeda25e63ebd:   6% ▕█                 ▏ 201 MB/3.3 GB  5.4 MB/s   9m42s[K[?25h[?2026l[?2026h[?25l[A[1Gpulling manifest [K
pulling aeda25e63ebd:   6% ▕█                 ▏ 202 MB/3.3 GB  5.4 MB/s   9m42s[K[?25h[?2026l[?2026h[?25l[A[1Gpulling manifest [K
pulling aeda25e63ebd:   6% ▕█                 ▏ 203 MB/3.3 GB  5.4 MB/s   9m42s[K[?25h[?2026l[?2026h[?25l[A[1Gpulling manifest [K
pulling aeda25e63ebd:   6% ▕█                 ▏ 203 MB/3.3 GB  5.4 MB/s   9m37s[K[?25h[?2026l[?2026h[?25l[A[1Gpulling manifest [K
pulling aeda25e63ebd:   6% ▕█                 ▏ 203 MB/3.3 GB  5.4 MB/s   9m37s[K[?25h[?2026l[?2026h[?25l[A[1Gpulling manifest [K
pulling aeda25e63ebd:   6% ▕█                 ▏ 204 MB/3.3 GB  5.4 MB/s   9m37s[K[?25h[?2026l[?2026h[?25l[A[1Gpulling manifest [K
pulling aeda25e63ebd:   6% ▕█                 ▏ 204 MB/3.3 GB  5.4 MB/s   9m37s[K[?25h[?2026l[?2026h[?25l[A[1Gpulling manifest [K
pulling aeda25e63ebd:   6% ▕█                 ▏ 205 MB/3.3 GB  5.4 MB/s   9m37s[K[?25h[?2026l[?2026h[?25l[A[1Gpulling manifest [K
pulling aeda25e63ebd:   6% ▕█                 ▏ 205 MB/3.3 GB  5.4 MB/s   9m37s[K[?25h[?2026l[?2026h[?25l[A[1Gpulling manifest [K
pulling aeda25e63ebd:   6% ▕█                 ▏ 205 MB/3.3 GB  5.4 MB/s   9m37s[K[?25h[?2026l[?2026h[?25l[A[1Gpulling manifest [K
pulling aeda25e63ebd:   6% ▕█                 ▏ 206 MB/3.3 GB  5.4 MB/s   9m37s[K[?25h[?2026l[?2026h[?25l[A[1Gpulling manifest [K
pulling aeda25e63ebd:   6% ▕█                 ▏ 207 MB/3.3 GB  5.4 MB/s   9m37s[K[?25h[?2026l[?2026h[?25l[A[1Gpulling manifest [K
pulling aeda25e63ebd:   6% ▕█                 ▏ 207 MB/3.3 GB  5.4 MB/s   9m36s[K[?25h[?2026l[?2026h[?25l[A[1Gpulling manifest [K
pulling aeda25e63ebd:   6% ▕█                 ▏ 207 MB/3.3 GB  5.3 MB/s   9m53s[K[?25h[?2026l[?2026h[?25l[A[1Gpulling manifest [K
pulling aeda25e63ebd:   6% ▕█                 ▏ 208 MB/3.3 GB  5.3 MB/s   9m53s[K[?25h[?2026l[?2026h[?25l[A[1Gpulling manifest [K
pulling aeda25e63ebd:   6% ▕█                 ▏ 209 MB/3.3 GB  5.3 MB/s   9m53s[K[?25h[?2026l[?2026h[?25l[A[1Gpulling manifest [K
pulling aeda25e63ebd:   6% ▕█                 ▏ 209 MB/3.3 GB  5.3 MB/s   9m53s[K[?25h[?2026l[?2026h[?25l[A[1Gpulling manifest [K
pulling aeda25e63ebd:   6% ▕█                 ▏ 210 MB/3.3 GB  5.3 MB/s   9m53s[K[?25h[?2026l[?2026h[?25l[A[1Gpulling manifest [K
pulling aeda25e63ebd:   6% ▕█                 ▏ 210 MB/3.3 GB  5.3 MB/s   9m52s[K[?25h[?2026l[?2026h[?25l[A[1Gpulling manifest [K
pulling aeda25e63ebd:   6% ▕█                 ▏ 210 MB/3.3 GB  5.3 MB/s   9m52s[K[?25h[?2026l[?2026h[?25l[A[1Gpulling manifest [K
pulling aeda25e63ebd:   6% ▕█                 ▏ 211 MB/3.3 GB  5.3 MB/s   9m52s[K[?25h[?2026l[?2026h[?25l[A[1Gpulling manifest [K
pulling aeda25e63ebd:   6% ▕█                 ▏ 211 MB/3.3 GB  5.3 MB/s   9m52s[K[?25h[?2026l[?2026h[?25l[A[1Gpulling manifest [K
pulling aeda25e63ebd:   6% ▕█                 ▏ 212 MB/3.3 GB  5.3 MB/s   9m52s[K[?25h[?2026l[?2026h[?25l[A[1Gpulling manifest [K
pulling aeda25e63ebd:   6% ▕█                 ▏ 212 MB/3.3 GB  5.2 MB/s   9m59s[K[?25h[?2026l[?2026h[?25l[A[1Gpulling manifest [K
pulling aeda25e63ebd:   6% ▕█                 ▏ 213 MB/3.3 GB  5.2 MB/s   9m59s[K[?25h[?2026l[?2026h[?25l[A[1Gpulling manifest [K
pulling aeda25e63ebd:   6% ▕█                 ▏ 214 MB/3.3 GB  5.2 MB/s   9m59s[K[?25h[?2026l[?2026h[?25l[A[1Gpulling manifest [K
pulling aeda25e63ebd:   6% ▕█                 ▏ 214 MB/3.3 GB  5.2 MB/s   9m59s[K[?25h[?2026l[?2026h[?25l[A[1Gpulling manifest [K
pulling aeda25e63ebd:   6% ▕█                 ▏ 215 MB/3.3 GB  5.2 MB/s   9m59s[K[?25h[?2026l[?2026h[?25l[A[1Gpulling manifest [K
pulling aeda25e63ebd:   6% ▕█                 ▏ 215 MB/3.3 GB  5.2 MB/s   9m59s[K[?25h[?2026l[?2026h[?25l[A[1Gpulling manifest [K
pulling aeda25e63ebd:   6% ▕█                 ▏ 216 MB/3.3 GB  5.2 MB/s   9m59s[K[?25h[?2026l[?2026h[?25l[A[1Gpulling manifest [K
pulling aeda25e63ebd:   7% ▕█                 ▏ 217 MB/3.3 GB  5.2 MB/s   9m58s[K[?25h[?2026l[?2026h[?25l[A[1Gpulling manifest [K
pulling aeda25e63ebd:   7% ▕█                 ▏ 217 MB/3.3 GB  5.2 MB/s   9m58s[K[?25h[?2026l[?2026h[?25l[A[1Gpulling manifest [K
pulling aeda25e63ebd:   7% ▕█                 ▏ 218 MB/3.3 GB  5.2 MB/s   9m58s[K[?25h[?2026l[?2026h[?25l[A[1Gpulling manifest [K
pulling aeda25e63ebd:   7% ▕█                 ▏ 218 MB/3.3 GB  5.3 MB/s   9m44s[K[?25h[?2026l[?2026h[?25l[A[1Gpulling manifest [K
pulling aeda25e63ebd:   7% ▕█                 ▏ 219 MB/3.3 GB  5.3 MB/s   9m44s[K[?25h[?2026l[?2026h[?25l[A[1Gpulling manifest [K
pulling aeda25e63ebd:   7% ▕█                 ▏ 219 MB/3.3 GB  5.3 MB/s   9m44s[K[?25h[?2026l[?2026h[?25l[A[1Gpulling manifest [K
pulling aeda25e63ebd:   7% ▕█                 ▏ 220 MB/3.3 GB  5.3 MB/s   9m44s[K[?25h[?2026l[?2026h[?25l[A[1Gpulling manifest [K
pulling aeda25e63ebd:   7% ▕█                 ▏ 220 MB/3.3 GB  5.3 MB/s   9m44s[K[?25h[?2026l[?2026h[?25l[A[1Gpulling manifest [K
pulling aeda25e63ebd:   7% ▕█                 ▏ 221 MB/3.3 GB  5.3 MB/s   9m44s[K[?25h[?2026l[?2026h[?25l[A[1Gpulling manifest [K
pulling aeda25e63ebd:   7% ▕█                 ▏ 222 MB/3.3 GB  5.3 MB/s   9m44s[K[?25h[?2026l[?2026h[?25l[A[1Gpulling manifest [K
pulling aeda25e63ebd:   7% ▕█                 ▏ 222 MB/3.3 GB  5.3 MB/s   9m44s[K[?25h[?2026l[?2026h[?25l[A[1Gpulling manifest [K
pulling aeda25e63ebd:   7% ▕█                 ▏ 223 MB/3.3 GB  5.3 MB/s   9m44s[K[?25h[?2026l[?2026h[?25l[A[1Gpulling manifest [K
pulling aeda25e63ebd:   7% ▕█                 ▏ 224 MB/3.3 GB  5.3 MB/s   9m43s[K[?25h[?2026l[?2026h[?25l[A[1Gpulling manifest [K
pulling aeda25e63ebd:   7% ▕█                 ▏ 224 MB/3.3 GB  5.3 MB/s   9m43s[K[?25h[?2026l[?2026h[?25l[A[1Gpulling manifest [K
pulling aeda25e63ebd:   7% ▕█                 ▏ 224 MB/3.3 GB  5.3 MB/s   9m49s[K[?25h[?2026l[?2026h[?25l[A[1Gpulling manifest [K
pulling aeda25e63ebd:   7% ▕█                 ▏ 224 MB/3.3 GB  5.3 MB/s   9m49s[K[?25h[?2026l[?2026h[?25l[A[1Gpulling manifest [K
pulling aeda25e63ebd:   7% ▕█                 ▏ 224 MB/3.3 GB  5.3 MB/s   9m49s[K[?25h[?2026l[?2026h[?25l[A[1Gpulling manifest [K
pulling aeda25e63ebd:   7% ▕█                 ▏ 225 MB/3.3 GB  5.3 MB/s   9m49s[K[?25h[?2026l[?2026h[?25l[A[1Gpulling manifest [K
pulling aeda25e63ebd:   7% ▕█                 ▏ 226 MB/3.3 GB  5.3 MB/s   9m49s[K[?25h[?2026l[?2026h[?25l[A[1Gpulling manifest [K
pulling aeda25e63ebd:   7% ▕█                 ▏ 226 MB/3.3 GB  5.3 MB/s   9m49s[K[?25h[?2026l[?2026h[?25l[A[1Gpulling manifest [K
pulling aeda25e63ebd:   7% ▕█                 ▏ 226 MB/3.3 GB  5.3 MB/s   9m49s[K[?25h[?2026l[?2026h[?25l[A[1Gpulling manifest [K
pulling aeda25e63ebd:   7% ▕█                 ▏ 227 MB/3.3 GB  5.3 MB/s   9m49s[K[?25h[?2026l[?2026h[?25l[A[1Gpulling manifest [K
pulling aeda25e63ebd:   7% ▕█                 ▏ 227 MB/3.3 GB  5.3 MB/s   9m49s[K[?25h[?2026l[?2026h[?25l[A[1Gpulling manifest [K
pulling aeda25e63ebd:   7% ▕█                 ▏ 228 MB/3.3 GB  5.3 MB/s   9m49s[K[?25h[?2026l[?2026h[?25l[A[1Gpulling manifest [K
pulling aeda25e63ebd:   7% ▕█                 ▏ 228 MB/3.3 GB  5.1 MB/s   10m7s[K[?25h[?2026l[?2026h[?25l[A[1Gpulling manifest [K
pulling aeda25e63ebd:   7% ▕█                 ▏ 228 MB/3.3 GB  5.1 MB/s   10m6s[K[?25h[?2026l[?2026h[?25l[A[1Gpulling manifest [K
pulling aeda25e63ebd:   7% ▕█                 ▏ 229 MB/3.3 GB  5.1 MB/s   10m6s[K[?25h[?2026l[?2026h[?25l[A[1Gpulling manifest [K
pulling aeda25e63ebd:   7% ▕█                 ▏ 230 MB/3.3 GB  5.1 MB/s   10m6s[K[?25h[?2026l[?2026h[?25l[A[1Gpulling manifest [K
pulling aeda25e63ebd:   7% ▕█                 ▏ 230 MB/3.3 GB  5.1 MB/s   10m6s[K[?25h[?2026l[?2026h[?25l[A[1Gpulling manifest [K
pulling aeda25e63ebd:   7% ▕█                 ▏ 231 MB/3.3 GB  5.1 MB/s   10m6s[K[?25h[?2026l[?2026h[?25l[A[1Gpulling manifest [K
pulling aeda25e63ebd:   7% ▕█                 ▏ 231 MB/3.3 GB  5.1 MB/s   10m6s[K[?25h[?2026l[?2026h[?25l[A[1Gpulling manifest [K
pulling aeda25e63ebd:   7% ▕█                 ▏ 231 MB/3.3 GB  5.1 MB/s   10m6s[K[?25h[?2026l[?2026h[?25l[A[1Gpulling manifest [K
pulling aeda25e63ebd:   7% ▕█                 ▏ 232 MB/3.3 GB  5.1 MB/s   10m6s[K[?25h[?2026l[?2026h[?25l[A[1Gpulling manifest [K
pulling aeda25e63ebd:   7% ▕█                 ▏ 233 MB/3.3 GB  5.1 MB/s   10m6s[K[?25h[?2026l[?2026h[?25l[A[1Gpulling manifest [K
pulling aeda25e63ebd:   7% ▕█                 ▏ 233 MB/3.3 GB  5.1 MB/s   10m4s[K[?25h[?2026l[?2026h[?25l[A[1Gpulling manifest [K
pulling aeda25e63ebd:   7% ▕█                 ▏ 234 MB/3.3 GB  5.1 MB/s   10m4s[K[?25h[?2026l[?2026h[?25l[A[1Gpulling manifest [K
pulling aeda25e63ebd:   7% ▕█                 ▏ 234 MB/3.3 GB  5.1 MB/s   10m4s[K[?25h[?2026l[?2026h[?25l[A[1Gpulling manifest [K
pulling aeda25e63ebd:   7% ▕█                 ▏ 234 MB/3.3 GB  5.1 MB/s   10m4s[K[?25h[?2026l[?2026h[?25l[A[1Gpulling manifest [K
pulling aeda25e63ebd:   7% ▕█                 ▏ 235 MB/3.3 GB  5.1 MB/s   10m4s[K[?25h[?2026l[?2026h[?25l[A[1Gpulling manifest [K
pulling aeda25e63ebd:   7% ▕█                 ▏ 236 MB/3.3 GB  5.1 MB/s   10m4s[K[?25h[?2026l[?2026h[?25l[A[1Gpulling manifest [K
pulling aeda25e63ebd:   7% ▕█                 ▏ 236 MB/3.3 GB  5.1 MB/s   10m4s[K[?25h[?2026l[?2026h[?25l[A[1Gpulling manifest [K
pulling aeda25e63ebd:   7% ▕█                 ▏ 237 MB/3.3 GB  5.1 MB/s   10m4s[K[?25h[?2026l[?2026h[?25l[A[1Gpulling manifest [K
pulling aeda25e63ebd:   7% ▕█                 ▏ 237 MB/3.3 GB  5.1 MB/s   10m4s[K[?25h[?2026l[?2026h[?25l[A[1Gpulling manifest [K
pulling aeda25e63ebd:   7% ▕█                 ▏ 238 MB/3.3 GB  5.1 MB/s   10m4s[K[?25h[?2026l[?2026h[?25l[A[1Gpulling manifest [K
pulling aeda25e63ebd:   7% ▕█                 ▏ 238 MB/3.3 GB  5.1 MB/s   10m8s[K[?25h[?2026l[?2026h[?25l[A[1Gpulling manifest [K
pulling aeda25e63ebd:   7% ▕█                 ▏ 239 MB/3.3 GB  5.1 MB/s   10m8s[K[?25h[?2026l[?2026h[?25l[A[1Gpulling manifest [K
pulling aeda25e63ebd:   7% ▕█                 ▏ 239 MB/3.3 GB  5.1 MB/s   10m8s[K[?25h[?2026l[?2026h[?25l[A[1Gpulling manifest [K
pulling aeda25e63ebd:   7% ▕█                 ▏ 239 MB/3.3 GB  5.1 MB/s   10m8s[K[?25h[?2026l[?2026h[?25l[A[1Gpulling manifest [K
pulling aeda25e63ebd:   7% ▕█                 ▏ 240 MB/3.3 GB  5.1 MB/s   10m8s[K[?25h[?2026l[?2026h[?25l[A[1Gpulling manifest [K
pulling aeda25e63ebd:   7% ▕█                 ▏ 240 MB/3.3 GB  5.1 MB/s   10m8s[K[?25h[?2026l[?2026h[?25l[A[1Gpulling manifest [K
pulling aeda25e63ebd:   7% ▕█                 ▏ 241 MB/3.3 GB  5.1 MB/s   10m7s[K[?25h[?2026l[?2026h[?25l[A[1Gpulling manifest [K
pulling aeda25e63ebd:   7% ▕█                 ▏ 242 MB/3.3 GB  5.1 MB/s   10m7s[K[?25h[?2026l[?2026h[?25l[A[1Gpulling manifest [K
pulling aeda25e63ebd:   7% ▕█                 ▏ 242 MB/3.3 GB  5.1 MB/s   10m7s[K[?25h[?2026l[?2026h[?25l[A[1Gpulling manifest [K
pulling aeda25e63ebd:   7% ▕█                 ▏ 242 MB/3.3 GB  5.1 MB/s   10m7s[K[?25h[?2026l[?2026h[?25l[A[1Gpulling manifest [K
pulling aeda25e63ebd:   7% ▕█                 ▏ 243 MB/3.3 GB  5.0 MB/s  10m16s[K[?25h[?2026l[?2026h[?25l[A[1Gpulling manifest [K
pulling aeda25e63ebd:   7% ▕█                 ▏ 244 MB/3.3 GB  5.0 MB/s  10m16s[K[?25h[?2026l[?2026h[?25l[A[1Gpulling manifest [K
pulling aeda25e63ebd:   7% ▕█                 ▏ 244 MB/3.3 GB  5.0 MB/s  10m16s[K[?25h[?2026l[?2026h[?25l[A[1Gpulling manifest [K
pulling aeda25e63ebd:   7% ▕█                 ▏ 244 MB/3.3 GB  5.0 MB/s  10m16s[K[?25h[?2026l[?2026h[?25l[A[1Gpulling manifest [K
pulling aeda25e63ebd:   7% ▕█                 ▏ 245 MB/3.3 GB  5.0 MB/s  10m16s[K[?25h[?2026l[?2026h[?25l[A[1Gpulling manifest [K
pulling aeda25e63ebd:   7% ▕█                 ▏ 245 MB/3.3 GB  5.0 MB/s  10m16s[K[?25h[?2026l[?2026h[?25l[A[1Gpulling manifest [K
pulling aeda25e63ebd:   7% ▕█                 ▏ 246 MB/3.3 GB  5.0 MB/s  10m16s[K[?25h[?2026l[?2026h[?25l[A[1Gpulling manifest [K
pulling aeda25e63ebd:   7% ▕█                 ▏ 246 MB/3.3 GB  5.0 MB/s  10m16s[K[?25h[?2026l[?2026h[?25l[A[1Gpulling manifest [K
pulling aeda25e63ebd:   7% ▕█                 ▏ 246 MB/3.3 GB  5.0 MB/s  10m16s[K[?25h[?2026l[?2026h[?25l[A[1Gpulling manifest [K
pulling aeda25e63ebd:   7% ▕█                 ▏ 246 MB/3.3 GB  5.0 MB/s  10m16s[K[?25h[?2026l[?2026h[?25l[A[1Gpulling manifest [K
pulling aeda25e63ebd:   7% ▕█                 ▏ 247 MB/3.3 GB  5.0 MB/s  10m16s[K[?25h[?2026l[?2026h[?25l[A[1Gpulling manifest [K
pulling aeda25e63ebd:   7% ▕█                 ▏ 249 MB/3.3 GB  5.0 MB/s  10m13s[K[?25h[?2026l[?2026h[?25l[A[1Gpulling manifest [K
pulling aeda25e63ebd:   7% ▕█                 ▏ 249 MB/3.3 GB  5.0 MB/s  10m13s[K[?25h[?2026l[?2026h[?25l[A[1Gpulling manifest [K
pulling aeda25e63ebd:   7% ▕█                 ▏ 250 MB/3.3 GB  5.0 MB/s  10m13s[K[?25h[?2026l[?2026h[?25l[A[1Gpulling manifest [K
pulling aeda25e63ebd:   8% ▕█                 ▏ 250 MB/3.3 GB  5.0 MB/s  10m13s[K[?25h[?2026l[?2026h[?25l[A[1Gpulling manifest [K
pulling aeda25e63ebd:   8% ▕█                 ▏ 251 MB/3.3 GB  5.0 MB/s  10m13s[K[?25h[?2026l[?2026h[?25l[A[1Gpulling manifest [K
pulling aeda25e63ebd:   8% ▕█                 ▏ 251 MB/3.3 GB  5.0 MB/s  10m13s[K[?25h[?2026l[?2026h[?25l[A[1Gpulling manifest [K
pulling aeda25e63ebd:   8% ▕█                 ▏ 252 MB/3.3 GB  5.0 MB/s  10m13s[K[?25h[?2026l[?2026h[?25l[A[1Gpulling manifest [K
pulling aeda25e63ebd:   8% ▕█                 ▏ 253 MB/3.3 GB  5.0 MB/s  10m13s[K[?25h[?2026l[?2026h[?25l[A[1Gpulling manifest [K
pulling aeda25e63ebd:   8% ▕█                 ▏ 253 MB/3.3 GB  5.0 MB/s  10m12s[K[?25h[?2026l[?2026h[?25l[A[1Gpulling manifest [K
pulling aeda25e63ebd:   8% ▕█                 ▏ 254 MB/3.3 GB  5.0 MB/s  10m12s[K[?25h[?2026l[?2026h[?25l[A[1Gpulling manifest [K
pulling aeda25e63ebd:   8% ▕█                 ▏ 255 MB/3.3 GB  5.2 MB/s   9m51s[K[?25h[?2026l[?2026h[?25l[A[1Gpulling manifest [K
pulling aeda25e63ebd:   8% ▕█                 ▏ 255 MB/3.3 GB  5.2 MB/s   9m51s[K[?25h[?2026l[?2026h[?25l[A[1Gpulling manifest [K
pulling aeda25e63ebd:   8% ▕█                 ▏ 256 MB/3.3 GB  5.2 MB/s   9m51s[K[?25h[?2026l[?2026h[?25l[A[1Gpulling manifest [K
pulling aeda25e63ebd:   8% ▕█                 ▏ 256 MB/3.3 GB  5.2 MB/s   9m51s[K[?25h[?2026l[?2026h[?25l[A[1Gpulling manifest [K
pulling aeda25e63ebd:   8% ▕█                 ▏ 257 MB/3.3 GB  5.2 MB/s   9m51s[K[?25h[?2026l[?2026h[?25l[A[1Gpulling manifest [K
pulling aeda25e63ebd:   8% ▕█                 ▏ 257 MB/3.3 GB  5.2 MB/s   9m51s[K[?25h[?2026l[?2026h[?25l[A[1Gpulling manifest [K
pulling aeda25e63ebd:   8% ▕█                 ▏ 258 MB/3.3 GB  5.2 MB/s   9m51s[K[?25h[?2026l[?2026h[?25l[A[1Gpulling manifest [K
pulling aeda25e63ebd:   8% ▕█                 ▏ 258 MB/3.3 GB  5.2 MB/s   9m51s[K[?25h[?2026l[?2026h[?25l[A[1Gpulling manifest [K
pulling aeda25e63ebd:   8% ▕█                 ▏ 258 MB/3.3 GB  5.2 MB/s   9m50s[K[?25h[?2026l[?2026h[?25l[A[1Gpulling manifest [K
pulling aeda25e63ebd:   8% ▕█                 ▏ 258 MB/3.3 GB  5.2 MB/s   9m50s[K[?25h[?2026l[?2026h[?25l[A[1Gpulling manifest [K
pulling aeda25e63ebd:   8% ▕█                 ▏ 259 MB/3.3 GB  5.1 MB/s   10m1s[K[?25h[?2026l[?2026h[?25l[A[1Gpulling manifest [K
pulling aeda25e63ebd:   8% ▕█                 ▏ 259 MB/3.3 GB  5.1 MB/s   10m1s[K[?25h[?2026l[?2026h[?25l[A[1Gpulling manifest [K
pulling aeda25e63ebd:   8% ▕█                 ▏ 260 MB/3.3 GB  5.1 MB/s   10m1s[K[?25h[?2026l[?2026h[?25l[A[1Gpulling manifest [K
pulling aeda25e63ebd:   8% ▕█                 ▏ 260 MB/3.3 GB  5.1 MB/s   10m1s[K[?25h[?2026l[?2026h[?25l[A[1Gpulling manifest [K
pulling aeda25e63ebd:   8% ▕█                 ▏ 261 MB/3.3 GB  5.1 MB/s   10m1s[K[?25h[?2026l[?2026h[?25l[A[1Gpulling manifest [K
pulling aeda25e63ebd:   8% ▕█                 ▏ 261 MB/3.3 GB  5.1 MB/s   10m0s[K[?25h[?2026l[?2026h[?25l[A[1Gpulling manifest [K
pulling aeda25e63ebd:   8% ▕█                 ▏ 262 MB/3.3 GB  5.1 MB/s   10m0s[K[?25h[?2026l[?2026h[?25l[A[1Gpulling manifest [K
pulling aeda25e63ebd:   8% ▕█                 ▏ 262 MB/3.3 GB  5.1 MB/s   10m0s[K[?25h[?2026l[?2026h[?25l[A[1Gpulling manifest [K
pulling aeda25e63ebd:   8% ▕█                 ▏ 262 MB/3.3 GB  5.1 MB/s   10m0s[K[?25h[?2026l[?2026h[?25l[A[1Gpulling manifest [K
pulling aeda25e63ebd:   8% ▕█                 ▏ 262 MB/3.3 GB  5.1 MB/s   10m0s[K[?25h[?2026l[?2026h[?25l[A[1Gpulling manifest [K
pulling aeda25e63ebd:   8% ▕█                 ▏ 262 MB/3.3 GB  4.9 MB/s  10m30s[K[?25h[?2026l[?2026h[?25l[A[1Gpulling manifest [K
pulling aeda25e63ebd:   8% ▕█                 ▏ 264 MB/3.3 GB  4.9 MB/s  10m30s[K[?25h[?2026l[?2026h[?25l[A[1Gpulling manifest [K
pulling aeda25e63ebd:   8% ▕█                 ▏ 264 MB/3.3 GB  4.9 MB/s  10m30s[K[?25h[?2026l[?2026h[?25l[A[1Gpulling manifest [K
pulling aeda25e63ebd:   8% ▕█                 ▏ 265 MB/3.3 GB  4.9 MB/s  10m30s[K[?25h[?2026l[?2026h[?25l[A[1Gpulling manifest [K
pulling aeda25e63ebd:   8% ▕█                 ▏ 265 MB/3.3 GB  4.9 MB/s  10m30s[K[?25h[?2026l[?2026h[?25l[A[1Gpulling manifest [K
pulling aeda25e63ebd:   8% ▕█                 ▏ 265 MB/3.3 GB  4.9 MB/s  10m30s[K[?25h[?2026l[?2026h[?25l[A[1Gpulling manifest [K
pulling aeda25e63ebd:   8% ▕█                 ▏ 265 MB/3.3 GB  4.9 MB/s  10m30s[K[?25h[?2026l[?2026h[?25l[A[1Gpulling manifest [K
pulling aeda25e63ebd:   8% ▕█                 ▏ 267 MB/3.3 GB  4.9 MB/s  10m29s[K[?25h[?2026l[?2026h[?25l[A[1Gpulling manifest [K
pulling aeda25e63ebd:   8% ▕█                 ▏ 267 MB/3.3 GB  4.9 MB/s  10m29s[K[?25h[?2026l[?2026h[?25l[A[1Gpulling manifest [K
pulling aeda25e63ebd:   8% ▕█                 ▏ 268 MB/3.3 GB  4.9 MB/s  10m29s[K[?25h[?2026l[?2026h[?25l[A[1Gpulling manifest [K
pulling aeda25e63ebd:   8% ▕█                 ▏ 268 MB/3.3 GB  5.0 MB/s  10m18s[K[?25h[?2026l[?2026h[?25l[A[1Gpulling manifest [K
pulling aeda25e63ebd:   8% ▕█                 ▏ 269 MB/3.3 GB  5.0 MB/s  10m18s[K[?25h[?2026l[?2026h[?25l[A[1Gpulling manifest [K
pulling aeda25e63ebd:   8% ▕█                 ▏ 269 MB/3.3 GB  5.0 MB/s  10m18s[K[?25h[?2026l[?2026h[?25l[A[1Gpulling manifest [K
pulling aeda25e63ebd:   8% ▕█                 ▏ 270 MB/3.3 GB  5.0 MB/s  10m18s[K[?25h[?2026l[?2026h[?25l[A[1Gpulling manifest [K
pulling aeda25e63ebd:   8% ▕█                 ▏ 270 MB/3.3 GB  5.0 MB/s  10m18s[K[?25h[?2026l[?2026h[?25l[A[1Gpulling manifest [K
pulling aeda25e63ebd:   8% ▕█                 ▏ 271 MB/3.3 GB  5.0 MB/s  10m18s[K[?25h[?2026l[?2026h[?25l[A[1Gpulling manifest [K
pulling aeda25e63ebd:   8% ▕█                 ▏ 272 MB/3.3 GB  5.0 MB/s  10m17s[K[?25h[?2026l[?2026h[?25l[A[1Gpulling manifest [K
pulling aeda25e63ebd:   8% ▕█                 ▏ 272 MB/3.3 GB  5.0 MB/s  10m17s[K[?25h[?2026l[?2026h[?25l[A[1Gpulling manifest [K
pulling aeda25e63ebd:   8% ▕█                 ▏ 273 MB/3.3 GB  5.0 MB/s  10m17s[K[?25h[?2026l[?2026h[?25l[A[1Gpulling manifest [K
pulling aeda25e63ebd:   8% ▕█                 ▏ 274 MB/3.3 GB  5.0 MB/s  10m17s[K[?25h[?2026l[?2026h[?25l[A[1Gpulling manifest [K
pulling aeda25e63ebd:   8% ▕█                 ▏ 274 MB/3.3 GB  5.0 MB/s  10m17s[K[?25h[?2026l[?2026h[?25l[A[1Gpulling manifest [K
pulling aeda25e63ebd:   8% ▕█                 ▏ 275 MB/3.3 GB  5.2 MB/s   9m53s[K[?25h[?2026l[?2026h[?25l[A[1Gpulling manifest [K
pulling aeda25e63ebd:   8% ▕█                 ▏ 275 MB/3.3 GB  5.2 MB/s   9m53s[K[?25h[?2026l[?2026h[?25l[A[1Gpulling manifest [K
pulling aeda25e63ebd:   8% ▕█                 ▏ 276 MB/3.3 GB  5.2 MB/s   9m53s[K[?25h[?2026l[?2026h[?25l[A[1Gpulling manifest [K
pulling aeda25e63ebd:   8% ▕█                 ▏ 276 MB/3.3 GB  5.2 MB/s   9m53s[K[?25h[?2026l[?2026h[?25l[A[1Gpulling manifest [K
pulling aeda25e63ebd:   8% ▕█                 ▏ 277 MB/3.3 GB  5.2 MB/s   9m53s[K[?25h[?2026l[?2026h[?25l[A[1Gpulling manifest [K
pulling aeda25e63ebd:   8% ▕█                 ▏ 277 MB/3.3 GB  5.2 MB/s   9m53s[K[?25h[?2026l[?2026h[?25l[A[1Gpulling manifest [K
pulling aeda25e63ebd:   8% ▕█                 ▏ 277 MB/3.3 GB  5.2 MB/s   9m53s[K[?25h[?2026l[?2026h[?25l[A[1Gpulling manifest [K
pulling aeda25e63ebd:   8% ▕█                 ▏ 278 MB/3.3 GB  5.2 MB/s   9m53s[K[?25h[?2026l[?2026h[?25l[A[1Gpulling manifest [K
pulling aeda25e63ebd:   8% ▕█                 ▏ 278 MB/3.3 GB  5.2 MB/s   9m53s[K[?25h[?2026l[?2026h[?25l[A[1Gpulling manifest [K
pulling aeda25e63ebd:   8% ▕█                 ▏ 279 MB/3.3 GB  5.2 MB/s   9m53s[K[?25h[?2026l[?2026h[?25l[A[1Gpulling manifest [K
pulling aeda25e63ebd:   8% ▕█                 ▏ 280 MB/3.3 GB  5.2 MB/s   9m51s[K[?25h[?2026l[?2026h[?25l[A[1Gpulling manifest [K
pulling aeda25e63ebd:   8% ▕█                 ▏ 280 MB/3.3 GB  5.2 MB/s   9m51s[K[?25h[?2026l[?2026h[?25l[A[1Gpulling manifest [K
pulling aeda25e63ebd:   8% ▕█                 ▏ 280 MB/3.3 GB  5.2 MB/s   9m51s[K[?25h[?2026l[?2026h[?25l[A[1Gpulling manifest [K
pulling aeda25e63ebd:   8% ▕█                 ▏ 281 MB/3.3 GB  5.2 MB/s   9m51s[K[?25h[?2026l[?2026h[?25l[A[1Gpulling manifest [K
pulling aeda25e63ebd:   8% ▕█                 ▏ 282 MB/3.3 GB  5.2 MB/s   9m51s[K[?25h[?2026l[?2026h[?25l[A[1Gpulling manifest [K
pulling aeda25e63ebd:   8% ▕█                 ▏ 282 MB/3.3 GB  5.2 MB/s   9m51s[K[?25h[?2026l[?2026h[?25l[A[1Gpulling manifest [K
pulling aeda25e63ebd:   8% ▕█                 ▏ 282 MB/3.3 GB  5.2 MB/s   9m51s[K[?25h[?2026l[?2026h[?25l[A[1Gpulling manifest [K
pulling aeda25e63ebd:   8% ▕█                 ▏ 283 MB/3.3 GB  5.2 MB/s   9m51s[K[?25h[?2026l[?2026h[?25l[A[1Gpulling manifest [K
pulling aeda25e63ebd:   8% ▕█                 ▏ 283 MB/3.3 GB  5.2 MB/s   9m50s[K[?25h[?2026l[?2026h[?25l[A[1Gpulling manifest [K
pulling aeda25e63ebd:   9% ▕█                 ▏ 284 MB/3.3 GB  5.2 MB/s   9m50s[K[?25h[?2026l[?2026h[?25l[A[1Gpulling manifest [K
pulling aeda25e63ebd:   9% ▕█                 ▏ 284 MB/3.3 GB  5.1 MB/s   10m0s[K[?25h[?2026l[?2026h[?25l[A[1Gpulling manifest [K
pulling aeda25e63ebd:   9% ▕█                 ▏ 285 MB/3.3 GB  5.1 MB/s   10m0s[K[?25h[?2026l[?2026h[?25l[A[1Gpulling manifest [K
pulling aeda25e63ebd:   9% ▕█                 ▏ 285 MB/3.3 GB  5.1 MB/s   10m0s[K[?25h[?2026l[?2026h[?25l[A[1Gpulling manifest [K
pulling aeda25e63ebd:   9% ▕█                 ▏ 286 MB/3.3 GB  5.1 MB/s   10m0s[K[?25h[?2026l[?2026h[?25l[A[1Gpulling manifest [K
pulling aeda25e63ebd:   9% ▕█                 ▏ 286 MB/3.3 GB  5.1 MB/s   10m0s[K[?25h[?2026l[?2026h[?25l[A[1Gpulling manifest [K
pulling aeda25e63ebd:   9% ▕█                 ▏ 287 MB/3.3 GB  5.1 MB/s   10m0s[K[?25h[?2026l[?2026h[?25l[A[1Gpulling manifest [K
pulling aeda25e63ebd:   9% ▕█                 ▏ 287 MB/3.3 GB  5.1 MB/s   10m0s[K[?25h[?2026l[?2026h[?25l[A[1Gpulling manifest [K
pulling aeda25e63ebd:   9% ▕█                 ▏ 288 MB/3.3 GB  5.1 MB/s   9m59s[K[?25h[?2026l[?2026h[?25l[A[1Gpulling manifest [K
pulling aeda25e63ebd:   9% ▕█                 ▏ 288 MB/3.3 GB  5.1 MB/s   9m59s[K[?25h[?2026l[?2026h[?25l[A[1Gpulling manifest [K
pulling aeda25e63ebd:   9% ▕█                 ▏ 288 MB/3.3 GB  5.1 MB/s   9m59s[K[?25h[?2026l[?2026h[?25l[A[1Gpulling manifest [K
pulling aeda25e63ebd:   9% ▕█                 ▏ 289 MB/3.3 GB  5.1 MB/s   9m56s[K[?25h[?2026l[?2026h[?25l[A[1Gpulling manifest [K
pulling aeda25e63ebd:   9% ▕█                 ▏ 290 MB/3.3 GB  5.1 MB/s   9m56s[K[?25h[?2026l[?2026h[?25l[A[1Gpulling manifest [K
pulling aeda25e63ebd:   9% ▕█                 ▏ 290 MB/3.3 GB  5.1 MB/s   9m56s[K[?25h[?2026l[?2026h[?25l[A[1Gpulling manifest [K
pulling aeda25e63ebd:   9% ▕█                 ▏ 291 MB/3.3 GB  5.1 MB/s   9m56s[K[?25h[?2026l[?2026h[?25l[A[1Gpulling manifest [K
pulling aeda25e63ebd:   9% ▕█                 ▏ 291 MB/3.3 GB  5.1 MB/s   9m56s[K[?25h[?2026l[?2026h[?25l[A[1Gpulling manifest [K
pulling aeda25e63ebd:   9% ▕█                 ▏ 292 MB/3.3 GB  5.1 MB/s   9m56s[K[?25h[?2026l[?2026h[?25l[A[1Gpulling manifest [K
pulling aeda25e63ebd:   9% ▕█                 ▏ 292 MB/3.3 GB  5.1 MB/s   9m56s[K[?25h[?2026l[?2026h[?25l[A[1Gpulling manifest [K
pulling aeda25e63ebd:   9% ▕█                 ▏ 293 MB/3.3 GB  5.1 MB/s   9m56s[K[?25h[?2026l[?2026h[?25l[A[1Gpulling manifest [K
pulling aeda25e63ebd:   9% ▕█                 ▏ 294 MB/3.3 GB  5.1 MB/s   9m56s[K[?25h[?2026l[?2026h[?25l[A[1Gpulling manifest [K
pulling aeda25e63ebd:   9% ▕█                 ▏ 294 MB/3.3 GB  5.1 MB/s   9m55s[K[?25h[?2026l[?2026h[?25l[A[1Gpulling manifest [K
pulling aeda25e63ebd:   9% ▕█                 ▏ 295 MB/3.3 GB  5.2 MB/s   9m45s[K[?25h[?2026l[?2026h[?25l[A[1Gpulling manifest [K
pulling aeda25e63ebd:   9% ▕█                 ▏ 295 MB/3.3 GB  5.2 MB/s   9m45s[K[?25h[?2026l[?2026h[?25l[A[1Gpulling manifest [K
pulling aeda25e63ebd:   9% ▕█                 ▏ 296 MB/3.3 GB  5.2 MB/s   9m45s[K[?25h[?2026l[?2026h[?25l[A[1Gpulling manifest [K
pulling aeda25e63ebd:   9% ▕█                 ▏ 297 MB/3.3 GB  5.2 MB/s   9m45s[K[?25h[?2026l[?2026h[?25l[A[1Gpulling manifest [K
pulling aeda25e63ebd:   9% ▕█                 ▏ 297 MB/3.3 GB  5.2 MB/s   9m45s[K[?25h[?2026l[?2026h[?25l[A[1Gpulling manifest [K
pulling aeda25e63ebd:   9% ▕█                 ▏ 298 MB/3.3 GB  5.2 MB/s   9m44s[K[?25h[?2026l[?2026h[?25l[A[1Gpulling manifest [K
pulling aeda25e63ebd:   9% ▕█                 ▏ 299 MB/3.3 GB  5.2 MB/s   9m44s[K[?25h[?2026l[?2026h[?25l[A[1Gpulling manifest [K
pulling aeda25e63ebd:   9% ▕█                 ▏ 299 MB/3.3 GB  5.2 MB/s   9m44s[K[?25h[?2026l[?2026h[?25l[A[1Gpulling manifest [K
pulling aeda25e63ebd:   9% ▕█                 ▏ 300 MB/3.3 GB  5.2 MB/s   9m44s[K[?25h[?2026l[?2026h[?25l[A[1Gpulling manifest [K
pulling aeda25e63ebd:   9% ▕█                 ▏ 300 MB/3.3 GB  5.2 MB/s   9m44s[K[?25h[?2026l[?2026h[?25l[A[1Gpulling manifest [K
pulling aeda25e63ebd:   9% ▕█                 ▏ 301 MB/3.3 GB  5.2 MB/s   9m44s[K[?25h[?2026l[?2026h[?25l[A[1Gpulling manifest [K
pulling aeda25e63ebd:   9% ▕█                 ▏ 301 MB/3.3 GB  5.2 MB/s   9m45s[K[?25h[?2026l[?2026h[?25l[A[1Gpulling manifest [K
pulling aeda25e63ebd:   9% ▕█                 ▏ 302 MB/3.3 GB  5.2 MB/s   9m45s[K[?25h[?2026l[?2026h[?25l[A[1Gpulling manifest [K
pulling aeda25e63ebd:   9% ▕█                 ▏ 302 MB/3.3 GB  5.2 MB/s   9m45s[K[?25h[?2026l[?2026h[?25l[A[1Gpulling manifest [K
pulling aeda25e63ebd:   9% ▕█                 ▏ 303 MB/3.3 GB  5.2 MB/s   9m44s[K[?25h[?2026l[?2026h[?25l[A[1Gpulling manifest [K
pulling aeda25e63ebd:   9% ▕█                 ▏ 304 MB/3.3 GB  5.2 MB/s   9m44s[K[?25h[?2026l[?2026h[?25l[A[1Gpulling manifest [K
pulling aeda25e63ebd:   9% ▕█                 ▏ 304 MB/3.3 GB  5.2 MB/s   9m44s[K[?25h[?2026l[?2026h[?25l[A[1Gpulling manifest [K
pulling aeda25e63ebd:   9% ▕█                 ▏ 305 MB/3.3 GB  5.2 MB/s   9m44s[K[?25h[?2026l[?2026h[?25l[A[1Gpulling manifest [K
pulling aeda25e63ebd:   9% ▕█                 ▏ 306 MB/3.3 GB  5.2 MB/s   9m44s[K[?25h[?2026l[?2026h[?25l[A[1Gpulling manifest [K
pulling aeda25e63ebd:   9% ▕█                 ▏ 306 MB/3.3 GB  5.2 MB/s   9m44s[K[?25h[?2026l[?2026h[?25l[A[1Gpulling manifest [K
pulling aeda25e63ebd:   9% ▕█                 ▏ 306 MB/3.3 GB  5.2 MB/s   9m44s[K[?25h[?2026l[?2026h[?25l[A[1Gpulling manifest [K
pulling aeda25e63ebd:   9% ▕█                 ▏ 307 MB/3.3 GB  5.4 MB/s   9m25s[K[?25h[?2026l[?2026h[?25l[A[1Gpulling manifest [K
pulling aeda25e63ebd:   9% ▕█                 ▏ 307 MB/3.3 GB  5.4 MB/s   9m25s[K[?25h[?2026l[?2026h[?25l[A[1Gpulling manifest [K
pulling aeda25e63ebd:   9% ▕█                 ▏ 308 MB/3.3 GB  5.4 MB/s   9m25s[K[?25h[?2026l[?2026h[?25l[A[1Gpulling manifest [K
pulling aeda25e63ebd:   9% ▕█                 ▏ 308 MB/3.3 GB  5.4 MB/s   9m25s[K[?25h[?2026l[?2026h[?25l[A[1Gpulling manifest [K
pulling aeda25e63ebd:   9% ▕█                 ▏ 309 MB/3.3 GB  5.4 MB/s   9m25s[K[?25h[?2026l[?2026h[?25l[A[1Gpulling manifest [K
pulling aeda25e63ebd:   9% ▕█                 ▏ 309 MB/3.3 GB  5.4 MB/s   9m25s[K[?25h[?2026l[?2026h[?25l[A[1Gpulling manifest [K
pulling aeda25e63ebd:   9% ▕█                 ▏ 310 MB/3.3 GB  5.4 MB/s   9m25s[K[?25h[?2026l[?2026h[?25l[A[1Gpulling manifest [K
pulling aeda25e63ebd:   9% ▕█                 ▏ 310 MB/3.3 GB  5.4 MB/s   9m25s[K[?25h[?2026l[?2026h[?25l[A[1Gpulling manifest [K
pulling aeda25e63ebd:   9% ▕█                 ▏ 311 MB/3.3 GB  5.4 MB/s   9m25s[K[?25h[?2026l[?2026h[?25l[A[1Gpulling manifest [K
pulling aeda25e63ebd:   9% ▕█                 ▏ 311 MB/3.3 GB  5.4 MB/s   9m25s[K[?25h[?2026l[?2026h[?25l[A[1Gpulling manifest [K
pulling aeda25e63ebd:   9% ▕█                 ▏ 311 MB/3.3 GB  5.4 MB/s   9m20s[K[?25h[?2026l[?2026h[?25l[A[1Gpulling manifest [K
pulling aeda25e63ebd:   9% ▕█                 ▏ 312 MB/3.3 GB  5.4 MB/s   9m20s[K[?25h[?2026l[?2026h[?25l[A[1Gpulling manifest [K
pulling aeda25e63ebd:   9% ▕█                 ▏ 312 MB/3.3 GB  5.4 MB/s   9m20s[K[?25h[?2026l[?2026h[?25l[A[1Gpulling manifest [K
pulling aeda25e63ebd:   9% ▕█                 ▏ 312 MB/3.3 GB  5.4 MB/s   9m20s[K[?25h[?2026l[?2026h[?25l[A[1Gpulling manifest [K
pulling aeda25e63ebd:   9% ▕█                 ▏ 313 MB/3.3 GB  5.4 MB/s   9m20s[K[?25h[?2026l[?2026h[?25l[A[1Gpulling manifest [K
pulling aeda25e63ebd:   9% ▕█                 ▏ 314 MB/3.3 GB  5.4 MB/s   9m20s[K[?25h[?2026l[?2026h[?25l[A[1Gpulling manifest [K
pulling aeda25e63ebd:   9% ▕█                 ▏ 314 MB/3.3 GB  5.4 MB/s   9m20s[K[?25h[?2026l[?2026h[?25l[A[1Gpulling manifest [K
pulling aeda25e63ebd:   9% ▕█                 ▏ 315 MB/3.3 GB  5.4 MB/s   9m20s[K[?25h[?2026l[?2026h[?25l[A[1Gpulling manifest [K
pulling aeda25e63ebd:   9% ▕█                 ▏ 315 MB/3.3 GB  5.4 MB/s   9m20s[K[?25h[?2026l[?2026h[?25l[A[1Gpulling manifest [K
pulling aeda25e63ebd:   9% ▕█                 ▏ 316 MB/3.3 GB  5.4 MB/s   9m20s[K[?25h[?2026l[?2026h[?25l[A[1Gpulling manifest [K
pulling aeda25e63ebd:   9% ▕█                 ▏ 316 MB/3.3 GB  5.3 MB/s   9m27s[K[?25h[?2026l[?2026h[?25l[A[1Gpulling manifest [K
pulling aeda25e63ebd:  10% ▕█                 ▏ 317 MB/3.3 GB  5.3 MB/s   9m27s[K[?25h[?2026l[?2026h[?25l[A[1Gpulling manifest [K
pulling aeda25e63ebd:  10% ▕█                 ▏ 317 MB/3.3 GB  5.3 MB/s   9m27s[K[?25h[?2026l[?2026h[?25l[A[1Gpulling manifest [K
pulling aeda25e63ebd:  10% ▕█                 ▏ 318 MB/3.3 GB  5.3 MB/s   9m27s[K[?25h[?2026l[?2026h[?25l[A[1Gpulling manifest [K
pulling aeda25e63ebd:  10% ▕█                 ▏ 318 MB/3.3 GB  5.3 MB/s   9m27s[K[?25h[?2026l[?2026h[?25l[A[1Gpulling manifest [K
pulling aeda25e63ebd:  10% ▕█                 ▏ 319 MB/3.3 GB  5.3 MB/s   9m27s[K[?25h[?2026l[?2026h[?25l[A[1Gpulling manifest [K
pulling aeda25e63ebd:  10% ▕█                 ▏ 319 MB/3.3 GB  5.3 MB/s   9m26s[K[?25h[?2026l[?2026h[?25l[A[1Gpulling manifest [K
pulling aeda25e63ebd:  10% ▕█                 ▏ 320 MB/3.3 GB  5.3 MB/s   9m26s[K[?25h[?2026l[?2026h[?25l[A[1Gpulling manifest [K
pulling aeda25e63ebd:  10% ▕█                 ▏ 321 MB/3.3 GB  5.3 MB/s   9m26s[K[?25h[?2026l[?2026h[?25l[A[1Gpulling manifest [K
pulling aeda25e63ebd:  10% ▕█                 ▏ 321 MB/3.3 GB  5.3 MB/s   9m26s[K[?25h[?2026l[?2026h[?25l[A[1Gpulling manifest [K
pulling aeda25e63ebd:  10% ▕█                 ▏ 322 MB/3.3 GB  5.3 MB/s   9m32s[K[?25h[?2026l[?2026h[?25l[A[1Gpulling manifest [K
pulling aeda25e63ebd:  10% ▕█                 ▏ 322 MB/3.3 GB  5.3 MB/s   9m32s[K[?25h[?2026l[?2026h[?25l[A[1Gpulling manifest [K
pulling aeda25e63ebd:  10% ▕█                 ▏ 323 MB/3.3 GB  5.3 MB/s   9m32s[K[?25h[?2026l[?2026h[?25l[A[1Gpulling manifest [K
pulling aeda25e63ebd:  10% ▕█                 ▏ 323 MB/3.3 GB  5.3 MB/s   9m32s[K[?25h[?2026l[?2026h[?25l[A[1Gpulling manifest [K
pulling aeda25e63ebd:  10% ▕█                 ▏ 323 MB/3.3 GB  5.3 MB/s   9m32s[K[?25h[?2026l[?2026h[?25l[A[1Gpulling manifest [K
pulling aeda25e63ebd:  10% ▕█                 ▏ 323 MB/3.3 GB  5.3 MB/s   9m32s[K[?25h[?2026l[?2026h[?25l[A[1Gpulling manifest [K
pulling aeda25e63ebd:  10% ▕█                 ▏ 323 MB/3.3 GB  5.3 MB/s   9m32s[K[?25h[?2026l[?2026h[?25l[A[1Gpulling manifest [K
pulling aeda25e63ebd:  10% ▕█                 ▏ 323 MB/3.3 GB  5.3 MB/s   9m32s[K[?25h[?2026l[?2026h[?25l[A[1Gpulling manifest [K
pulling aeda25e63ebd:  10% ▕█                 ▏ 323 MB/3.3 GB  5.3 MB/s   9m32s[K[?25h[?2026l[?2026h[?25l[A[1Gpulling manifest [K
pulling aeda25e63ebd:  10% ▕█                 ▏ 327 MB/3.3 GB  5.3 MB/s   9m31s[K[?25h[?2026l[?2026h[?25l[A[1Gpulling manifest [K
pulling aeda25e63ebd:  10% ▕█                 ▏ 327 MB/3.3 GB  5.3 MB/s   9m31s[K[?25h[?2026l[?2026h[?25l[A[1Gpulling manifest [K
pulling aeda25e63ebd:  10% ▕█                 ▏ 328 MB/3.3 GB  5.3 MB/s   9m24s[K[?25h[?2026l[?2026h[?25l[A[1Gpulling manifest [K
pulling aeda25e63ebd:  10% ▕█                 ▏ 329 MB/3.3 GB  5.3 MB/s   9m24s[K[?25h[?2026l[?2026h[?25l[A[1Gpulling manifest [K
pulling aeda25e63ebd:  10% ▕█                 ▏ 329 MB/3.3 GB  5.3 MB/s   9m24s[K[?25h[?2026l[?2026h[?25l[A[1Gpulling manifest [K
pulling aeda25e63ebd:  10% ▕█                 ▏ 329 MB/3.3 GB  5.3 MB/s   9m24s[K[?25h[?2026l[?2026h[?25l[A[1Gpulling manifest [K
pulling aeda25e63ebd:  10% ▕█                 ▏ 329 MB/3.3 GB  5.3 MB/s   9m24s[K[?25h[?2026l[?2026h[?25l[A[1Gpulling manifest [K
pulling aeda25e63ebd:  10% ▕█                 ▏ 330 MB/3.3 GB  5.3 MB/s   9m24s[K[?25h[?2026l[?2026h[?25l[A[1Gpulling manifest [K
pulling aeda25e63ebd:  10% ▕█                 ▏ 330 MB/3.3 GB  5.3 MB/s   9m23s[K[?25h[?2026l[?2026h[?25l[A[1Gpulling manifest [K
pulling aeda25e63ebd:  10% ▕█                 ▏ 331 MB/3.3 GB  5.3 MB/s   9m23s[K[?25h[?2026l[?2026h[?25l[A[1Gpulling manifest [K
pulling aeda25e63ebd:  10% ▕█                 ▏ 331 MB/3.3 GB  5.3 MB/s   9m23s[K[?25h[?2026l[?2026h[?25l[A[1Gpulling manifest [K
pulling aeda25e63ebd:  10% ▕█                 ▏ 332 MB/3.3 GB  5.3 MB/s   9m23s[K[?25h[?2026l[?2026h[?25l[A[1Gpulling manifest [K
pulling aeda25e63ebd:  10% ▕█                 ▏ 333 MB/3.3 GB  5.4 MB/s   9m18s[K[?25h[?2026l[?2026h[?25l[A[1Gpulling manifest [K
pulling aeda25e63ebd:  10% ▕█                 ▏ 333 MB/3.3 GB  5.4 MB/s   9m18s[K[?25h[?2026l[?2026h[?25l[A[1Gpulling manifest [K
pulling aeda25e63ebd:  10% ▕█                 ▏ 334 MB/3.3 GB  5.4 MB/s   9m18s[K[?25h[?2026l[?2026h[?25l[A[1Gpulling manifest [K
pulling aeda25e63ebd:  10% ▕█                 ▏ 334 MB/3.3 GB  5.4 MB/s   9m18s[K[?25h[?2026l[?2026h[?25l[A[1Gpulling manifest [K
pulling aeda25e63ebd:  10% ▕█                 ▏ 335 MB/3.3 GB  5.4 MB/s   9m18s[K[?25h[?2026l[?2026h[?25l[A[1Gpulling manifest [K
pulling aeda25e63ebd:  10% ▕█                 ▏ 335 MB/3.3 GB  5.4 MB/s   9m17s[K[?25h[?2026l[?2026h[?25l[A[1Gpulling manifest [K
pulling aeda25e63ebd:  10% ▕█                 ▏ 336 MB/3.3 GB  5.4 MB/s   9m17s[K[?25h[?2026l[?2026h[?25l[A[1Gpulling manifest [K
pulling aeda25e63ebd:  10% ▕█                 ▏ 336 MB/3.3 GB  5.4 MB/s   9m17s[K[?25h[?2026l[?2026h[?25l[A[1Gpulling manifest [K
pulling aeda25e63ebd:  10% ▕█                 ▏ 337 MB/3.3 GB  5.4 MB/s   9m17s[K[?25h[?2026l[?2026h[?25l[A[1Gpulling manifest [K
pulling aeda25e63ebd:  10% ▕█                 ▏ 337 MB/3.3 GB  5.4 MB/s   9m17s[K[?25h[?2026l[?2026h[?25l[A[1Gpulling manifest [K
pulling aeda25e63ebd:  10% ▕█                 ▏ 338 MB/3.3 GB  5.4 MB/s   9m16s[K[?25h[?2026l[?2026h[?25l[A[1Gpulling manifest [K
pulling aeda25e63ebd:  10% ▕█                 ▏ 338 MB/3.3 GB  5.4 MB/s   9m16s[K[?25h[?2026l[?2026h[?25l[A[1Gpulling manifest [K
pulling aeda25e63ebd:  10% ▕█                 ▏ 338 MB/3.3 GB  5.4 MB/s   9m16s[K[?25h[?2026l[?2026h[?25l[A[1Gpulling manifest [K
pulling aeda25e63ebd:  10% ▕█                 ▏ 339 MB/3.3 GB  5.4 MB/s   9m16s[K[?25h[?2026l[?2026h[?25l[A[1Gpulling manifest [K
pulling aeda25e63ebd:  10% ▕█                 ▏ 340 MB/3.3 GB  5.4 MB/s   9m16s[K[?25h[?2026l[?2026h[?25l[A[1Gpulling manifest [K
pulling aeda25e63ebd:  10% ▕█                 ▏ 340 MB/3.3 GB  5.4 MB/s   9m16s[K[?25h[?2026l[?2026h[?25l[A[1Gpulling manifest [K
pulling aeda25e63ebd:  10% ▕█                 ▏ 341 MB/3.3 GB  5.4 MB/s   9m16s[K[?25h[?2026l[?2026h[?25l[A[1Gpulling manifest [K
pulling aeda25e63ebd:  10% ▕█                 ▏ 341 MB/3.3 GB  5.4 MB/s   9m16s[K[?25h[?2026l[?2026h[?25l[A[1Gpulling manifest [K
pulling aeda25e63ebd:  10% ▕█                 ▏ 342 MB/3.3 GB  5.4 MB/s   9m15s[K[?25h[?2026l[?2026h[?25l[A[1Gpulling manifest [K
pulling aeda25e63ebd:  10% ▕█                 ▏ 342 MB/3.3 GB  5.4 MB/s   9m15s[K[?25h[?2026l[?2026h[?25l[A[1Gpulling manifest [K
pulling aeda25e63ebd:  10% ▕█                 ▏ 343 MB/3.3 GB  5.3 MB/s   9m22s[K[?25h[?2026l[?2026h[?25l[A[1Gpulling manifest [K
pulling aeda25e63ebd:  10% ▕█                 ▏ 344 MB/3.3 GB  5.3 MB/s   9m22s[K[?25h[?2026l[?2026h[?25l[A[1Gpulling manifest [K
pulling aeda25e63ebd:  10% ▕█                 ▏ 344 MB/3.3 GB  5.3 MB/s   9m22s[K[?25h[?2026l[?2026h[?25l[A[1Gpulling manifest [K
pulling aeda25e63ebd:  10% ▕█                 ▏ 345 MB/3.3 GB  5.3 MB/s   9m22s[K[?25h[?2026l[?2026h[?25l[A[1Gpulling manifest [K
pulling aeda25e63ebd:  10% ▕█                 ▏ 345 MB/3.3 GB  5.3 MB/s   9m22s[K[?25h[?2026l[?2026h[?25l[A[1Gpulling manifest [K
pulling aeda25e63ebd:  10% ▕█                 ▏ 346 MB/3.3 GB  5.3 MB/s   9m22s[K[?25h[?2026l[?2026h[?25l[A[1Gpulling manifest [K
pulling aeda25e63ebd:  10% ▕█                 ▏ 346 MB/3.3 GB  5.3 MB/s   9m22s[K[?25h[?2026l[?2026h[?25l[A[1Gpulling manifest [K
pulling aeda25e63ebd:  10% ▕█                 ▏ 347 MB/3.3 GB  5.3 MB/s   9m22s[K[?25h[?2026l[?2026h[?25l[A[1Gpulling manifest [K
pulling aeda25e63ebd:  10% ▕█                 ▏ 347 MB/3.3 GB  5.3 MB/s   9m22s[K[?25h[?2026l[?2026h[?25l[A[1Gpulling manifest [K
pulling aeda25e63ebd:  10% ▕█                 ▏ 348 MB/3.3 GB  5.3 MB/s   9m22s[K[?25h[?2026l[?2026h[?25l[A[1Gpulling manifest [K
pulling aeda25e63ebd:  10% ▕█                 ▏ 349 MB/3.3 GB  5.3 MB/s   9m23s[K[?25h[?2026l[?2026h[?25l[A[1Gpulling manifest [K
pulling aeda25e63ebd:  10% ▕█                 ▏ 349 MB/3.3 GB  5.3 MB/s   9m23s[K[?25h[?2026l[?2026h[?25l[A[1Gpulling manifest [K
pulling aeda25e63ebd:  10% ▕█                 ▏ 350 MB/3.3 GB  5.3 MB/s   9m23s[K[?25h[?2026l[?2026h[?25l[A[1Gpulling manifest [K
pulling aeda25e63ebd:  11% ▕█                 ▏ 350 MB/3.3 GB  5.3 MB/s   9m23s[K[?25h[?2026l[?2026h[?25l[A[1Gpulling manifest [K
pulling aeda25e63ebd:  11% ▕█                 ▏ 351 MB/3.3 GB  5.3 MB/s   9m23s[K[?25h[?2026l[?2026h[?25l[A[1Gpulling manifest [K
pulling aeda25e63ebd:  11% ▕█                 ▏ 352 MB/3.3 GB  5.3 MB/s   9m23s[K[?25h[?2026l[?2026h[?25l[A[1Gpulling manifest [K
pulling aeda25e63ebd:  11% ▕█                 ▏ 352 MB/3.3 GB  5.3 MB/s   9m23s[K[?25h[?2026l[?2026h[?25l[A[1Gpulling manifest [K
pulling aeda25e63ebd:  11% ▕█                 ▏ 353 MB/3.3 GB  5.3 MB/s   9m22s[K[?25h[?2026l[?2026h[?25l[A[1Gpulling manifest [K
pulling aeda25e63ebd:  11% ▕█                 ▏ 353 MB/3.3 GB  5.3 MB/s   9m22s[K[?25h[?2026l[?2026h[?25l[A[1Gpulling manifest [K
pulling aeda25e63ebd:  11% ▕█                 ▏ 354 MB/3.3 GB  5.3 MB/s   9m22s[K[?25h[?2026l[?2026h[?25l[A[1Gpulling manifest [K
pulling aeda25e63ebd:  11% ▕█                 ▏ 354 MB/3.3 GB  5.3 MB/s   9m22s[K[?25h[?2026l[?2026h[?25l[A[1Gpulling manifest [K
pulling aeda25e63ebd:  11% ▕█                 ▏ 355 MB/3.3 GB  5.3 MB/s   9m19s[K[?25h[?2026l[?2026h[?25l[A[1Gpulling manifest [K
pulling aeda25e63ebd:  11% ▕█                 ▏ 356 MB/3.3 GB  5.3 MB/s   9m19s[K[?25h[?2026l[?2026h[?25l[A[1Gpulling manifest [K
pulling aeda25e63ebd:  11% ▕█                 ▏ 356 MB/3.3 GB  5.3 MB/s   9m19s[K[?25h[?2026l[?2026h[?25l[A[1Gpulling manifest [K
pulling aeda25e63ebd:  11% ▕█                 ▏ 356 MB/3.3 GB  5.3 MB/s   9m19s[K[?25h[?2026l[?2026h[?25l[A[1Gpulling manifest [K
pulling aeda25e63ebd:  11% ▕█                 ▏ 358 MB/3.3 GB  5.3 MB/s   9m19s[K[?25h[?2026l[?2026h[?25l[A[1Gpulling manifest [K
pulling aeda25e63ebd:  11% ▕█                 ▏ 358 MB/3.3 GB  5.3 MB/s   9m19s[K[?25h[?2026l[?2026h[?25l[A[1Gpulling manifest [K
pulling aeda25e63ebd:  11% ▕█                 ▏ 358 MB/3.3 GB  5.3 MB/s   9m19s[K[?25h[?2026l[?2026h[?25l[A[1Gpulling manifest [K
pulling aeda25e63ebd:  11% ▕█                 ▏ 359 MB/3.3 GB  5.3 MB/s   9m19s[K[?25h[?2026l[?2026h[?25l[A[1Gpulling manifest [K
pulling aeda25e63ebd:  11% ▕█                 ▏ 359 MB/3.3 GB  5.3 MB/s   9m19s[K[?25h[?2026l[?2026h[?25l[A[1Gpulling manifest [K
pulling aeda25e63ebd:  11% ▕█                 ▏ 360 MB/3.3 GB  5.3 MB/s   9m19s[K[?25h[?2026l[?2026h[?25l[A[1Gpulling manifest [K
pulling aeda25e63ebd:  11% ▕█                 ▏ 360 MB/3.3 GB  5.5 MB/s    9m5s[K[?25h[?2026l[?2026h[?25l[A[1Gpulling manifest [K
pulling aeda25e63ebd:  11% ▕█                 ▏ 361 MB/3.3 GB  5.5 MB/s    9m5s[K[?25h[?2026l[?2026h[?25l[A[1Gpulling manifest [K
pulling aeda25e63ebd:  11% ▕█                 ▏ 361 MB/3.3 GB  5.5 MB/s    9m5s[K[?25h[?2026l[?2026h[?25l[A[1Gpulling manifest [K
pulling aeda25e63ebd:  11% ▕█                 ▏ 362 MB/3.3 GB  5.5 MB/s    9m4s[K[?25h[?2026l[?2026h[?25l[A[1Gpulling manifest [K
pulling aeda25e63ebd:  11% ▕█                 ▏ 362 MB/3.3 GB  5.5 MB/s    9m4s[K[?25h[?2026l[?2026h[?25l[A[1Gpulling manifest [K
pulling aeda25e63ebd:  11% ▕█                 ▏ 362 MB/3.3 GB  5.5 MB/s    9m4s[K[?25h[?2026l[?2026h[?25l[A[1Gpulling manifest [K
pulling aeda25e63ebd:  11% ▕█                 ▏ 362 MB/3.3 GB  5.5 MB/s    9m4s[K[?25h[?2026l[?2026h[?25l[A[1Gpulling manifest [K
pulling aeda25e63ebd:  11% ▕█                 ▏ 363 MB/3.3 GB  5.5 MB/s    9m4s[K[?25h[?2026l[?2026h[?25l[A[1Gpulling manifest [K
pulling aeda25e63ebd:  11% ▕█                 ▏ 363 MB/3.3 GB  5.5 MB/s    9m4s[K[?25h[?2026l[?2026h[?25l[A[1Gpulling manifest [K
pulling aeda25e63ebd:  11% ▕█                 ▏ 364 MB/3.3 GB  5.5 MB/s    9m4s[K[?25h[?2026l[?2026h[?25l[A[1Gpulling manifest [K
pulling aeda25e63ebd:  11% ▕█                 ▏ 364 MB/3.3 GB  5.3 MB/s   9m16s[K[?25h[?2026l[?2026h[?25l[A[1Gpulling manifest [K
pulling aeda25e63ebd:  11% ▕█                 ▏ 365 MB/3.3 GB  5.3 MB/s   9m16s[K[?25h[?2026l[?2026h[?25l[A[1Gpulling manifest [K
pulling aeda25e63ebd:  11% ▕█                 ▏ 365 MB/3.3 GB  5.3 MB/s   9m16s[K[?25h[?2026l[?2026h[?25l[A[1Gpulling manifest [K
pulling aeda25e63ebd:  11% ▕█                 ▏ 366 MB/3.3 GB  5.3 MB/s   9m16s[K[?25h[?2026l[?2026h[?25l[A[1Gpulling manifest [K
pulling aeda25e63ebd:  11% ▕█                 ▏ 366 MB/3.3 GB  5.3 MB/s   9m16s[K[?25h[?2026l[?2026h[?25l[A[1Gpulling manifest [K
pulling aeda25e63ebd:  11% ▕█                 ▏ 367 MB/3.3 GB  5.3 MB/s   9m16s[K[?25h[?2026l[?2026h[?25l[A[1Gpulling manifest [K
pulling aeda25e63ebd:  11% ▕█                 ▏ 367 MB/3.3 GB  5.3 MB/s   9m16s[K[?25h[?2026l[?2026h[?25l[A[1Gpulling manifest [K
pulling aeda25e63ebd:  11% ▕█                 ▏ 368 MB/3.3 GB  5.3 MB/s   9m15s[K[?25h[?2026l[?2026h[?25l[A[1Gpulling manifest [K
pulling aeda25e63ebd:  11% ▕█                 ▏ 369 MB/3.3 GB  5.3 MB/s   9m15s[K[?25h[?2026l[?2026h[?25l[A[1Gpulling manifest [K
pulling aeda25e63ebd:  11% ▕█                 ▏ 369 MB/3.3 GB  5.3 MB/s   9m15s[K[?25h[?2026l[?2026h[?25l[A[1Gpulling manifest [K
pulling aeda25e63ebd:  11% ▕█                 ▏ 370 MB/3.3 GB  5.3 MB/s   9m17s[K[?25h[?2026l[?2026h[?25l[A[1Gpulling manifest [K
pulling aeda25e63ebd:  11% ▕█                 ▏ 370 MB/3.3 GB  5.3 MB/s   9m17s[K[?25h[?2026l[?2026h[?25l[A[1Gpulling manifest [K
pulling aeda25e63ebd:  11% ▕██                ▏ 371 MB/3.3 GB  5.3 MB/s   9m17s[K[?25h[?2026l[?2026h[?25l[A[1Gpulling manifest [K
pulling aeda25e63ebd:  11% ▕██                ▏ 372 MB/3.3 GB  5.3 MB/s   9m17s[K[?25h[?2026l[?2026h[?25l[A[1Gpulling manifest [K
pulling aeda25e63ebd:  11% ▕██                ▏ 372 MB/3.3 GB  5.3 MB/s   9m17s[K[?25h[?2026l[?2026h[?25l[A[1Gpulling manifest [K
pulling aeda25e63ebd:  11% ▕██                ▏ 372 MB/3.3 GB  5.3 MB/s   9m17s[K[?25h[?2026l[?2026h[?25l[A[1Gpulling manifest [K
pulling aeda25e63ebd:  11% ▕██                ▏ 373 MB/3.3 GB  5.3 MB/s   9m17s[K[?25h[?2026l[?2026h[?25l[A[1Gpulling manifest [K
pulling aeda25e63ebd:  11% ▕██                ▏ 374 MB/3.3 GB  5.3 MB/s   9m17s[K[?25h[?2026l[?2026h[?25l[A[1Gpulling manifest [K
pulling aeda25e63ebd:  11% ▕██                ▏ 374 MB/3.3 GB  5.3 MB/s   9m16s[K[?25h[?2026l[?2026h[?25l[A[1Gpulling manifest [K
pulling aeda25e63ebd:  11% ▕██                ▏ 375 MB/3.3 GB  5.3 MB/s   9m16s[K[?25h[?2026l[?2026h[?25l[A[1Gpulling manifest [K
pulling aeda25e63ebd:  11% ▕██                ▏ 375 MB/3.3 GB  5.3 MB/s   9m17s[K[?25h[?2026l[?2026h[?25l[A[1Gpulling manifest [K
pulling aeda25e63ebd:  11% ▕██                ▏ 376 MB/3.3 GB  5.3 MB/s   9m17s[K[?25h[?2026l[?2026h[?25l[A[1Gpulling manifest [K
pulling aeda25e63ebd:  11% ▕██                ▏ 376 MB/3.3 GB  5.3 MB/s   9m17s[K[?25h[?2026l[?2026h[?25l[A[1Gpulling manifest [K
pulling aeda25e63ebd:  11% ▕██                ▏ 377 MB/3.3 GB  5.3 MB/s   9m16s[K[?25h[?2026l[?2026h[?25l[A[1Gpulling manifest [K
pulling aeda25e63ebd:  11% ▕██                ▏ 377 MB/3.3 GB  5.3 MB/s   9m16s[K[?25h[?2026l[?2026h[?25l[A[1Gpulling manifest [K
pulling aeda25e63ebd:  11% ▕██                ▏ 378 MB/3.3 GB  5.3 MB/s   9m16s[K[?25h[?2026l[?2026h[?25l[A[1Gpulling manifest [K
pulling aeda25e63ebd:  11% ▕██                ▏ 379 MB/3.3 GB  5.3 MB/s   9m16s[K[?25h[?2026l[?2026h[?25l[A[1Gpulling manifest [K
pulling aeda25e63ebd:  11% ▕██                ▏ 379 MB/3.3 GB  5.3 MB/s   9m16s[K[?25h[?2026l[?2026h[?25l[A[1Gpulling manifest [K
pulling aeda25e63ebd:  11% ▕██                ▏ 380 MB/3.3 GB  5.3 MB/s   9m16s[K[?25h[?2026l[?2026h[?25l[A[1Gpulling manifest [K
pulling aeda25e63ebd:  11% ▕██                ▏ 381 MB/3.3 GB  5.3 MB/s   9m16s[K[?25h[?2026l[?2026h[?25l[A[1Gpulling manifest [K
pulling aeda25e63ebd:  11% ▕██                ▏ 381 MB/3.3 GB  5.3 MB/s   9m16s[K[?25h[?2026l[?2026h[?25l[A[1Gpulling manifest [K
pulling aeda25e63ebd:  11% ▕██                ▏ 382 MB/3.3 GB  5.4 MB/s    9m5s[K[?25h[?2026l[?2026h[?25l[A[1Gpulling manifest [K
pulling aeda25e63ebd:  11% ▕██                ▏ 382 MB/3.3 GB  5.4 MB/s    9m5s[K[?25h[?2026l[?2026h[?25l[A[1Gpulling manifest [K
pulling aeda25e63ebd:  11% ▕██                ▏ 383 MB/3.3 GB  5.4 MB/s    9m5s[K[?25h[?2026l[?2026h[?25l[A[1Gpulling manifest [K
pulling aeda25e63ebd:  11% ▕██                ▏ 383 MB/3.3 GB  5.4 MB/s    9m5s[K[?25h[?2026l[?2026h[?25l[A[1Gpulling manifest [K
pulling aeda25e63ebd:  11% ▕██                ▏ 383 MB/3.3 GB  5.4 MB/s    9m5s[K[?25h[?2026l[?2026h[?25l[A[1Gpulling manifest [K
pulling aeda25e63ebd:  12% ▕██                ▏ 384 MB/3.3 GB  5.4 MB/s    9m5s[K[?25h[?2026l[?2026h[?25l[A[1Gpulling manifest [K
pulling aeda25e63ebd:  12% ▕██                ▏ 384 MB/3.3 GB  5.4 MB/s    9m4s[K[?25h[?2026l[?2026h[?25l[A[1Gpulling manifest [K
pulling aeda25e63ebd:  12% ▕██                ▏ 385 MB/3.3 GB  5.4 MB/s    9m4s[K[?25h[?2026l[?2026h[?25l[A[1Gpulling manifest [K
pulling aeda25e63ebd:  12% ▕██                ▏ 385 MB/3.3 GB  5.4 MB/s    9m4s[K[?25h[?2026l[?2026h[?25l[A[1Gpulling manifest [K
pulling aeda25e63ebd:  12% ▕██                ▏ 385 MB/3.3 GB  5.4 MB/s    9m4s[K[?25h[?2026l[?2026h[?25l[A[1Gpulling manifest [K
pulling aeda25e63ebd:  12% ▕██                ▏ 386 MB/3.3 GB  5.3 MB/s   9m14s[K[?25h[?2026l[?2026h[?25l[A[1Gpulling manifest [K
pulling aeda25e63ebd:  12% ▕██                ▏ 386 MB/3.3 GB  5.3 MB/s   9m14s[K[?25h[?2026l[?2026h[?25l[A[1Gpulling manifest [K
pulling aeda25e63ebd:  12% ▕██                ▏ 387 MB/3.3 GB  5.3 MB/s   9m13s[K[?25h[?2026l[?2026h[?25l[A[1Gpulling manifest [K
pulling aeda25e63ebd:  12% ▕██                ▏ 387 MB/3.3 GB  5.3 MB/s   9m13s[K[?25h[?2026l[?2026h[?25l[A[1Gpulling manifest [K
pulling aeda25e63ebd:  12% ▕██                ▏ 387 MB/3.3 GB  5.3 MB/s   9m13s[K[?25h[?2026l[?2026h[?25l[A[1Gpulling manifest [K
pulling aeda25e63ebd:  12% ▕██                ▏ 388 MB/3.3 GB  5.3 MB/s   9m13s[K[?25h[?2026l[?2026h[?25l[A[1Gpulling manifest [K
pulling aeda25e63ebd:  12% ▕██                ▏ 389 MB/3.3 GB  5.3 MB/s   9m13s[K[?25h[?2026l[?2026h[?25l[A[1Gpulling manifest [K
pulling aeda25e63ebd:  12% ▕██                ▏ 389 MB/3.3 GB  5.3 MB/s   9m13s[K[?25h[?2026l[?2026h[?25l[A[1Gpulling manifest [K
pulling aeda25e63ebd:  12% ▕██                ▏ 390 MB/3.3 GB  5.3 MB/s   9m13s[K[?25h[?2026l[?2026h[?25l[A[1Gpulling manifest [K
pulling aeda25e63ebd:  12% ▕██                ▏ 390 MB/3.3 GB  5.3 MB/s   9m13s[K[?25h[?2026l[?2026h[?25l[A[1Gpulling manifest [K
pulling aeda25e63ebd:  12% ▕██                ▏ 390 MB/3.3 GB  5.3 MB/s   9m18s[K[?25h[?2026l[?2026h[?25l[A[1Gpulling manifest [K
pulling aeda25e63ebd:  12% ▕██                ▏ 391 MB/3.3 GB  5.3 MB/s   9m18s[K[?25h[?2026l[?2026h[?25l[A[1Gpulling manifest [K
pulling aeda25e63ebd:  12% ▕██                ▏ 392 MB/3.3 GB  5.3 MB/s   9m18s[K[?25h[?2026l[?2026h[?25l[A[1Gpulling manifest [K
pulling aeda25e63ebd:  12% ▕██                ▏ 392 MB/3.3 GB  5.3 MB/s   9m18s[K[?25h[?2026l[?2026h[?25l[A[1Gpulling manifest [K
pulling aeda25e63ebd:  12% ▕██                ▏ 393 MB/3.3 GB  5.3 MB/s   9m17s[K[?25h[?2026l[?2026h[?25l[A[1Gpulling manifest [K
pulling aeda25e63ebd:  12% ▕██                ▏ 393 MB/3.3 GB  5.3 MB/s   9m17s[K[?25h[?2026l[?2026h[?25l[A[1Gpulling manifest [K
pulling aeda25e63ebd:  12% ▕██                ▏ 394 MB/3.3 GB  5.3 MB/s   9m17s[K[?25h[?2026l[?2026h[?25l[A[1Gpulling manifest [K
pulling aeda25e63ebd:  12% ▕██                ▏ 394 MB/3.3 GB  5.3 MB/s   9m17s[K[?25h[?2026l[?2026h[?25l[A[1Gpulling manifest [K
pulling aeda25e63ebd:  12% ▕██                ▏ 395 MB/3.3 GB  5.3 MB/s   9m17s[K[?25h[?2026l[?2026h[?25l[A[1Gpulling manifest [K
pulling aeda25e63ebd:  12% ▕██                ▏ 395 MB/3.3 GB  5.3 MB/s   9m17s[K[?25h[?2026l[?2026h[?25l[A[1Gpulling manifest [K
pulling aeda25e63ebd:  12% ▕██                ▏ 396 MB/3.3 GB  5.2 MB/s   9m21s[K[?25h[?2026l[?2026h[?25l[A[1Gpulling manifest [K
pulling aeda25e63ebd:  12% ▕██                ▏ 396 MB/3.3 GB  5.2 MB/s   9m21s[K[?25h[?2026l[?2026h[?25l[A[1Gpulling manifest [K
pulling aeda25e63ebd:  12% ▕██                ▏ 397 MB/3.3 GB  5.2 MB/s   9m21s[K[?25h[?2026l[?2026h[?25l[A[1Gpulling manifest [K
pulling aeda25e63ebd:  12% ▕██                ▏ 397 MB/3.3 GB  5.2 MB/s   9m21s[K[?25h[?2026l[?2026h[?25l[A[1Gpulling manifest [K
pulling aeda25e63ebd:  12% ▕██                ▏ 398 MB/3.3 GB  5.2 MB/s   9m20s[K[?25h[?2026l[?2026h[?25l[A[1Gpulling manifest [K
pulling aeda25e63ebd:  12% ▕██                ▏ 398 MB/3.3 GB  5.2 MB/s   9m20s[K[?25h[?2026l[?2026h[?25l[A[1Gpulling manifest [K
pulling aeda25e63ebd:  12% ▕██                ▏ 399 MB/3.3 GB  5.2 MB/s   9m20s[K[?25h[?2026l[?2026h[?25l[A[1Gpulling manifest [K
pulling aeda25e63ebd:  12% ▕██                ▏ 400 MB/3.3 GB  5.2 MB/s   9m20s[K[?25h[?2026l[?2026h[?25l[A[1Gpulling manifest [K
pulling aeda25e63ebd:  12% ▕██                ▏ 400 MB/3.3 GB  5.2 MB/s   9m20s[K[?25h[?2026l[?2026h[?25l[A[1Gpulling manifest [K
pulling aeda25e63ebd:  12% ▕██                ▏ 401 MB/3.3 GB  5.2 MB/s   9m20s[K[?25h[?2026l[?2026h[?25l[A[1Gpulling manifest [K
pulling aeda25e63ebd:  12% ▕██                ▏ 401 MB/3.3 GB  5.2 MB/s   9m28s[K[?25h[?2026l[?2026h[?25l[A[1Gpulling manifest [K
pulling aeda25e63ebd:  12% ▕██                ▏ 402 MB/3.3 GB  5.2 MB/s   9m28s[K[?25h[?2026l[?2026h[?25l[A[1Gpulling manifest [K
pulling aeda25e63ebd:  12% ▕██                ▏ 402 MB/3.3 GB  5.2 MB/s   9m28s[K[?25h[?2026l[?2026h[?25l[A[1Gpulling manifest [K
pulling aeda25e63ebd:  12% ▕██                ▏ 403 MB/3.3 GB  5.2 MB/s   9m28s[K[?25h[?2026l[?2026h[?25l[A[1Gpulling manifest [K
pulling aeda25e63ebd:  12% ▕██                ▏ 403 MB/3.3 GB  5.2 MB/s   9m28s[K[?25h[?2026l[?2026h[?25l[A[1Gpulling manifest [K
pulling aeda25e63ebd:  12% ▕██                ▏ 404 MB/3.3 GB  5.2 MB/s   9m27s[K[?25h[?2026l[?2026h[?25l[A[1Gpulling manifest [K
pulling aeda25e63ebd:  12% ▕██                ▏ 405 MB/3.3 GB  5.2 MB/s   9m27s[K[?25h[?2026l[?2026h[?25l[A[1Gpulling manifest [K
pulling aeda25e63ebd:  12% ▕██                ▏ 405 MB/3.3 GB  5.2 MB/s   9m27s[K[?25h[?2026l[?2026h[?25l[A[1Gpulling manifest [K
pulling aeda25e63ebd:  12% ▕██                ▏ 406 MB/3.3 GB  5.2 MB/s   9m27s[K[?25h[?2026l[?2026h[?25l[A[1Gpulling manifest [K
pulling aeda25e63ebd:  12% ▕██                ▏ 406 MB/3.3 GB  5.2 MB/s   9m27s[K[?25h[?2026l[?2026h[?25l[A[1Gpulling manifest [K
pulling aeda25e63ebd:  12% ▕██                ▏ 407 MB/3.3 GB  5.2 MB/s   9m27s[K[?25h[?2026l[?2026h[?25l[A[1Gpulling manifest [K
pulling aeda25e63ebd:  12% ▕██                ▏ 407 MB/3.3 GB  5.2 MB/s   9m21s[K[?25h[?2026l[?2026h[?25l[A[1Gpulling manifest [K
pulling aeda25e63ebd:  12% ▕██                ▏ 408 MB/3.3 GB  5.2 MB/s   9m21s[K[?25h[?2026l[?2026h[?25l[A[1Gpulling manifest [K
pulling aeda25e63ebd:  12% ▕██                ▏ 408 MB/3.3 GB  5.2 MB/s   9m21s[K[?25h[?2026l[?2026h[?25l[A[1Gpulling manifest [K
pulling aeda25e63ebd:  12% ▕██                ▏ 409 MB/3.3 GB  5.2 MB/s   9m21s[K[?25h[?2026l[?2026h[?25l[A[1Gpulling manifest [K
pulling aeda25e63ebd:  12% ▕██                ▏ 409 MB/3.3 GB  5.2 MB/s   9m21s[K[?25h[?2026l[?2026h[?25l[A[1Gpulling manifest [K
pulling aeda25e63ebd:  12% ▕██                ▏ 410 MB/3.3 GB  5.2 MB/s   9m21s[K[?25h[?2026l[?2026h[?25l[A[1Gpulling manifest [K
pulling aeda25e63ebd:  12% ▕██                ▏ 410 MB/3.3 GB  5.2 MB/s   9m21s[K[?25h[?2026l[?2026h[?25l[A[1Gpulling manifest [K
pulling aeda25e63ebd:  12% ▕██                ▏ 411 MB/3.3 GB  5.2 MB/s   9m21s[K[?25h[?2026l[?2026h[?25l[A[1Gpulling manifest [K
pulling aeda25e63ebd:  12% ▕██                ▏ 411 MB/3.3 GB  5.2 MB/s   9m21s[K[?25h[?2026l[?2026h[?25l[A[1Gpulling manifest [K
pulling aeda25e63ebd:  12% ▕██                ▏ 412 MB/3.3 GB  5.2 MB/s   9m21s[K[?25h[?2026l[?2026h[?25l[A[1Gpulling manifest [K
pulling aeda25e63ebd:  12% ▕██                ▏ 413 MB/3.3 GB  5.3 MB/s    9m9s[K[?25h[?2026l[?2026h[?25l[A[1Gpulling manifest [K
pulling aeda25e63ebd:  12% ▕██                ▏ 413 MB/3.3 GB  5.3 MB/s    9m9s[K[?25h[?2026l[?2026h[?25l[A[1Gpulling manifest [K
pulling aeda25e63ebd:  12% ▕██                ▏ 413 MB/3.3 GB  5.3 MB/s    9m9s[K[?25h[?2026l[?2026h[?25l[A[1Gpulling manifest [K
pulling aeda25e63ebd:  12% ▕██                ▏ 414 MB/3.3 GB  5.3 MB/s    9m9s[K[?25h[?2026l[?2026h[?25l[A[1Gpulling manifest [K
pulling aeda25e63ebd:  12% ▕██                ▏ 415 MB/3.3 GB  5.3 MB/s    9m9s[K[?25h[?2026l[?2026h[?25l[A[1Gpulling manifest [K
pulling aeda25e63ebd:  12% ▕██                ▏ 415 MB/3.3 GB  5.3 MB/s    9m9s[K[?25h[?2026l[?2026h[?25l[A[1Gpulling manifest [K
pulling aeda25e63ebd:  12% ▕██                ▏ 416 MB/3.3 GB  5.3 MB/s    9m9s[K[?25h[?2026l[?2026h[?25l[A[1Gpulling manifest [K
pulling aeda25e63ebd:  12% ▕██                ▏ 416 MB/3.3 GB  5.3 MB/s    9m9s[K[?25h[?2026l[?2026h[?25l[A[1Gpulling manifest [K
pulling aeda25e63ebd:  13% ▕██                ▏ 417 MB/3.3 GB  5.3 MB/s    9m9s[K[?25h[?2026l[?2026h[?25l[A[1Gpulling manifest [K
pulling aeda25e63ebd:  13% ▕██                ▏ 418 MB/3.3 GB  5.3 MB/s    9m8s[K[?25h[?2026l[?2026h[?25l[A[1Gpulling manifest [K
pulling aeda25e63ebd:  13% ▕██                ▏ 418 MB/3.3 GB  5.4 MB/s    9m4s[K[?25h[?2026l[?2026h[?25l[A[1Gpulling manifest [K
pulling aeda25e63ebd:  13% ▕██                ▏ 419 MB/3.3 GB  5.4 MB/s    9m4s[K[?25h[?2026l[?2026h[?25l[A[1Gpulling manifest [K
pulling aeda25e63ebd:  13% ▕██                ▏ 419 MB/3.3 GB  5.4 MB/s    9m4s[K[?25h[?2026l[?2026h[?25l[A[1Gpulling manifest [K
pulling aeda25e63ebd:  13% ▕██                ▏ 420 MB/3.3 GB  5.4 MB/s    9m4s[K[?25h[?2026l[?2026h[?25l[A[1Gpulling manifest [K
pulling aeda25e63ebd:  13% ▕██                ▏ 420 MB/3.3 GB  5.4 MB/s    9m4s[K[?25h[?2026l[?2026h[?25l[A[1Gpulling manifest [K
pulling aeda25e63ebd:  13% ▕██                ▏ 421 MB/3.3 GB  5.4 MB/s    9m4s[K[?25h[?2026l[?2026h[?25l[A[1Gpulling manifest [K
pulling aeda25e63ebd:  13% ▕██                ▏ 421 MB/3.3 GB  5.4 MB/s    9m4s[K[?25h[?2026l[?2026h[?25l[A[1Gpulling manifest [K
pulling aeda25e63ebd:  13% ▕██                ▏ 422 MB/3.3 GB  5.4 MB/s    9m4s[K[?25h[?2026l[?2026h[?25l[A[1Gpulling manifest [K
pulling aeda25e63ebd:  13% ▕██                ▏ 423 MB/3.3 GB  5.4 MB/s    9m3s[K[?25h[?2026l[?2026h[?25l[A[1Gpulling manifest [K
pulling aeda25e63ebd:  13% ▕██                ▏ 423 MB/3.3 GB  5.4 MB/s    9m3s[K[?25h[?2026l[?2026h[?25l[A[1Gpulling manifest [K
pulling aeda25e63ebd:  13% ▕██                ▏ 424 MB/3.3 GB  5.4 MB/s   8m59s[K[?25h[?2026l[?2026h[?25l[A[1Gpulling manifest [K
pulling aeda25e63ebd:  13% ▕██                ▏ 425 MB/3.3 GB  5.4 MB/s   8m59s[K[?25h[?2026l[?2026h[?25l[A[1Gpulling manifest [K
pulling aeda25e63ebd:  13% ▕██                ▏ 425 MB/3.3 GB  5.4 MB/s   8m59s[K[?25h[?2026l[?2026h[?25l[A[1Gpulling manifest [K
pulling aeda25e63ebd:  13% ▕██                ▏ 426 MB/3.3 GB  5.4 MB/s   8m59s[K[?25h[?2026l[?2026h[?25l[A[1Gpulling manifest [K
pulling aeda25e63ebd:  13% ▕██                ▏ 426 MB/3.3 GB  5.4 MB/s   8m59s[K[?25h[?2026l[?2026h[?25l[A[1Gpulling manifest [K
pulling aeda25e63ebd:  13% ▕██                ▏ 426 MB/3.3 GB  5.4 MB/s   8m59s[K[?25h[?2026l[?2026h[?25l[A[1Gpulling manifest [K
pulling aeda25e63ebd:  13% ▕██                ▏ 427 MB/3.3 GB  5.4 MB/s   8m59s[K[?25h[?2026l[?2026h[?25l[A[1Gpulling manifest [K
pulling aeda25e63ebd:  13% ▕██                ▏ 428 MB/3.3 GB  5.4 MB/s   8m58s[K[?25h[?2026l[?2026h[?25l[A[1Gpulling manifest [K
pulling aeda25e63ebd:  13% ▕██                ▏ 428 MB/3.3 GB  5.4 MB/s   8m58s[K[?25h[?2026l[?2026h[?25l[A[1Gpulling manifest [K
pulling aeda25e63ebd:  13% ▕██                ▏ 429 MB/3.3 GB  5.4 MB/s   8m58s[K[?25h[?2026l[?2026h[?25l[A[1Gpulling manifest [K
pulling aeda25e63ebd:  13% ▕██                ▏ 430 MB/3.3 GB  5.4 MB/s    9m1s[K[?25h[?2026l[?2026h[?25l[A[1Gpulling manifest [K
pulling aeda25e63ebd:  13% ▕██                ▏ 430 MB/3.3 GB  5.4 MB/s    9m1s[K[?25h[?2026l[?2026h[?25l[A[1Gpulling manifest [K
pulling aeda25e63ebd:  13% ▕██                ▏ 430 MB/3.3 GB  5.4 MB/s    9m1s[K[?25h[?2026l[?2026h[?25l[A[1Gpulling manifest [K
pulling aeda25e63ebd:  13% ▕██                ▏ 431 MB/3.3 GB  5.4 MB/s    9m1s[K[?25h[?2026l[?2026h[?25l[A[1Gpulling manifest [K
pulling aeda25e63ebd:  13% ▕██                ▏ 431 MB/3.3 GB  5.4 MB/s    9m1s[K[?25h[?2026l[?2026h[?25l[A[1Gpulling manifest [K
pulling aeda25e63ebd:  13% ▕██                ▏ 432 MB/3.3 GB  5.4 MB/s    9m0s[K[?25h[?2026l[?2026h[?25l[A[1Gpulling manifest [K
pulling aeda25e63ebd:  13% ▕██                ▏ 433 MB/3.3 GB  5.4 MB/s    9m0s[K[?25h[?2026l[?2026h[?25l[A[1Gpulling manifest [K
pulling aeda25e63ebd:  13% ▕██                ▏ 433 MB/3.3 GB  5.4 MB/s    9m0s[K[?25h[?2026l[?2026h[?25l[A[1Gpulling manifest [K
pulling aeda25e63ebd:  13% ▕██                ▏ 434 MB/3.3 GB  5.4 MB/s    9m0s[K[?25h[?2026l[?2026h[?25l[A[1Gpulling manifest [K
pulling aeda25e63ebd:  13% ▕██                ▏ 434 MB/3.3 GB  5.4 MB/s    9m0s[K[?25h[?2026l[?2026h[?25l[A[1Gpulling manifest [K
pulling aeda25e63ebd:  13% ▕██                ▏ 434 MB/3.3 GB  5.4 MB/s    9m0s[K[?25h[?2026l[?2026h[?25l[A[1Gpulling manifest [K
pulling aeda25e63ebd:  13% ▕██                ▏ 435 MB/3.3 GB  5.5 MB/s   8m51s[K[?25h[?2026l[?2026h[?25l[A[1Gpulling manifest [K
pulling aeda25e63ebd:  13% ▕██                ▏ 436 MB/3.3 GB  5.5 MB/s   8m51s[K[?25h[?2026l[?2026h[?25l[A[1Gpulling manifest [K
pulling aeda25e63ebd:  13% ▕██                ▏ 436 MB/3.3 GB  5.5 MB/s   8m51s[K[?25h[?2026l[?2026h[?25l[A[1Gpulling manifest [K
pulling aeda25e63ebd:  13% ▕██                ▏ 437 MB/3.3 GB  5.5 MB/s   8m51s[K[?25h[?2026l[?2026h[?25l[A[1Gpulling manifest [K
pulling aeda25e63ebd:  13% ▕██                ▏ 437 MB/3.3 GB  5.5 MB/s   8m51s[K[?25h[?2026l[?2026h[?25l[A[1Gpulling manifest [K
pulling aeda25e63ebd:  13% ▕██                ▏ 437 MB/3.3 GB  5.5 MB/s   8m51s[K[?25h[?2026l[?2026h[?25l[A[1Gpulling manifest [K
pulling aeda25e63ebd:  13% ▕██                ▏ 438 MB/3.3 GB  5.5 MB/s   8m51s[K[?25h[?2026l[?2026h[?25l[A[1Gpulling manifest [K
pulling aeda25e63ebd:  13% ▕██                ▏ 438 MB/3.3 GB  5.5 MB/s   8m51s[K[?25h[?2026l[?2026h[?25l[A[1Gpulling manifest [K
pulling aeda25e63ebd:  13% ▕██                ▏ 439 MB/3.3 GB  5.5 MB/s   8m50s[K[?25h[?2026l[?2026h[?25l[A[1Gpulling manifest [K
pulling aeda25e63ebd:  13% ▕██                ▏ 439 MB/3.3 GB  5.5 MB/s   8m50s[K[?25h[?2026l[?2026h[?25l[A[1Gpulling manifest [K
pulling aeda25e63ebd:  13% ▕██                ▏ 440 MB/3.3 GB  5.5 MB/s   8m50s[K[?25h[?2026l[?2026h[?25l[A[1Gpulling manifest [K
pulling aeda25e63ebd:  13% ▕██                ▏ 440 MB/3.3 GB  5.5 MB/s   8m50s[K[?25h[?2026l[?2026h[?25l[A[1Gpulling manifest [K
pulling aeda25e63ebd:  13% ▕██                ▏ 441 MB/3.3 GB  5.5 MB/s   8m50s[K[?25h[?2026l[?2026h[?25l[A[1Gpulling manifest [K
pulling aeda25e63ebd:  13% ▕██                ▏ 442 MB/3.3 GB  5.5 MB/s   8m49s[K[?25h[?2026l[?2026h[?25l[A[1Gpulling manifest [K
pulling aeda25e63ebd:  13% ▕██                ▏ 442 MB/3.3 GB  5.5 MB/s   8m49s[K[?25h[?2026l[?2026h[?25l[A[1Gpulling manifest [K
pulling aeda25e63ebd:  13% ▕██                ▏ 443 MB/3.3 GB  5.5 MB/s   8m49s[K[?25h[?2026l[?2026h[?25l[A[1Gpulling manifest [K
pulling aeda25e63ebd:  13% ▕██                ▏ 443 MB/3.3 GB  5.5 MB/s   8m49s[K[?25h[?2026l[?2026h[?25l[A[1Gpulling manifest [K
pulling aeda25e63ebd:  13% ▕██                ▏ 444 MB/3.3 GB  5.5 MB/s   8m49s[K[?25h[?2026l[?2026h[?25l[A[1Gpulling manifest [K
pulling aeda25e63ebd:  13% ▕██                ▏ 444 MB/3.3 GB  5.5 MB/s   8m49s[K[?25h[?2026l[?2026h[?25l[A[1Gpulling manifest [K
pulling aeda25e63ebd:  13% ▕██                ▏ 445 MB/3.3 GB  5.5 MB/s   8m49s[K[?25h[?2026l[?2026h[?25l[A[1Gpulling manifest [K
pulling aeda25e63ebd:  13% ▕██                ▏ 445 MB/3.3 GB  5.5 MB/s   8m46s[K[?25h[?2026l[?2026h[?25l[A[1Gpulling manifest [K
pulling aeda25e63ebd:  13% ▕██                ▏ 446 MB/3.3 GB  5.5 MB/s   8m46s[K[?25h[?2026l[?2026h[?25l[A[1Gpulling manifest [K
pulling aeda25e63ebd:  13% ▕██                ▏ 447 MB/3.3 GB  5.5 MB/s   8m46s[K[?25h[?2026l[?2026h[?25l[A[1Gpulling manifest [K
pulling aeda25e63ebd:  13% ▕██                ▏ 447 MB/3.3 GB  5.5 MB/s   8m46s[K[?25h[?2026l[?2026h[?25l[A[1Gpulling manifest [K
pulling aeda25e63ebd:  13% ▕██                ▏ 448 MB/3.3 GB  5.5 MB/s   8m46s[K[?25h[?2026l[?2026h[?25l[A[1Gpulling manifest [K
pulling aeda25e63ebd:  13% ▕██                ▏ 449 MB/3.3 GB  5.5 MB/s   8m46s[K[?25h[?2026l[?2026h[?25l[A[1Gpulling manifest [K
pulling aeda25e63ebd:  13% ▕██                ▏ 449 MB/3.3 GB  5.5 MB/s   8m46s[K[?25h[?2026l[?2026h[?25l[A[1Gpulling manifest [K
pulling aeda25e63ebd:  13% ▕██                ▏ 450 MB/3.3 GB  5.5 MB/s   8m46s[K[?25h[?2026l[?2026h[?25l[A[1Gpulling manifest [K
pulling aeda25e63ebd:  13% ▕██                ▏ 450 MB/3.3 GB  5.5 MB/s   8m46s[K[?25h[?2026l[?2026h[?25l[A[1Gpulling manifest [K
pulling aeda25e63ebd:  14% ▕██                ▏ 451 MB/3.3 GB  5.5 MB/s   8m46s[K[?25h[?2026l[?2026h[?25l[A[1Gpulling manifest [K
pulling aeda25e63ebd:  14% ▕██                ▏ 451 MB/3.3 GB  5.6 MB/s   8m39s[K[?25h[?2026l[?2026h[?25l[A[1Gpulling manifest [K
pulling aeda25e63ebd:  14% ▕██                ▏ 452 MB/3.3 GB  5.6 MB/s   8m39s[K[?25h[?2026l[?2026h[?25l[A[1Gpulling manifest [K
pulling aeda25e63ebd:  14% ▕██                ▏ 452 MB/3.3 GB  5.6 MB/s   8m39s[K[?25h[?2026l[?2026h[?25l[A[1Gpulling manifest [K
pulling aeda25e63ebd:  14% ▕██                ▏ 453 MB/3.3 GB  5.6 MB/s   8m39s[K[?25h[?2026l[?2026h[?25l[A[1Gpulling manifest [K
pulling aeda25e63ebd:  14% ▕██                ▏ 453 MB/3.3 GB  5.6 MB/s   8m39s[K[?25h[?2026l[?2026h[?25l[A[1Gpulling manifest [K
pulling aeda25e63ebd:  14% ▕██                ▏ 453 MB/3.3 GB  5.6 MB/s   8m39s[K[?25h[?2026l[?2026h[?25l[A[1Gpulling manifest [K
pulling aeda25e63ebd:  14% ▕██                ▏ 454 MB/3.3 GB  5.6 MB/s   8m39s[K[?25h[?2026l[?2026h[?25l[A[1Gpulling manifest [K
pulling aeda25e63ebd:  14% ▕██                ▏ 455 MB/3.3 GB  5.6 MB/s   8m39s[K[?25h[?2026l[?2026h[?25l[A[1Gpulling manifest [K
pulling aeda25e63ebd:  14% ▕██                ▏ 455 MB/3.3 GB  5.6 MB/s   8m38s[K[?25h[?2026l[?2026h[?25l[A[1Gpulling manifest [K
pulling aeda25e63ebd:  14% ▕██                ▏ 456 MB/3.3 GB  5.6 MB/s   8m38s[K[?25h[?2026l[?2026h[?25l[A[1Gpulling manifest [K
pulling aeda25e63ebd:  14% ▕██                ▏ 456 MB/3.3 GB  5.5 MB/s   8m43s[K[?25h[?2026l[?2026h[?25l[A[1Gpulling manifest [K
pulling aeda25e63ebd:  14% ▕██                ▏ 457 MB/3.3 GB  5.5 MB/s   8m43s[K[?25h[?2026l[?2026h[?25l[A[1Gpulling manifest [K
pulling aeda25e63ebd:  14% ▕██                ▏ 457 MB/3.3 GB  5.5 MB/s   8m43s[K[?25h[?2026l[?2026h[?25l[A[1Gpulling manifest [K
pulling aeda25e63ebd:  14% ▕██                ▏ 458 MB/3.3 GB  5.5 MB/s   8m43s[K[?25h[?2026l[?2026h[?25l[A[1Gpulling manifest [K
pulling aeda25e63ebd:  14% ▕██                ▏ 459 MB/3.3 GB  5.5 MB/s   8m43s[K[?25h[?2026l[?2026h[?25l[A[1Gpulling manifest [K
pulling aeda25e63ebd:  14% ▕██                ▏ 459 MB/3.3 GB  5.5 MB/s   8m43s[K[?25h[?2026l[?2026h[?25l[A[1Gpulling manifest [K
pulling aeda25e63ebd:  14% ▕██                ▏ 460 MB/3.3 GB  5.5 MB/s   8m43s[K[?25h[?2026l[?2026h[?25l[A[1Gpulling manifest [K
pulling aeda25e63ebd:  14% ▕██                ▏ 460 MB/3.3 GB  5.5 MB/s   8m43s[K[?25h[?2026l[?2026h[?25l[A[1Gpulling manifest [K
pulling aeda25e63ebd:  14% ▕██                ▏ 460 MB/3.3 GB  5.5 MB/s   8m43s[K[?25h[?2026l[?2026h[?25l[A[1Gpulling manifest [K
pulling aeda25e63ebd:  14% ▕██                ▏ 461 MB/3.3 GB  5.5 MB/s   8m42s[K[?25h[?2026l[?2026h[?25l[A[1Gpulling manifest [K
pulling aeda25e63ebd:  14% ▕██                ▏ 461 MB/3.3 GB  5.5 MB/s   8m42s[K[?25h[?2026l[?2026h[?25l[A[1Gpulling manifest [K
pulling aeda25e63ebd:  14% ▕██                ▏ 462 MB/3.3 GB  5.5 MB/s   8m42s[K[?25h[?2026l[?2026h[?25l[A[1Gpulling manifest [K
pulling aeda25e63ebd:  14% ▕██                ▏ 463 MB/3.3 GB  5.5 MB/s   8m42s[K[?25h[?2026l[?2026h[?25l[A[1Gpulling manifest [K
pulling aeda25e63ebd:  14% ▕██                ▏ 463 MB/3.3 GB  5.5 MB/s   8m42s[K[?25h[?2026l[?2026h[?25l[A[1Gpulling manifest [K
pulling aeda25e63ebd:  14% ▕██                ▏ 464 MB/3.3 GB  5.5 MB/s   8m42s[K[?25h[?2026l[?2026h[?25l[A[1Gpulling manifest [K
pulling aeda25e63ebd:  14% ▕██                ▏ 464 MB/3.3 GB  5.5 MB/s   8m42s[K[?25h[?2026l[?2026h[?25l[A[1Gpulling manifest [K
pulling aeda25e63ebd:  14% ▕██                ▏ 464 MB/3.3 GB  5.5 MB/s   8m42s[K[?25h[?2026l[?2026h[?25l[A[1Gpulling manifest [K
pulling aeda25e63ebd:  14% ▕██                ▏ 464 MB/3.3 GB  5.5 MB/s   8m42s[K[?25h[?2026l[?2026h[?25l[A[1Gpulling manifest [K
pulling aeda25e63ebd:  14% ▕██                ▏ 465 MB/3.3 GB  5.5 MB/s   8m42s[K[?25h[?2026l[?2026h[?25l[A[1Gpulling manifest [K
pulling aeda25e63ebd:  14% ▕██                ▏ 466 MB/3.3 GB  5.5 MB/s   8m41s[K[?25h[?2026l[?2026h[?25l[A[1Gpulling manifest [K
pulling aeda25e63ebd:  14% ▕██                ▏ 466 MB/3.3 GB  5.5 MB/s   8m41s[K[?25h[?2026l[?2026h[?25l[A[1Gpulling manifest [K
pulling aeda25e63ebd:  14% ▕██                ▏ 467 MB/3.3 GB  5.4 MB/s   8m49s[K[?25h[?2026l[?2026h[?25l[A[1Gpulling manifest [K
pulling aeda25e63ebd:  14% ▕██                ▏ 467 MB/3.3 GB  5.4 MB/s   8m49s[K[?25h[?2026l[?2026h[?25l[A[1Gpulling manifest [K
pulling aeda25e63ebd:  14% ▕██                ▏ 468 MB/3.3 GB  5.4 MB/s   8m49s[K[?25h[?2026l[?2026h[?25l[A[1Gpulling manifest [K
pulling aeda25e63ebd:  14% ▕██                ▏ 468 MB/3.3 GB  5.4 MB/s   8m49s[K[?25h[?2026l[?2026h[?25l[A[1Gpulling manifest [K
pulling aeda25e63ebd:  14% ▕██                ▏ 468 MB/3.3 GB  5.4 MB/s   8m49s[K[?25h[?2026l[?2026h[?25l[A[1Gpulling manifest [K
pulling aeda25e63ebd:  14% ▕██                ▏ 469 MB/3.3 GB  5.4 MB/s   8m49s[K[?25h[?2026l[?2026h[?25l[A[1Gpulling manifest [K
pulling aeda25e63ebd:  14% ▕██                ▏ 469 MB/3.3 GB  5.4 MB/s   8m49s[K[?25h[?2026l[?2026h[?25l[A[1Gpulling manifest [K
pulling aeda25e63ebd:  14% ▕██                ▏ 470 MB/3.3 GB  5.4 MB/s   8m49s[K[?25h[?2026l[?2026h[?25l[A[1Gpulling manifest [K
pulling aeda25e63ebd:  14% ▕██                ▏ 471 MB/3.3 GB  5.4 MB/s   8m49s[K[?25h[?2026l[?2026h[?25l[A[1Gpulling manifest [K
pulling aeda25e63ebd:  14% ▕██                ▏ 471 MB/3.3 GB  5.4 MB/s   8m48s[K[?25h[?2026l[?2026h[?25l[A[1Gpulling manifest [K
pulling aeda25e63ebd:  14% ▕██                ▏ 471 MB/3.3 GB  5.3 MB/s    9m3s[K[?25h[?2026l[?2026h[?25l[A[1Gpulling manifest [K
pulling aeda25e63ebd:  14% ▕██                ▏ 472 MB/3.3 GB  5.3 MB/s    9m3s[K[?25h[?2026l[?2026h[?25l[A[1Gpulling manifest [K
pulling aeda25e63ebd:  14% ▕██                ▏ 473 MB/3.3 GB  5.3 MB/s    9m3s[K[?25h[?2026l[?2026h[?25l[A[1Gpulling manifest [K
pulling aeda25e63ebd:  14% ▕██                ▏ 473 MB/3.3 GB  5.3 MB/s    9m3s[K[?25h[?2026l[?2026h[?25l[A[1Gpulling manifest [K
pulling aeda25e63ebd:  14% ▕██                ▏ 474 MB/3.3 GB  5.3 MB/s    9m3s[K[?25h[?2026l[?2026h[?25l[A[1Gpulling manifest [K
pulling aeda25e63ebd:  14% ▕██                ▏ 475 MB/3.3 GB  5.3 MB/s    9m3s[K[?25h[?2026l[?2026h[?25l[A[1Gpulling manifest [K
pulling aeda25e63ebd:  14% ▕██                ▏ 475 MB/3.3 GB  5.3 MB/s    9m3s[K[?25h[?2026l[?2026h[?25l[A[1Gpulling manifest [K
pulling aeda25e63ebd:  14% ▕██                ▏ 476 MB/3.3 GB  5.3 MB/s    9m2s[K[?25h[?2026l[?2026h[?25l[A[1Gpulling manifest [K
pulling aeda25e63ebd:  14% ▕██                ▏ 476 MB/3.3 GB  5.3 MB/s    9m2s[K[?25h[?2026l[?2026h[?25l[A[1Gpulling manifest [K
pulling aeda25e63ebd:  14% ▕██                ▏ 477 MB/3.3 GB  5.3 MB/s    9m2s[K[?25h[?2026l[?2026h[?25l[A[1Gpulling manifest [K
pulling aeda25e63ebd:  14% ▕██                ▏ 477 MB/3.3 GB  5.3 MB/s    9m0s[K[?25h[?2026l[?2026h[?25l[A[1Gpulling manifest [K
pulling aeda25e63ebd:  14% ▕██                ▏ 478 MB/3.3 GB  5.3 MB/s    9m0s[K[?25h[?2026l[?2026h[?25l[A[1Gpulling manifest [K
pulling aeda25e63ebd:  14% ▕██                ▏ 478 MB/3.3 GB  5.3 MB/s    9m0s[K[?25h[?2026l[?2026h[?25l[A[1Gpulling manifest [K
pulling aeda25e63ebd:  14% ▕██                ▏ 479 MB/3.3 GB  5.3 MB/s    9m0s[K[?25h[?2026l[?2026h[?25l[A[1Gpulling manifest [K
pulling aeda25e63ebd:  14% ▕██                ▏ 480 MB/3.3 GB  5.3 MB/s    9m0s[K[?25h[?2026l[?2026h[?25l[A[1Gpulling manifest [K
pulling aeda25e63ebd:  14% ▕██                ▏ 480 MB/3.3 GB  5.3 MB/s    9m0s[K[?25h[?2026l[?2026h[?25l[A[1Gpulling manifest [K
pulling aeda25e63ebd:  14% ▕██                ▏ 481 MB/3.3 GB  5.3 MB/s   8m59s[K[?25h[?2026l[?2026h[?25l[A[1Gpulling manifest [K
pulling aeda25e63ebd:  14% ▕██                ▏ 481 MB/3.3 GB  5.3 MB/s   8m59s[K[?25h[?2026l[?2026h[?25l[A[1Gpulling manifest [K
pulling aeda25e63ebd:  14% ▕██                ▏ 482 MB/3.3 GB  5.3 MB/s   8m59s[K[?25h[?2026l[?2026h[?25l[A[1Gpulling manifest [K
pulling aeda25e63ebd:  14% ▕██                ▏ 482 MB/3.3 GB  5.3 MB/s   8m59s[K[?25h[?2026l[?2026h[?25l[A[1Gpulling manifest [K
pulling aeda25e63ebd:  14% ▕██                ▏ 483 MB/3.3 GB  5.4 MB/s   8m52s[K[?25h[?2026l[?2026h[?25l[A[1Gpulling manifest [K
pulling aeda25e63ebd:  14% ▕██                ▏ 483 MB/3.3 GB  5.4 MB/s   8m52s[K[?25h[?2026l[?2026h[?25l[A[1Gpulling manifest [K
pulling aeda25e63ebd:  15% ▕██                ▏ 484 MB/3.3 GB  5.4 MB/s   8m52s[K[?25h[?2026l[?2026h[?25l[A[1Gpulling manifest [K
pulling aeda25e63ebd:  15% ▕██                ▏ 485 MB/3.3 GB  5.4 MB/s   8m51s[K[?25h[?2026l[?2026h[?25l[A[1Gpulling manifest [K
pulling aeda25e63ebd:  15% ▕██                ▏ 485 MB/3.3 GB  5.4 MB/s   8m51s[K[?25h[?2026l[?2026h[?25l[A[1Gpulling manifest [K
pulling aeda25e63ebd:  15% ▕██                ▏ 486 MB/3.3 GB  5.4 MB/s   8m51s[K[?25h[?2026l[?2026h[?25l[A[1Gpulling manifest [K
pulling aeda25e63ebd:  15% ▕██                ▏ 487 MB/3.3 GB  5.4 MB/s   8m51s[K[?25h[?2026l[?2026h[?25l[A[1Gpulling manifest [K
pulling aeda25e63ebd:  15% ▕██                ▏ 487 MB/3.3 GB  5.4 MB/s   8m51s[K[?25h[?2026l[?2026h[?25l[A[1Gpulling manifest [K
pulling aeda25e63ebd:  15% ▕██                ▏ 487 MB/3.3 GB  5.4 MB/s   8m51s[K[?25h[?2026l[?2026h[?25l[A[1Gpulling manifest [K
pulling aeda25e63ebd:  15% ▕██                ▏ 488 MB/3.3 GB  5.4 MB/s   8m51s[K[?25h[?2026l[?2026h[?25l[A[1Gpulling manifest [K
pulling aeda25e63ebd:  15% ▕██                ▏ 488 MB/3.3 GB  5.4 MB/s   8m51s[K[?25h[?2026l[?2026h[?25l[A[1Gpulling manifest [K
pulling aeda25e63ebd:  15% ▕██                ▏ 489 MB/3.3 GB  5.5 MB/s   8m41s[K[?25h[?2026l[?2026h[?25l[A[1Gpulling manifest [K
pulling aeda25e63ebd:  15% ▕██                ▏ 490 MB/3.3 GB  5.5 MB/s   8m40s[K[?25h[?2026l[?2026h[?25l[A[1Gpulling manifest [K
pulling aeda25e63ebd:  15% ▕██                ▏ 490 MB/3.3 GB  5.5 MB/s   8m40s[K[?25h[?2026l[?2026h[?25l[A[1Gpulling manifest [K
pulling aeda25e63ebd:  15% ▕██                ▏ 491 MB/3.3 GB  5.5 MB/s   8m40s[K[?25h[?2026l[?2026h[?25l[A[1Gpulling manifest [K
pulling aeda25e63ebd:  15% ▕██                ▏ 492 MB/3.3 GB  5.5 MB/s   8m40s[K[?25h[?2026l[?2026h[?25l[A[1Gpulling manifest [K
pulling aeda25e63ebd:  15% ▕██                ▏ 492 MB/3.3 GB  5.5 MB/s   8m40s[K[?25h[?2026l[?2026h[?25l[A[1Gpulling manifest [K
pulling aeda25e63ebd:  15% ▕██                ▏ 492 MB/3.3 GB  5.5 MB/s   8m40s[K[?25h[?2026l[?2026h[?25l[A[1Gpulling manifest [K
pulling aeda25e63ebd:  15% ▕██                ▏ 493 MB/3.3 GB  5.5 MB/s   8m40s[K[?25h[?2026l[?2026h[?25l[A[1Gpulling manifest [K
pulling aeda25e63ebd:  15% ▕██                ▏ 493 MB/3.3 GB  5.5 MB/s   8m40s[K[?25h[?2026l[?2026h[?25l[A[1Gpulling manifest [K
pulling aeda25e63ebd:  15% ▕██                ▏ 494 MB/3.3 GB  5.5 MB/s   8m40s[K[?25h[?2026l[?2026h[?25l[A[1Gpulling manifest [K
pulling aeda25e63ebd:  15% ▕██                ▏ 494 MB/3.3 GB  5.4 MB/s   8m47s[K[?25h[?2026l[?2026h[?25l[A[1Gpulling manifest [K
pulling aeda25e63ebd:  15% ▕██                ▏ 495 MB/3.3 GB  5.4 MB/s   8m47s[K[?25h[?2026l[?2026h[?25l[A[1Gpulling manifest [K
pulling aeda25e63ebd:  15% ▕██                ▏ 495 MB/3.3 GB  5.4 MB/s   8m46s[K[?25h[?2026l[?2026h[?25l[A[1Gpulling manifest [K
pulling aeda25e63ebd:  15% ▕██                ▏ 496 MB/3.3 GB  5.4 MB/s   8m46s[K[?25h[?2026l[?2026h[?25l[A[1Gpulling manifest [K
pulling aeda25e63ebd:  15% ▕██                ▏ 496 MB/3.3 GB  5.4 MB/s   8m46s[K[?25h[?2026l[?2026h[?25l[A[1Gpulling manifest [K
pulling aeda25e63ebd:  15% ▕██                ▏ 497 MB/3.3 GB  5.4 MB/s   8m46s[K[?25h[?2026l[?2026h[?25l[A[1Gpulling manifest [K
pulling aeda25e63ebd:  15% ▕██                ▏ 497 MB/3.3 GB  5.4 MB/s   8m46s[K[?25h[?2026l[?2026h[?25l[A[1Gpulling manifest [K
pulling aeda25e63ebd:  15% ▕██                ▏ 498 MB/3.3 GB  5.4 MB/s   8m46s[K[?25h[?2026l[?2026h[?25l[A[1Gpulling manifest [K
pulling aeda25e63ebd:  15% ▕██                ▏ 498 MB/3.3 GB  5.4 MB/s   8m46s[K[?25h[?2026l[?2026h[?25l[A[1Gpulling manifest [K
pulling aeda25e63ebd:  15% ▕██                ▏ 499 MB/3.3 GB  5.4 MB/s   8m46s[K[?25h[?2026l[?2026h[?25l[A[1Gpulling manifest [K
pulling aeda25e63ebd:  15% ▕██                ▏ 499 MB/3.3 GB  5.3 MB/s   8m52s[K[?25h[?2026l[?2026h[?25l[A[1Gpulling manifest [K
pulling aeda25e63ebd:  15% ▕██                ▏ 500 MB/3.3 GB  5.3 MB/s   8m52s[K[?25h[?2026l[?2026h[?25l[A[1Gpulling manifest [K
pulling aeda25e63ebd:  15% ▕██                ▏ 500 MB/3.3 GB  5.3 MB/s   8m52s[K[?25h[?2026l[?2026h[?25l[A[1Gpulling manifest [K
pulling aeda25e63ebd:  15% ▕██                ▏ 501 MB/3.3 GB  5.3 MB/s   8m52s[K[?25h[?2026l[?2026h[?25l[A[1Gpulling manifest [K
pulling aeda25e63ebd:  15% ▕██                ▏ 501 MB/3.3 GB  5.3 MB/s   8m51s[K[?25h[?2026l[?2026h[?25l[A[1Gpulling manifest [K
pulling aeda25e63ebd:  15% ▕██                ▏ 502 MB/3.3 GB  5.3 MB/s   8m51s[K[?25h[?2026l[?2026h[?25l[A[1Gpulling manifest [K
pulling aeda25e63ebd:  15% ▕██                ▏ 502 MB/3.3 GB  5.3 MB/s   8m51s[K[?25h[?2026l[?2026h[?25l[A[1Gpulling manifest [K
pulling aeda25e63ebd:  15% ▕██                ▏ 503 MB/3.3 GB  5.3 MB/s   8m51s[K[?25h[?2026l[?2026h[?25l[A[1Gpulling manifest [K
pulling aeda25e63ebd:  15% ▕██                ▏ 504 MB/3.3 GB  5.3 MB/s   8m51s[K[?25h[?2026l[?2026h[?25l[A[1Gpulling manifest [K
pulling aeda25e63ebd:  15% ▕██                ▏ 504 MB/3.3 GB  5.3 MB/s   8m51s[K[?25h[?2026l[?2026h[?25l[A[1Gpulling manifest [K
pulling aeda25e63ebd:  15% ▕██                ▏ 505 MB/3.3 GB  5.4 MB/s   8m49s[K[?25h[?2026l[?2026h[?25l[A[1Gpulling manifest [K
pulling aeda25e63ebd:  15% ▕██                ▏ 505 MB/3.3 GB  5.4 MB/s   8m49s[K[?25h[?2026l[?2026h[?25l[A[1Gpulling manifest [K
pulling aeda25e63ebd:  15% ▕██                ▏ 506 MB/3.3 GB  5.4 MB/s   8m49s[K[?25h[?2026l[?2026h[?25l[A[1Gpulling manifest [K
pulling aeda25e63ebd:  15% ▕██                ▏ 506 MB/3.3 GB  5.4 MB/s   8m49s[K[?25h[?2026l[?2026h[?25l[A[1Gpulling manifest [K
pulling aeda25e63ebd:  15% ▕██                ▏ 507 MB/3.3 GB  5.4 MB/s   8m49s[K[?25h[?2026l[?2026h[?25l[A[1Gpulling manifest [K
pulling aeda25e63ebd:  15% ▕██                ▏ 507 MB/3.3 GB  5.4 MB/s   8m49s[K[?25h[?2026l[?2026h[?25l[A[1Gpulling manifest [K
pulling aeda25e63ebd:  15% ▕██                ▏ 508 MB/3.3 GB  5.4 MB/s   8m48s[K[?25h[?2026l[?2026h[?25l[A[1Gpulling manifest [K
pulling aeda25e63ebd:  15% ▕██                ▏ 509 MB/3.3 GB  5.4 MB/s   8m48s[K[?25h[?2026l[?2026h[?25l[A[1Gpulling manifest [K
pulling aeda25e63ebd:  15% ▕██                ▏ 509 MB/3.3 GB  5.4 MB/s   8m48s[K[?25h[?2026l[?2026h[?25l[A[1Gpulling manifest [K
pulling aeda25e63ebd:  15% ▕██                ▏ 510 MB/3.3 GB  5.4 MB/s   8m48s[K[?25h[?2026l[?2026h[?25l[A[1Gpulling manifest [K
pulling aeda25e63ebd:  15% ▕██                ▏ 511 MB/3.3 GB  5.4 MB/s   8m41s[K[?25h[?2026l[?2026h[?25l[A[1Gpulling manifest [K
pulling aeda25e63ebd:  15% ▕██                ▏ 511 MB/3.3 GB  5.4 MB/s   8m41s[K[?25h[?2026l[?2026h[?25l[A[1Gpulling manifest [K
pulling aeda25e63ebd:  15% ▕██                ▏ 512 MB/3.3 GB  5.4 MB/s   8m41s[K[?25h[?2026l[?2026h[?25l[A[1Gpulling manifest [K
pulling aeda25e63ebd:  15% ▕██                ▏ 512 MB/3.3 GB  5.4 MB/s   8m41s[K[?25h[?2026l[?2026h[?25l[A[1Gpulling manifest [K
pulling aeda25e63ebd:  15% ▕██                ▏ 512 MB/3.3 GB  5.4 MB/s   8m41s[K[?25h[?2026l[?2026h[?25l[A[1Gpulling manifest [K
pulling aeda25e63ebd:  15% ▕██                ▏ 513 MB/3.3 GB  5.4 MB/s   8m41s[K[?25h[?2026l[?2026h[?25l[A[1Gpulling manifest [K
pulling aeda25e63ebd:  15% ▕██                ▏ 514 MB/3.3 GB  5.4 MB/s   8m40s[K[?25h[?2026l[?2026h[?25l[A[1Gpulling manifest [K
pulling aeda25e63ebd:  15% ▕██                ▏ 514 MB/3.3 GB  5.4 MB/s   8m40s[K[?25h[?2026l[?2026h[?25l[A[1Gpulling manifest [K
pulling aeda25e63ebd:  15% ▕██                ▏ 515 MB/3.3 GB  5.4 MB/s   8m40s[K[?25h[?2026l[?2026h[?25l[A[1Gpulling manifest [K
pulling aeda25e63ebd:  15% ▕██                ▏ 515 MB/3.3 GB  5.4 MB/s   8m40s[K[?25h[?2026l[?2026h[?25l[A[1Gpulling manifest [K
pulling aeda25e63ebd:  15% ▕██                ▏ 516 MB/3.3 GB  5.4 MB/s   8m40s[K[?25h[?2026l[?2026h[?25l[A[1Gpulling manifest [K
pulling aeda25e63ebd:  15% ▕██                ▏ 516 MB/3.3 GB  5.5 MB/s   8m35s[K[?25h[?2026l[?2026h[?25l[A[1Gpulling manifest [K
pulling aeda25e63ebd:  15% ▕██                ▏ 517 MB/3.3 GB  5.5 MB/s   8m35s[K[?25h[?2026l[?2026h[?25l[A[1Gpulling manifest [K
pulling aeda25e63ebd:  16% ▕██                ▏ 517 MB/3.3 GB  5.5 MB/s   8m35s[K[?25h[?2026l[?2026h[?25l[A[1Gpulling manifest [K
pulling aeda25e63ebd:  16% ▕██                ▏ 518 MB/3.3 GB  5.5 MB/s   8m34s[K[?25h[?2026l[?2026h[?25l[A[1Gpulling manifest [K
pulling aeda25e63ebd:  16% ▕██                ▏ 519 MB/3.3 GB  5.5 MB/s   8m34s[K[?25h[?2026l[?2026h[?25l[A[1Gpulling manifest [K
pulling aeda25e63ebd:  16% ▕██                ▏ 519 MB/3.3 GB  5.5 MB/s   8m34s[K[?25h[?2026l[?2026h[?25l[A[1Gpulling manifest [K
pulling aeda25e63ebd:  16% ▕██                ▏ 520 MB/3.3 GB  5.5 MB/s   8m34s[K[?25h[?2026l[?2026h[?25l[A[1Gpulling manifest [K
pulling aeda25e63ebd:  16% ▕██                ▏ 520 MB/3.3 GB  5.5 MB/s   8m34s[K[?25h[?2026l[?2026h[?25l[A[1Gpulling manifest [K
pulling aeda25e63ebd:  16% ▕██                ▏ 521 MB/3.3 GB  5.5 MB/s   8m34s[K[?25h[?2026l[?2026h[?25l[A[1Gpulling manifest [K
pulling aeda25e63ebd:  16% ▕██                ▏ 521 MB/3.3 GB  5.5 MB/s   8m34s[K[?25h[?2026l[?2026h[?25l[A[1Gpulling manifest [K
pulling aeda25e63ebd:  16% ▕██                ▏ 522 MB/3.3 GB  5.6 MB/s   8m23s[K[?25h[?2026l[?2026h[?25l[A[1Gpulling manifest [K
pulling aeda25e63ebd:  16% ▕██                ▏ 522 MB/3.3 GB  5.6 MB/s   8m23s[K[?25h[?2026l[?2026h[?25l[A[1Gpulling manifest [K
pulling aeda25e63ebd:  16% ▕██                ▏ 523 MB/3.3 GB  5.6 MB/s   8m22s[K[?25h[?2026l[?2026h[?25l[A[1Gpulling manifest [K
pulling aeda25e63ebd:  16% ▕██                ▏ 524 MB/3.3 GB  5.6 MB/s   8m22s[K[?25h[?2026l[?2026h[?25l[A[1Gpulling manifest [K
pulling aeda25e63ebd:  16% ▕██                ▏ 524 MB/3.3 GB  5.6 MB/s   8m22s[K[?25h[?2026l[?2026h[?25l[A[1Gpulling manifest [K
pulling aeda25e63ebd:  16% ▕██                ▏ 525 MB/3.3 GB  5.6 MB/s   8m22s[K[?25h[?2026l[?2026h[?25l[A[1Gpulling manifest [K
pulling aeda25e63ebd:  16% ▕██                ▏ 525 MB/3.3 GB  5.6 MB/s   8m22s[K[?25h[?2026l[?2026h[?25l[A[1Gpulling manifest [K
pulling aeda25e63ebd:  16% ▕██                ▏ 526 MB/3.3 GB  5.6 MB/s   8m22s[K[?25h[?2026l[?2026h[?25l[A[1Gpulling manifest [K
pulling aeda25e63ebd:  16% ▕██                ▏ 526 MB/3.3 GB  5.6 MB/s   8m22s[K[?25h[?2026l[?2026h[?25l[A[1Gpulling manifest [K
pulling aeda25e63ebd:  16% ▕██                ▏ 527 MB/3.3 GB  5.6 MB/s   8m22s[K[?25h[?2026l[?2026h[?25l[A[1Gpulling manifest [K
pulling aeda25e63ebd:  16% ▕██                ▏ 527 MB/3.3 GB  5.5 MB/s   8m26s[K[?25h[?2026l[?2026h[?25l[A[1Gpulling manifest [K
pulling aeda25e63ebd:  16% ▕██                ▏ 528 MB/3.3 GB  5.5 MB/s   8m26s[K[?25h[?2026l[?2026h[?25l[A[1Gpulling manifest [K
pulling aeda25e63ebd:  16% ▕██                ▏ 528 MB/3.3 GB  5.5 MB/s   8m26s[K[?25h[?2026l[?2026h[?25l[A[1Gpulling manifest [K
pulling aeda25e63ebd:  16% ▕██                ▏ 529 MB/3.3 GB  5.5 MB/s   8m26s[K[?25h[?2026l[?2026h[?25l[A[1Gpulling manifest [K
pulling aeda25e63ebd:  16% ▕██                ▏ 529 MB/3.3 GB  5.5 MB/s   8m26s[K[?25h[?2026l[?2026h[?25l[A[1Gpulling manifest [K
pulling aeda25e63ebd:  16% ▕██                ▏ 530 MB/3.3 GB  5.5 MB/s   8m26s[K[?25h[?2026l[?2026h[?25l[A[1Gpulling manifest [K
pulling aeda25e63ebd:  16% ▕██                ▏ 531 MB/3.3 GB  5.5 MB/s   8m26s[K[?25h[?2026l[?2026h[?25l[A[1Gpulling manifest [K
pulling aeda25e63ebd:  16% ▕██                ▏ 531 MB/3.3 GB  5.5 MB/s   8m25s[K[?25h[?2026l[?2026h[?25l[A[1Gpulling manifest [K
pulling aeda25e63ebd:  16% ▕██                ▏ 532 MB/3.3 GB  5.5 MB/s   8m25s[K[?25h[?2026l[?2026h[?25l[A[1Gpulling manifest [K
pulling aeda25e63ebd:  16% ▕██                ▏ 532 MB/3.3 GB  5.5 MB/s   8m25s[K[?25h[?2026l[?2026h[?25l[A[1Gpulling manifest [K
pulling aeda25e63ebd:  16% ▕██                ▏ 533 MB/3.3 GB  5.5 MB/s   8m25s[K[?25h[?2026l[?2026h[?25l[A[1Gpulling manifest [K
pulling aeda25e63ebd:  16% ▕██                ▏ 534 MB/3.3 GB  5.5 MB/s   8m25s[K[?25h[?2026l[?2026h[?25l[A[1Gpulling manifest [K
pulling aeda25e63ebd:  16% ▕██                ▏ 534 MB/3.3 GB  5.5 MB/s   8m25s[K[?25h[?2026l[?2026h[?25l[A[1Gpulling manifest [K
pulling aeda25e63ebd:  16% ▕██                ▏ 535 MB/3.3 GB  5.5 MB/s   8m25s[K[?25h[?2026l[?2026h[?25l[A[1Gpulling manifest [K
pulling aeda25e63ebd:  16% ▕██                ▏ 535 MB/3.3 GB  5.5 MB/s   8m25s[K[?25h[?2026l[?2026h[?25l[A[1Gpulling manifest [K
pulling aeda25e63ebd:  16% ▕██                ▏ 536 MB/3.3 GB  5.5 MB/s   8m25s[K[?25h[?2026l[?2026h[?25l[A[1Gpulling manifest [K
pulling aeda25e63ebd:  16% ▕██                ▏ 536 MB/3.3 GB  5.5 MB/s   8m25s[K[?25h[?2026l[?2026h[?25l[A[1Gpulling manifest [K
pulling aeda25e63ebd:  16% ▕██                ▏ 537 MB/3.3 GB  5.5 MB/s   8m25s[K[?25h[?2026l[?2026h[?25l[A[1Gpulling manifest [K
pulling aeda25e63ebd:  16% ▕██                ▏ 537 MB/3.3 GB  5.5 MB/s   8m25s[K[?25h[?2026l[?2026h[?25l[A[1Gpulling manifest [K
pulling aeda25e63ebd:  16% ▕██                ▏ 538 MB/3.3 GB  5.5 MB/s   8m25s[K[?25h[?2026l[?2026h[?25l[A[1Gpulling manifest [K
pulling aeda25e63ebd:  16% ▕██                ▏ 539 MB/3.3 GB  5.5 MB/s   8m26s[K[?25h[?2026l[?2026h[?25l[A[1Gpulling manifest [K
pulling aeda25e63ebd:  16% ▕██                ▏ 539 MB/3.3 GB  5.5 MB/s   8m26s[K[?25h[?2026l[?2026h[?25l[A[1Gpulling manifest [K
pulling aeda25e63ebd:  16% ▕██                ▏ 540 MB/3.3 GB  5.5 MB/s   8m26s[K[?25h[?2026l[?2026h[?25l[A[1Gpulling manifest [K
pulling aeda25e63ebd:  16% ▕██                ▏ 540 MB/3.3 GB  5.5 MB/s   8m26s[K[?25h[?2026l[?2026h[?25l[A[1Gpulling manifest [K
pulling aeda25e63ebd:  16% ▕██                ▏ 540 MB/3.3 GB  5.5 MB/s   8m26s[K[?25h[?2026l[?2026h[?25l[A[1Gpulling manifest [K
pulling aeda25e63ebd:  16% ▕██                ▏ 541 MB/3.3 GB  5.5 MB/s   8m25s[K[?25h[?2026l[?2026h[?25l[A[1Gpulling manifest [K
pulling aeda25e63ebd:  16% ▕██                ▏ 542 MB/3.3 GB  5.5 MB/s   8m25s[K[?25h[?2026l[?2026h[?25l[A[1Gpulling manifest [K
pulling aeda25e63ebd:  16% ▕██                ▏ 542 MB/3.3 GB  5.5 MB/s   8m25s[K[?25h[?2026l[?2026h[?25l[A[1Gpulling manifest [K
pulling aeda25e63ebd:  16% ▕██                ▏ 543 MB/3.3 GB  5.5 MB/s   8m25s[K[?25h[?2026l[?2026h[?25l[A[1Gpulling manifest [K
pulling aeda25e63ebd:  16% ▕██                ▏ 544 MB/3.3 GB  5.5 MB/s   8m25s[K[?25h[?2026l[?2026h[?25l[A[1Gpulling manifest [K
pulling aeda25e63ebd:  16% ▕██                ▏ 544 MB/3.3 GB  5.5 MB/s   8m25s[K[?25h[?2026l[?2026h[?25l[A[1Gpulling manifest [K
pulling aeda25e63ebd:  16% ▕██                ▏ 545 MB/3.3 GB  5.6 MB/s   8m19s[K[?25h[?2026l[?2026h[?25l[A[1Gpulling manifest [K
pulling aeda25e63ebd:  16% ▕██                ▏ 545 MB/3.3 GB  5.6 MB/s   8m19s[K[?25h[?2026l[?2026h[?25l[A[1Gpulling manifest [K
pulling aeda25e63ebd:  16% ▕██                ▏ 546 MB/3.3 GB  5.6 MB/s   8m19s[K[?25h[?2026l[?2026h[?25l[A[1Gpulling manifest [K
pulling aeda25e63ebd:  16% ▕██                ▏ 546 MB/3.3 GB  5.6 MB/s   8m19s[K[?25h[?2026l[?2026h[?25l[A[1Gpulling manifest [K
pulling aeda25e63ebd:  16% ▕██                ▏ 547 MB/3.3 GB  5.6 MB/s   8m19s[K[?25h[?2026l[?2026h[?25l[A[1Gpulling manifest [K
pulling aeda25e63ebd:  16% ▕██                ▏ 547 MB/3.3 GB  5.6 MB/s   8m19s[K[?25h[?2026l[?2026h[?25l[A[1Gpulling manifest [K
pulling aeda25e63ebd:  16% ▕██                ▏ 548 MB/3.3 GB  5.6 MB/s   8m18s[K[?25h[?2026l[?2026h[?25l[A[1Gpulling manifest [K
pulling aeda25e63ebd:  16% ▕██                ▏ 548 MB/3.3 GB  5.6 MB/s   8m18s[K[?25h[?2026l[?2026h[?25l[A[1Gpulling manifest [K
pulling aeda25e63ebd:  16% ▕██                ▏ 549 MB/3.3 GB  5.6 MB/s   8m18s[K[?25h[?2026l[?2026h[?25l[A[1Gpulling manifest [K
pulling aeda25e63ebd:  16% ▕██                ▏ 549 MB/3.3 GB  5.6 MB/s   8m18s[K[?25h[?2026l[?2026h[?25l[A[1Gpulling manifest [K
pulling aeda25e63ebd:  16% ▕██                ▏ 550 MB/3.3 GB  5.6 MB/s   8m21s[K[?25h[?2026l[?2026h[?25l[A[1Gpulling manifest [K
pulling aeda25e63ebd:  16% ▕██                ▏ 550 MB/3.3 GB  5.6 MB/s   8m21s[K[?25h[?2026l[?2026h[?25l[A[1Gpulling manifest [K
pulling aeda25e63ebd:  17% ▕██                ▏ 550 MB/3.3 GB  5.6 MB/s   8m21s[K[?25h[?2026l[?2026h[?25l[A[1Gpulling manifest [K
pulling aeda25e63ebd:  17% ▕██                ▏ 551 MB/3.3 GB  5.6 MB/s   8m21s[K[?25h[?2026l[?2026h[?25l[A[1Gpulling manifest [K
pulling aeda25e63ebd:  17% ▕██                ▏ 551 MB/3.3 GB  5.6 MB/s   8m21s[K[?25h[?2026l[?2026h[?25l[A[1Gpulling manifest [K
pulling aeda25e63ebd:  17% ▕██                ▏ 552 MB/3.3 GB  5.6 MB/s   8m21s[K[?25h[?2026l[?2026h[?25l[A[1Gpulling manifest [K
pulling aeda25e63ebd:  17% ▕██                ▏ 552 MB/3.3 GB  5.6 MB/s   8m21s[K[?25h[?2026l[?2026h[?25l[A[1Gpulling manifest [K
pulling aeda25e63ebd:  17% ▕██                ▏ 553 MB/3.3 GB  5.6 MB/s   8m20s[K[?25h[?2026l[?2026h[?25l[A[1Gpulling manifest [K
pulling aeda25e63ebd:  17% ▕██                ▏ 553 MB/3.3 GB  5.6 MB/s   8m20s[K[?25h[?2026l[?2026h[?25l[A[1Gpulling manifest [K
pulling aeda25e63ebd:  17% ▕██                ▏ 553 MB/3.3 GB  5.6 MB/s   8m20s[K[?25h[?2026l[?2026h[?25l[A[1Gpulling manifest [K
pulling aeda25e63ebd:  17% ▕██                ▏ 554 MB/3.3 GB  5.4 MB/s   8m31s[K[?25h[?2026l[?2026h[?25l[A[1Gpulling manifest [K
pulling aeda25e63ebd:  17% ▕██                ▏ 554 MB/3.3 GB  5.4 MB/s   8m31s[K[?25h[?2026l[?2026h[?25l[A[1Gpulling manifest [K
pulling aeda25e63ebd:  17% ▕██                ▏ 555 MB/3.3 GB  5.4 MB/s   8m31s[K[?25h[?2026l[?2026h[?25l[A[1Gpulling manifest [K
pulling aeda25e63ebd:  17% ▕██                ▏ 555 MB/3.3 GB  5.4 MB/s   8m31s[K[?25h[?2026l[?2026h[?25l[A[1Gpulling manifest [K
pulling aeda25e63ebd:  17% ▕██                ▏ 556 MB/3.3 GB  5.4 MB/s   8m31s[K[?25h[?2026l[?2026h[?25l[A[1Gpulling manifest [K
pulling aeda25e63ebd:  17% ▕███               ▏ 557 MB/3.3 GB  5.4 MB/s   8m31s[K[?25h[?2026l[?2026h[?25l[A[1Gpulling manifest [K
pulling aeda25e63ebd:  17% ▕███               ▏ 557 MB/3.3 GB  5.4 MB/s   8m31s[K[?25h[?2026l[?2026h[?25l[A[1Gpulling manifest [K
pulling aeda25e63ebd:  17% ▕███               ▏ 557 MB/3.3 GB  5.4 MB/s   8m31s[K[?25h[?2026l[?2026h[?25l[A[1Gpulling manifest [K
pulling aeda25e63ebd:  17% ▕███               ▏ 558 MB/3.3 GB  5.4 MB/s   8m30s[K[?25h[?2026l[?2026h[?25l[A[1Gpulling manifest [K
pulling aeda25e63ebd:  17% ▕███               ▏ 558 MB/3.3 GB  5.4 MB/s   8m30s[K[?25h[?2026l[?2026h[?25l[A[1Gpulling manifest [K
pulling aeda25e63ebd:  17% ▕███               ▏ 559 MB/3.3 GB  5.4 MB/s   8m36s[K[?25h[?2026l[?2026h[?25l[A[1Gpulling manifest [K
pulling aeda25e63ebd:  17% ▕███               ▏ 560 MB/3.3 GB  5.4 MB/s   8m36s[K[?25h[?2026l[?2026h[?25l[A[1Gpulling manifest [K
pulling aeda25e63ebd:  17% ▕███               ▏ 560 MB/3.3 GB  5.4 MB/s   8m36s[K[?25h[?2026l[?2026h[?25l[A[1Gpulling manifest [K
pulling aeda25e63ebd:  17% ▕███               ▏ 561 MB/3.3 GB  5.4 MB/s   8m36s[K[?25h[?2026l[?2026h[?25l[A[1Gpulling manifest [K
pulling aeda25e63ebd:  17% ▕███               ▏ 561 MB/3.3 GB  5.4 MB/s   8m35s[K[?25h[?2026l[?2026h[?25l[A[1Gpulling manifest [K
pulling aeda25e63ebd:  17% ▕███               ▏ 562 MB/3.3 GB  5.4 MB/s   8m35s[K[?25h[?2026l[?2026h[?25l[A[1Gpulling manifest [K
pulling aeda25e63ebd:  17% ▕███               ▏ 562 MB/3.3 GB  5.4 MB/s   8m35s[K[?25h[?2026l[?2026h[?25l[A[1Gpulling manifest [K
pulling aeda25e63ebd:  17% ▕███               ▏ 563 MB/3.3 GB  5.4 MB/s   8m35s[K[?25h[?2026l[?2026h[?25l[A[1Gpulling manifest [K
pulling aeda25e63ebd:  17% ▕███               ▏ 563 MB/3.3 GB  5.4 MB/s   8m35s[K[?25h[?2026l[?2026h[?25l[A[1Gpulling manifest [K
pulling aeda25e63ebd:  17% ▕███               ▏ 564 MB/3.3 GB  5.4 MB/s   8m35s[K[?25h[?2026l[?2026h[?25l[A[1Gpulling manifest [K
pulling aeda25e63ebd:  17% ▕███               ▏ 565 MB/3.3 GB  5.4 MB/s   8m30s[K[?25h[?2026l[?2026h[?25l[A[1Gpulling manifest [K
pulling aeda25e63ebd:  17% ▕███               ▏ 565 MB/3.3 GB  5.4 MB/s   8m30s[K[?25h[?2026l[?2026h[?25l[A[1Gpulling manifest [K
pulling aeda25e63ebd:  17% ▕███               ▏ 566 MB/3.3 GB  5.4 MB/s   8m30s[K[?25h[?2026l[?2026h[?25l[A[1Gpulling manifest [K
pulling aeda25e63ebd:  17% ▕███               ▏ 566 MB/3.3 GB  5.4 MB/s   8m30s[K[?25h[?2026l[?2026h[?25l[A[1Gpulling manifest [K
pulling aeda25e63ebd:  17% ▕███               ▏ 567 MB/3.3 GB  5.4 MB/s   8m30s[K[?25h[?2026l[?2026h[?25l[A[1Gpulling manifest [K
pulling aeda25e63ebd:  17% ▕███               ▏ 567 MB/3.3 GB  5.4 MB/s   8m30s[K[?25h[?2026l[?2026h[?25l[A[1Gpulling manifest [K
pulling aeda25e63ebd:  17% ▕███               ▏ 568 MB/3.3 GB  5.4 MB/s   8m30s[K[?25h[?2026l[?2026h[?25l[A[1Gpulling manifest [K
pulling aeda25e63ebd:  17% ▕███               ▏ 568 MB/3.3 GB  5.4 MB/s   8m30s[K[?25h[?2026l[?2026h[?25l[A[1Gpulling manifest [K
pulling aeda25e63ebd:  17% ▕███               ▏ 569 MB/3.3 GB  5.4 MB/s   8m30s[K[?25h[?2026l[?2026h[?25l[A[1Gpulling manifest [K
pulling aeda25e63ebd:  17% ▕███               ▏ 570 MB/3.3 GB  5.4 MB/s   8m29s[K[?25h[?2026l[?2026h[?25l[A[1Gpulling manifest [K
pulling aeda25e63ebd:  17% ▕███               ▏ 570 MB/3.3 GB  5.4 MB/s   8m29s[K[?25h[?2026l[?2026h[?25l[A[1Gpulling manifest [K
pulling aeda25e63ebd:  17% ▕███               ▏ 571 MB/3.3 GB  5.4 MB/s   8m31s[K[?25h[?2026l[?2026h[?25l[A[1Gpulling manifest [K
pulling aeda25e63ebd:  17% ▕███               ▏ 571 MB/3.3 GB  5.4 MB/s   8m31s[K[?25h[?2026l[?2026h[?25l[A[1Gpulling manifest [K
pulling aeda25e63ebd:  17% ▕███               ▏ 572 MB/3.3 GB  5.4 MB/s   8m31s[K[?25h[?2026l[?2026h[?25l[A[1Gpulling manifest [K
pulling aeda25e63ebd:  17% ▕███               ▏ 572 MB/3.3 GB  5.4 MB/s   8m31s[K[?25h[?2026l[?2026h[?25l[A[1Gpulling manifest [K
pulling aeda25e63ebd:  17% ▕███               ▏ 573 MB/3.3 GB  5.4 MB/s   8m30s[K[?25h[?2026l[?2026h[?25l[A[1Gpulling manifest [K
pulling aeda25e63ebd:  17% ▕███               ▏ 574 MB/3.3 GB  5.4 MB/s   8m30s[K[?25h[?2026l[?2026h[?25l[A[1Gpulling manifest [K
pulling aeda25e63ebd:  17% ▕███               ▏ 574 MB/3.3 GB  5.4 MB/s   8m30s[K[?25h[?2026l[?2026h[?25l[A[1Gpulling manifest [K
pulling aeda25e63ebd:  17% ▕███               ▏ 575 MB/3.3 GB  5.4 MB/s   8m30s[K[?25h[?2026l[?2026h[?25l[A[1Gpulling manifest [K
pulling aeda25e63ebd:  17% ▕███               ▏ 575 MB/3.3 GB  5.4 MB/s   8m30s[K[?25h[?2026l[?2026h[?25l[A[1Gpulling manifest [K
pulling aeda25e63ebd:  17% ▕███               ▏ 576 MB/3.3 GB  5.4 MB/s   8m30s[K[?25h[?2026l[?2026h[?25l[A[1Gpulling manifest [K
pulling aeda25e63ebd:  17% ▕███               ▏ 577 MB/3.3 GB  5.5 MB/s   8m26s[K[?25h[?2026l[?2026h[?25l[A[1Gpulling manifest [K
pulling aeda25e63ebd:  17% ▕███               ▏ 577 MB/3.3 GB  5.5 MB/s   8m26s[K[?25h[?2026l[?2026h[?25l[A[1Gpulling manifest [K
pulling aeda25e63ebd:  17% ▕███               ▏ 578 MB/3.3 GB  5.5 MB/s   8m26s[K[?25h[?2026l[?2026h[?25l[A[1Gpulling manifest [K
pulling aeda25e63ebd:  17% ▕███               ▏ 578 MB/3.3 GB  5.5 MB/s   8m26s[K[?25h[?2026l[?2026h[?25l[A[1Gpulling manifest [K
pulling aeda25e63ebd:  17% ▕███               ▏ 578 MB/3.3 GB  5.5 MB/s   8m25s[K[?25h[?2026l[?2026h[?25l[A[1Gpulling manifest [K
pulling aeda25e63ebd:  17% ▕███               ▏ 579 MB/3.3 GB  5.5 MB/s   8m25s[K[?25h[?2026l[?2026h[?25l[A[1Gpulling manifest [K
pulling aeda25e63ebd:  17% ▕███               ▏ 580 MB/3.3 GB  5.5 MB/s   8m25s[K[?25h[?2026l[?2026h[?25l[A[1Gpulling manifest [K
pulling aeda25e63ebd:  17% ▕███               ▏ 580 MB/3.3 GB  5.5 MB/s   8m25s[K[?25h[?2026l[?2026h[?25l[A[1Gpulling manifest [K
pulling aeda25e63ebd:  17% ▕███               ▏ 581 MB/3.3 GB  5.5 MB/s   8m25s[K[?25h[?2026l[?2026h[?25l[A[1Gpulling manifest [K
pulling aeda25e63ebd:  17% ▕███               ▏ 582 MB/3.3 GB  5.5 MB/s   8m25s[K[?25h[?2026l[?2026h[?25l[A[1Gpulling manifest [K
pulling aeda25e63ebd:  17% ▕███               ▏ 582 MB/3.3 GB  5.5 MB/s   8m25s[K[?25h[?2026l[?2026h[?25l[A[1Gpulling manifest [K
pulling aeda25e63ebd:  17% ▕███               ▏ 583 MB/3.3 GB  5.5 MB/s   8m25s[K[?25h[?2026l[?2026h[?25l[A[1Gpulling manifest [K
pulling aeda25e63ebd:  17% ▕███               ▏ 583 MB/3.3 GB  5.5 MB/s   8m25s[K[?25h[?2026l[?2026h[?25l[A[1Gpulling manifest [K
pulling aeda25e63ebd:  17% ▕███               ▏ 584 MB/3.3 GB  5.5 MB/s   8m25s[K[?25h[?2026l[?2026h[?25l[A[1Gpulling manifest [K
pulling aeda25e63ebd:  18% ▕███               ▏ 584 MB/3.3 GB  5.5 MB/s   8m25s[K[?25h[?2026l[?2026h[?25l[A[1Gpulling manifest [K
pulling aeda25e63ebd:  18% ▕███               ▏ 584 MB/3.3 GB  5.5 MB/s   8m25s[K[?25h[?2026l[?2026h[?25l[A[1Gpulling manifest [K
pulling aeda25e63ebd:  18% ▕███               ▏ 585 MB/3.3 GB  5.5 MB/s   8m25s[K[?25h[?2026l[?2026h[?25l[A[1Gpulling manifest [K
pulling aeda25e63ebd:  18% ▕███               ▏ 585 MB/3.3 GB  5.5 MB/s   8m25s[K[?25h[?2026l[?2026h[?25l[A[1Gpulling manifest [K
pulling aeda25e63ebd:  18% ▕███               ▏ 585 MB/3.3 GB  5.5 MB/s   8m25s[K[?25h[?2026l[?2026h[?25l[A[1Gpulling manifest [K
pulling aeda25e63ebd:  18% ▕███               ▏ 586 MB/3.3 GB  5.5 MB/s   8m25s[K[?25h[?2026l[?2026h[?25l[A[1Gpulling manifest [K
pulling aeda25e63ebd:  18% ▕███               ▏ 587 MB/3.3 GB  5.3 MB/s   8m36s[K[?25h[?2026l[?2026h[?25l[A[1Gpulling manifest [K
pulling aeda25e63ebd:  18% ▕███               ▏ 587 MB/3.3 GB  5.3 MB/s   8m36s[K[?25h[?2026l[?2026h[?25l[A[1Gpulling manifest [K
pulling aeda25e63ebd:  18% ▕███               ▏ 587 MB/3.3 GB  5.3 MB/s   8m36s[K[?25h[?2026l[?2026h[?25l[A[1Gpulling manifest [K
pulling aeda25e63ebd:  18% ▕███               ▏ 588 MB/3.3 GB  5.3 MB/s   8m36s[K[?25h[?2026l[?2026h[?25l[A[1Gpulling manifest [K
pulling aeda25e63ebd:  18% ▕███               ▏ 588 MB/3.3 GB  5.3 MB/s   8m36s[K[?25h[?2026l[?2026h[?25l[A[1Gpulling manifest [K
pulling aeda25e63ebd:  18% ▕███               ▏ 589 MB/3.3 GB  5.3 MB/s   8m36s[K[?25h[?2026l[?2026h[?25l[A[1Gpulling manifest [K
pulling aeda25e63ebd:  18% ▕███               ▏ 589 MB/3.3 GB  5.3 MB/s   8m36s[K[?25h[?2026l[?2026h[?25l[A[1Gpulling manifest [K
pulling aeda25e63ebd:  18% ▕███               ▏ 589 MB/3.3 GB  5.3 MB/s   8m35s[K[?25h[?2026l[?2026h[?25l[A[1Gpulling manifest [K
pulling aeda25e63ebd:  18% ▕███               ▏ 590 MB/3.3 GB  5.3 MB/s   8m35s[K[?25h[?2026l[?2026h[?25l[A[1Gpulling manifest [K
pulling aeda25e63ebd:  18% ▕███               ▏ 591 MB/3.3 GB  5.3 MB/s   8m35s[K[?25h[?2026l[?2026h[?25l[A[1Gpulling manifest [K
pulling aeda25e63ebd:  18% ▕███               ▏ 591 MB/3.3 GB  5.2 MB/s   8m48s[K[?25h[?2026l[?2026h[?25l[A[1Gpulling manifest [K
pulling aeda25e63ebd:  18% ▕███               ▏ 591 MB/3.3 GB  5.2 MB/s   8m48s[K[?25h[?2026l[?2026h[?25l[A[1Gpulling manifest [K
pulling aeda25e63ebd:  18% ▕███               ▏ 592 MB/3.3 GB  5.2 MB/s   8m47s[K[?25h[?2026l[?2026h[?25l[A[1Gpulling manifest [K
pulling aeda25e63ebd:  18% ▕███               ▏ 593 MB/3.3 GB  5.2 MB/s   8m47s[K[?25h[?2026l[?2026h[?25l[A[1Gpulling manifest [K
pulling aeda25e63ebd:  18% ▕███               ▏ 593 MB/3.3 GB  5.2 MB/s   8m47s[K[?25h[?2026l[?2026h[?25l[A[1Gpulling manifest [K
pulling aeda25e63ebd:  18% ▕███               ▏ 594 MB/3.3 GB  5.2 MB/s   8m47s[K[?25h[?2026l[?2026h[?25l[A[1Gpulling manifest [K
pulling aeda25e63ebd:  18% ▕███               ▏ 594 MB/3.3 GB  5.2 MB/s   8m47s[K[?25h[?2026l[?2026h[?25l[A[1Gpulling manifest [K
pulling aeda25e63ebd:  18% ▕███               ▏ 594 MB/3.3 GB  5.2 MB/s   8m47s[K[?25h[?2026l[?2026h[?25l[A[1Gpulling manifest [K
pulling aeda25e63ebd:  18% ▕███               ▏ 595 MB/3.3 GB  5.2 MB/s   8m47s[K[?25h[?2026l[?2026h[?25l[A[1Gpulling manifest [K
pulling aeda25e63ebd:  18% ▕███               ▏ 596 MB/3.3 GB  5.2 MB/s   8m47s[K[?25h[?2026l[?2026h[?25l[A[1Gpulling manifest [K
pulling aeda25e63ebd:  18% ▕███               ▏ 596 MB/3.3 GB  5.2 MB/s   8m47s[K[?25h[?2026l[?2026h[?25l[A[1Gpulling manifest [K
pulling aeda25e63ebd:  18% ▕███               ▏ 596 MB/3.3 GB  5.2 MB/s   8m45s[K[?25h[?2026l[?2026h[?25l[A[1Gpulling manifest [K
pulling aeda25e63ebd:  18% ▕███               ▏ 597 MB/3.3 GB  5.2 MB/s   8m45s[K[?25h[?2026l[?2026h[?25l[A[1Gpulling manifest [K
pulling aeda25e63ebd:  18% ▕███               ▏ 598 MB/3.3 GB  5.2 MB/s   8m45s[K[?25h[?2026l[?2026h[?25l[A[1Gpulling manifest [K
pulling aeda25e63ebd:  18% ▕███               ▏ 598 MB/3.3 GB  5.2 MB/s   8m45s[K[?25h[?2026l[?2026h[?25l[A[1Gpulling manifest [K
pulling aeda25e63ebd:  18% ▕███               ▏ 599 MB/3.3 GB  5.2 MB/s   8m45s[K[?25h[?2026l[?2026h[?25l[A[1Gpulling manifest [K
pulling aeda25e63ebd:  18% ▕███               ▏ 599 MB/3.3 GB  5.2 MB/s   8m45s[K[?25h[?2026l[?2026h[?25l[A[1Gpulling manifest [K
pulling aeda25e63ebd:  18% ▕███               ▏ 600 MB/3.3 GB  5.2 MB/s   8m45s[K[?25h[?2026l[?2026h[?25l[A[1Gpulling manifest [K
pulling aeda25e63ebd:  18% ▕███               ▏ 600 MB/3.3 GB  5.2 MB/s   8m45s[K[?25h[?2026l[?2026h[?25l[A[1Gpulling manifest [K
pulling aeda25e63ebd:  18% ▕███               ▏ 600 MB/3.3 GB  5.2 MB/s   8m45s[K[?25h[?2026l[?2026h[?25l[A[1Gpulling manifest [K
pulling aeda25e63ebd:  18% ▕███               ▏ 601 MB/3.3 GB  5.2 MB/s   8m44s[K[?25h[?2026l[?2026h[?25l[A[1Gpulling manifest [K
pulling aeda25e63ebd:  18% ▕███               ▏ 601 MB/3.3 GB  5.2 MB/s   8m41s[K[?25h[?2026l[?2026h[?25l[A[1Gpulling manifest [K
pulling aeda25e63ebd:  18% ▕███               ▏ 601 MB/3.3 GB  5.2 MB/s   8m41s[K[?25h[?2026l[?2026h[?25l[A[1Gpulling manifest [K
pulling aeda25e63ebd:  18% ▕███               ▏ 601 MB/3.3 GB  5.2 MB/s   8m41s[K[?25h[?2026l[?2026h[?25l[A[1Gpulling manifest [K
pulling aeda25e63ebd:  18% ▕███               ▏ 602 MB/3.3 GB  5.2 MB/s   8m41s[K[?25h[?2026l[?2026h[?25l[A[1Gpulling manifest [K
pulling aeda25e63ebd:  18% ▕███               ▏ 602 MB/3.3 GB  5.2 MB/s   8m41s[K[?25h[?2026l[?2026h[?25l[A[1Gpulling manifest [K
pulling aeda25e63ebd:  18% ▕███               ▏ 602 MB/3.3 GB  5.2 MB/s   8m41s[K[?25h[?2026l[?2026h[?25l[A[1Gpulling manifest [K
pulling aeda25e63ebd:  18% ▕███               ▏ 603 MB/3.3 GB  5.2 MB/s   8m41s[K[?25h[?2026l[?2026h[?25l[A[1Gpulling manifest [K
pulling aeda25e63ebd:  18% ▕███               ▏ 603 MB/3.3 GB  5.2 MB/s   8m41s[K[?25h[?2026l[?2026h[?25l[A[1Gpulling manifest [K
pulling aeda25e63ebd:  18% ▕███               ▏ 604 MB/3.3 GB  5.2 MB/s   8m41s[K[?25h[?2026l[?2026h[?25l[A[1Gpulling manifest [K
pulling aeda25e63ebd:  18% ▕███               ▏ 605 MB/3.3 GB  5.2 MB/s   8m40s[K[?25h[?2026l[?2026h[?25l[A[1Gpulling manifest [K
pulling aeda25e63ebd:  18% ▕███               ▏ 605 MB/3.3 GB  5.2 MB/s   8m49s[K[?25h[?2026l[?2026h[?25l[A[1Gpulling manifest [K
pulling aeda25e63ebd:  18% ▕███               ▏ 606 MB/3.3 GB  5.2 MB/s   8m49s[K[?25h[?2026l[?2026h[?25l[A[1Gpulling manifest [K
pulling aeda25e63ebd:  18% ▕███               ▏ 607 MB/3.3 GB  5.2 MB/s   8m49s[K[?25h[?2026l[?2026h[?25l[A[1Gpulling manifest [K
pulling aeda25e63ebd:  18% ▕███               ▏ 607 MB/3.3 GB  5.2 MB/s   8m49s[K[?25h[?2026l[?2026h[?25l[A[1Gpulling manifest [K
pulling aeda25e63ebd:  18% ▕███               ▏ 608 MB/3.3 GB  5.2 MB/s   8m49s[K[?25h[?2026l[?2026h[?25l[A[1Gpulling manifest [K
pulling aeda25e63ebd:  18% ▕███               ▏ 608 MB/3.3 GB  5.2 MB/s   8m49s[K[?25h[?2026l[?2026h[?25l[A[1Gpulling manifest [K
pulling aeda25e63ebd:  18% ▕███               ▏ 609 MB/3.3 GB  5.2 MB/s   8m49s[K[?25h[?2026l[?2026h[?25l[A[1Gpulling manifest [K
pulling aeda25e63ebd:  18% ▕███               ▏ 609 MB/3.3 GB  5.2 MB/s   8m49s[K[?25h[?2026l[?2026h[?25l[A[1Gpulling manifest [K
pulling aeda25e63ebd:  18% ▕███               ▏ 610 MB/3.3 GB  5.2 MB/s   8m49s[K[?25h[?2026l[?2026h[?25l[A[1Gpulling manifest [K
pulling aeda25e63ebd:  18% ▕███               ▏ 610 MB/3.3 GB  5.2 MB/s   8m48s[K[?25h[?2026l[?2026h[?25l[A[1Gpulling manifest [K
pulling aeda25e63ebd:  18% ▕███               ▏ 611 MB/3.3 GB  5.1 MB/s   8m54s[K[?25h[?2026l[?2026h[?25l[A[1Gpulling manifest [K
pulling aeda25e63ebd:  18% ▕███               ▏ 612 MB/3.3 GB  5.1 MB/s   8m54s[K[?25h[?2026l[?2026h[?25l[A[1Gpulling manifest [K
pulling aeda25e63ebd:  18% ▕███               ▏ 612 MB/3.3 GB  5.1 MB/s   8m54s[K[?25h[?2026l[?2026h[?25l[A[1Gpulling manifest [K
pulling aeda25e63ebd:  18% ▕███               ▏ 613 MB/3.3 GB  5.1 MB/s   8m54s[K[?25h[?2026l[?2026h[?25l[A[1Gpulling manifest [K
pulling aeda25e63ebd:  18% ▕███               ▏ 613 MB/3.3 GB  5.1 MB/s   8m53s[K[?25h[?2026l[?2026h[?25l[A[1Gpulling manifest [K
pulling aeda25e63ebd:  18% ▕███               ▏ 614 MB/3.3 GB  5.1 MB/s   8m53s[K[?25h[?2026l[?2026h[?25l[A[1Gpulling manifest [K
pulling aeda25e63ebd:  18% ▕███               ▏ 614 MB/3.3 GB  5.1 MB/s   8m53s[K[?25h[?2026l[?2026h[?25l[A[1Gpulling manifest [K
pulling aeda25e63ebd:  18% ▕███               ▏ 615 MB/3.3 GB  5.1 MB/s   8m53s[K[?25h[?2026l[?2026h[?25l[A[1Gpulling manifest [K
pulling aeda25e63ebd:  18% ▕███               ▏ 616 MB/3.3 GB  5.1 MB/s   8m53s[K[?25h[?2026l[?2026h[?25l[A[1Gpulling manifest [K
pulling aeda25e63ebd:  18% ▕███               ▏ 616 MB/3.3 GB  5.1 MB/s   8m53s[K[?25h[?2026l[?2026h[?25l[A[1Gpulling manifest [K
pulling aeda25e63ebd:  18% ▕███               ▏ 617 MB/3.3 GB  5.1 MB/s   8m48s[K[?25h[?2026l[?2026h[?25l[A[1Gpulling manifest [K
pulling aeda25e63ebd:  19% ▕███               ▏ 617 MB/3.3 GB  5.1 MB/s   8m48s[K[?25h[?2026l[?2026h[?25l[A[1Gpulling manifest [K
pulling aeda25e63ebd:  19% ▕███               ▏ 618 MB/3.3 GB  5.1 MB/s   8m48s[K[?25h[?2026l[?2026h[?25l[A[1Gpulling manifest [K
pulling aeda25e63ebd:  19% ▕███               ▏ 618 MB/3.3 GB  5.1 MB/s   8m48s[K[?25h[?2026l[?2026h[?25l[A[1Gpulling manifest [K
pulling aeda25e63ebd:  19% ▕███               ▏ 618 MB/3.3 GB  5.1 MB/s   8m48s[K[?25h[?2026l[?2026h[?25l[A[1Gpulling manifest [K
pulling aeda25e63ebd:  19% ▕███               ▏ 620 MB/3.3 GB  5.1 MB/s   8m48s[K[?25h[?2026l[?2026h[?25l[A[1Gpulling manifest [K
pulling aeda25e63ebd:  19% ▕███               ▏ 620 MB/3.3 GB  5.1 MB/s   8m48s[K[?25h[?2026l[?2026h[?25l[A[1Gpulling manifest [K
pulling aeda25e63ebd:  19% ▕███               ▏ 620 MB/3.3 GB  5.1 MB/s   8m48s[K[?25h[?2026l[?2026h[?25l[A[1Gpulling manifest [K
pulling aeda25e63ebd:  19% ▕███               ▏ 621 MB/3.3 GB  5.1 MB/s   8m47s[K[?25h[?2026l[?2026h[?25l[A[1Gpulling manifest [K
pulling aeda25e63ebd:  19% ▕███               ▏ 622 MB/3.3 GB  5.1 MB/s   8m47s[K[?25h[?2026l[?2026h[?25l[A[1Gpulling manifest [K
pulling aeda25e63ebd:  19% ▕███               ▏ 622 MB/3.3 GB  5.1 MB/s   8m47s[K[?25h[?2026l[?2026h[?25l[A[1Gpulling manifest [K
pulling aeda25e63ebd:  19% ▕███               ▏ 623 MB/3.3 GB  5.1 MB/s   8m51s[K[?25h[?2026l[?2026h[?25l[A[1Gpulling manifest [K
pulling aeda25e63ebd:  19% ▕███               ▏ 623 MB/3.3 GB  5.1 MB/s   8m51s[K[?25h[?2026l[?2026h[?25l[A[1Gpulling manifest [K
pulling aeda25e63ebd:  19% ▕███               ▏ 624 MB/3.3 GB  5.1 MB/s   8m51s[K[?25h[?2026l[?2026h[?25l[A[1Gpulling manifest [K
pulling aeda25e63ebd:  19% ▕███               ▏ 624 MB/3.3 GB  5.1 MB/s   8m51s[K[?25h[?2026l[?2026h[?25l[A[1Gpulling manifest [K
pulling aeda25e63ebd:  19% ▕███               ▏ 625 MB/3.3 GB  5.1 MB/s   8m51s[K[?25h[?2026l[?2026h[?25l[A[1Gpulling manifest [K
pulling aeda25e63ebd:  19% ▕███               ▏ 625 MB/3.3 GB  5.1 MB/s   8m51s[K[?25h[?2026l[?2026h[?25l[A[1Gpulling manifest [K
pulling aeda25e63ebd:  19% ▕███               ▏ 626 MB/3.3 GB  5.1 MB/s   8m51s[K[?25h[?2026l[?2026h[?25l[A[1Gpulling manifest [K
pulling aeda25e63ebd:  19% ▕███               ▏ 627 MB/3.3 GB  5.1 MB/s   8m50s[K[?25h[?2026l[?2026h[?25l[A[1Gpulling manifest [K
pulling aeda25e63ebd:  19% ▕███               ▏ 627 MB/3.3 GB  5.1 MB/s   8m50s[K[?25h[?2026l[?2026h[?25l[A[1Gpulling manifest [K
pulling aeda25e63ebd:  19% ▕███               ▏ 628 MB/3.3 GB  5.1 MB/s   8m50s[K[?25h[?2026l[?2026h[?25l[A[1Gpulling manifest [K
pulling aeda25e63ebd:  19% ▕███               ▏ 628 MB/3.3 GB  5.1 MB/s   8m51s[K[?25h[?2026l[?2026h[?25l[A[1Gpulling manifest [K
pulling aeda25e63ebd:  19% ▕███               ▏ 629 MB/3.3 GB  5.1 MB/s   8m51s[K[?25h[?2026l[?2026h[?25l[A[1Gpulling manifest [K
pulling aeda25e63ebd:  19% ▕███               ▏ 629 MB/3.3 GB  5.1 MB/s   8m51s[K[?25h[?2026l[?2026h[?25l[A[1Gpulling manifest [K
pulling aeda25e63ebd:  19% ▕███               ▏ 630 MB/3.3 GB  5.1 MB/s   8m50s[K[?25h[?2026l[?2026h[?25l[A[1Gpulling manifest [K
pulling aeda25e63ebd:  19% ▕███               ▏ 630 MB/3.3 GB  5.1 MB/s   8m50s[K[?25h[?2026l[?2026h[?25l[A[1Gpulling manifest [K
pulling aeda25e63ebd:  19% ▕███               ▏ 631 MB/3.3 GB  5.1 MB/s   8m50s[K[?25h[?2026l[?2026h[?25l[A[1Gpulling manifest [K
pulling aeda25e63ebd:  19% ▕███               ▏ 632 MB/3.3 GB  5.1 MB/s   8m50s[K[?25h[?2026l[?2026h[?25l[A[1Gpulling manifest [K
pulling aeda25e63ebd:  19% ▕███               ▏ 632 MB/3.3 GB  5.1 MB/s   8m50s[K[?25h[?2026l[?2026h[?25l[A[1Gpulling manifest [K
pulling aeda25e63ebd:  19% ▕███               ▏ 633 MB/3.3 GB  5.1 MB/s   8m50s[K[?25h[?2026l[?2026h[?25l[A[1Gpulling manifest [K
pulling aeda25e63ebd:  19% ▕███               ▏ 634 MB/3.3 GB  5.1 MB/s   8m50s[K[?25h[?2026l[?2026h[?25l[A[1Gpulling manifest [K
pulling aeda25e63ebd:  19% ▕███               ▏ 634 MB/3.3 GB  5.3 MB/s   8m33s[K[?25h[?2026l[?2026h[?25l[A[1Gpulling manifest [K
pulling aeda25e63ebd:  19% ▕███               ▏ 635 MB/3.3 GB  5.3 MB/s   8m33s[K[?25h[?2026l[?2026h[?25l[A[1Gpulling manifest [K
pulling aeda25e63ebd:  19% ▕███               ▏ 635 MB/3.3 GB  5.3 MB/s   8m33s[K[?25h[?2026l[?2026h[?25l[A[1Gpulling manifest [K
pulling aeda25e63ebd:  19% ▕███               ▏ 636 MB/3.3 GB  5.3 MB/s   8m33s[K[?25h[?2026l[?2026h[?25l[A[1Gpulling manifest [K
pulling aeda25e63ebd:  19% ▕███               ▏ 636 MB/3.3 GB  5.3 MB/s   8m33s[K[?25h[?2026l[?2026h[?25l[A[1Gpulling manifest [K
pulling aeda25e63ebd:  19% ▕███               ▏ 637 MB/3.3 GB  5.3 MB/s   8m32s[K[?25h[?2026l[?2026h[?25l[A[1Gpulling manifest [K
pulling aeda25e63ebd:  19% ▕███               ▏ 637 MB/3.3 GB  5.3 MB/s   8m32s[K[?25h[?2026l[?2026h[?25l[A[1Gpulling manifest [K
pulling aeda25e63ebd:  19% ▕███               ▏ 638 MB/3.3 GB  5.3 MB/s   8m32s[K[?25h[?2026l[?2026h[?25l[A[1Gpulling manifest [K
pulling aeda25e63ebd:  19% ▕███               ▏ 639 MB/3.3 GB  5.3 MB/s   8m32s[K[?25h[?2026l[?2026h[?25l[A[1Gpulling manifest [K
pulling aeda25e63ebd:  19% ▕███               ▏ 639 MB/3.3 GB  5.3 MB/s   8m32s[K[?25h[?2026l[?2026h[?25l[A[1Gpulling manifest [K
pulling aeda25e63ebd:  19% ▕███               ▏ 640 MB/3.3 GB  5.4 MB/s   8m18s[K[?25h[?2026l[?2026h[?25l[A[1Gpulling manifest [K
pulling aeda25e63ebd:  19% ▕███               ▏ 640 MB/3.3 GB  5.4 MB/s   8m18s[K[?25h[?2026l[?2026h[?25l[A[1Gpulling manifest [K
pulling aeda25e63ebd:  19% ▕███               ▏ 641 MB/3.3 GB  5.4 MB/s   8m18s[K[?25h[?2026l[?2026h[?25l[A[1Gpulling manifest [K
pulling aeda25e63ebd:  19% ▕███               ▏ 642 MB/3.3 GB  5.4 MB/s   8m18s[K[?25h[?2026l[?2026h[?25l[A[1Gpulling manifest [K
pulling aeda25e63ebd:  19% ▕███               ▏ 642 MB/3.3 GB  5.4 MB/s   8m18s[K[?25h[?2026l[?2026h[?25l[A[1Gpulling manifest [K
pulling aeda25e63ebd:  19% ▕███               ▏ 642 MB/3.3 GB  5.4 MB/s   8m18s[K[?25h[?2026l[?2026h[?25l[A[1Gpulling manifest [K
pulling aeda25e63ebd:  19% ▕███               ▏ 643 MB/3.3 GB  5.4 MB/s   8m18s[K[?25h[?2026l[?2026h[?25l[A[1Gpulling manifest [K
pulling aeda25e63ebd:  19% ▕███               ▏ 644 MB/3.3 GB  5.4 MB/s   8m18s[K[?25h[?2026l[?2026h[?25l[A[1Gpulling manifest [K
pulling aeda25e63ebd:  19% ▕███               ▏ 644 MB/3.3 GB  5.4 MB/s   8m18s[K[?25h[?2026l[?2026h[?25l[A[1Gpulling manifest [K
pulling aeda25e63ebd:  19% ▕███               ▏ 645 MB/3.3 GB  5.4 MB/s   8m18s[K[?25h[?2026l[?2026h[?25l[A[1Gpulling manifest [K
pulling aeda25e63ebd:  19% ▕███               ▏ 645 MB/3.3 GB  5.5 MB/s   8m13s[K[?25h[?2026l[?2026h[?25l[A[1Gpulling manifest [K
pulling aeda25e63ebd:  19% ▕███               ▏ 646 MB/3.3 GB  5.5 MB/s   8m13s[K[?25h[?2026l[?2026h[?25l[A[1Gpulling manifest [K
pulling aeda25e63ebd:  19% ▕███               ▏ 646 MB/3.3 GB  5.5 MB/s   8m13s[K[?25h[?2026l[?2026h[?25l[A[1Gpulling manifest [K
pulling aeda25e63ebd:  19% ▕███               ▏ 647 MB/3.3 GB  5.5 MB/s   8m12s[K[?25h[?2026l[?2026h[?25l[A[1Gpulling manifest [K
pulling aeda25e63ebd:  19% ▕███               ▏ 648 MB/3.3 GB  5.5 MB/s   8m12s[K[?25h[?2026l[?2026h[?25l[A[1Gpulling manifest [K
pulling aeda25e63ebd:  19% ▕███               ▏ 648 MB/3.3 GB  5.5 MB/s   8m12s[K[?25h[?2026l[?2026h[?25l[A[1Gpulling manifest [K
pulling aeda25e63ebd:  19% ▕███               ▏ 649 MB/3.3 GB  5.5 MB/s   8m12s[K[?25h[?2026l[?2026h[?25l[A[1Gpulling manifest [K
pulling aeda25e63ebd:  19% ▕███               ▏ 649 MB/3.3 GB  5.5 MB/s   8m12s[K[?25h[?2026l[?2026h[?25l[A[1Gpulling manifest [K
pulling aeda25e63ebd:  19% ▕███               ▏ 650 MB/3.3 GB  5.5 MB/s   8m12s[K[?25h[?2026l[?2026h[?25l[A[1Gpulling manifest [K
pulling aeda25e63ebd:  20% ▕███               ▏ 651 MB/3.3 GB  5.5 MB/s   8m12s[K[?25h[?2026l[?2026h[?25l[A[1Gpulling manifest [K
pulling aeda25e63ebd:  20% ▕███               ▏ 651 MB/3.3 GB  5.5 MB/s   8m12s[K[?25h[?2026l[?2026h[?25l[A[1Gpulling manifest [K
pulling aeda25e63ebd:  20% ▕███               ▏ 652 MB/3.3 GB  5.6 MB/s   7m57s[K[?25h[?2026l[?2026h[?25l[A[1Gpulling manifest [K
pulling aeda25e63ebd:  20% ▕███               ▏ 653 MB/3.3 GB  5.6 MB/s   7m57s[K[?25h[?2026l[?2026h[?25l[A[1Gpulling manifest [K
pulling aeda25e63ebd:  20% ▕███               ▏ 653 MB/3.3 GB  5.6 MB/s   7m57s[K[?25h[?2026l[?2026h[?25l[A[1Gpulling manifest [K
pulling aeda25e63ebd:  20% ▕███               ▏ 654 MB/3.3 GB  5.6 MB/s   7m57s[K[?25h[?2026l[?2026h[?25l[A[1Gpulling manifest [K
pulling aeda25e63ebd:  20% ▕███               ▏ 654 MB/3.3 GB  5.6 MB/s   7m57s[K[?25h[?2026l[?2026h[?25l[A[1Gpulling manifest [K
pulling aeda25e63ebd:  20% ▕███               ▏ 655 MB/3.3 GB  5.6 MB/s   7m57s[K[?25h[?2026l[?2026h[?25l[A[1Gpulling manifest [K
pulling aeda25e63ebd:  20% ▕███               ▏ 655 MB/3.3 GB  5.6 MB/s   7m57s[K[?25h[?2026l[?2026h[?25l[A[1Gpulling manifest [K
pulling aeda25e63ebd:  20% ▕███               ▏ 656 MB/3.3 GB  5.6 MB/s   7m56s[K[?25h[?2026l[?2026h[?25l[A[1Gpulling manifest [K
pulling aeda25e63ebd:  20% ▕███               ▏ 656 MB/3.3 GB  5.6 MB/s   7m56s[K[?25h[?2026l[?2026h[?25l[A[1Gpulling manifest [K
pulling aeda25e63ebd:  20% ▕███               ▏ 657 MB/3.3 GB  5.6 MB/s   7m56s[K[?25h[?2026l[?2026h[?25l[A[1Gpulling manifest [K
pulling aeda25e63ebd:  20% ▕███               ▏ 657 MB/3.3 GB  5.8 MB/s   7m46s[K[?25h[?2026l[?2026h[?25l[A[1Gpulling manifest [K
pulling aeda25e63ebd:  20% ▕███               ▏ 658 MB/3.3 GB  5.8 MB/s   7m46s[K[?25h[?2026l[?2026h[?25l[A[1Gpulling manifest [K
pulling aeda25e63ebd:  20% ▕███               ▏ 658 MB/3.3 GB  5.8 MB/s   7m46s[K[?25h[?2026l[?2026h[?25l[A[1Gpulling manifest [K
pulling aeda25e63ebd:  20% ▕███               ▏ 658 MB/3.3 GB  5.8 MB/s   7m46s[K[?25h[?2026l[?2026h[?25l[A[1Gpulling manifest [K
pulling aeda25e63ebd:  20% ▕███               ▏ 659 MB/3.3 GB  5.8 MB/s   7m45s[K[?25h[?2026l[?2026h[?25l[A[1Gpulling manifest [K
pulling aeda25e63ebd:  20% ▕███               ▏ 659 MB/3.3 GB  5.8 MB/s   7m45s[K[?25h[?2026l[?2026h[?25l[A[1Gpulling manifest [K
pulling aeda25e63ebd:  20% ▕███               ▏ 660 MB/3.3 GB  5.8 MB/s   7m45s[K[?25h[?2026l[?2026h[?25l[A[1Gpulling manifest [K
pulling aeda25e63ebd:  20% ▕███               ▏ 660 MB/3.3 GB  5.8 MB/s   7m45s[K[?25h[?2026l[?2026h[?25l[A[1Gpulling manifest [K
pulling aeda25e63ebd:  20% ▕███               ▏ 660 MB/3.3 GB  5.8 MB/s   7m45s[K[?25h[?2026l[?2026h[?25l[A[1Gpulling manifest [K
pulling aeda25e63ebd:  20% ▕███               ▏ 661 MB/3.3 GB  5.8 MB/s   7m45s[K[?25h[?2026l[?2026h[?25l[A[1Gpulling manifest [K
pulling aeda25e63ebd:  20% ▕███               ▏ 661 MB/3.3 GB  5.6 MB/s   7m57s[K[?25h[?2026l[?2026h[?25l[A[1Gpulling manifest [K
pulling aeda25e63ebd:  20% ▕███               ▏ 662 MB/3.3 GB  5.6 MB/s   7m57s[K[?25h[?2026l[?2026h[?25l[A[1Gpulling manifest [K
pulling aeda25e63ebd:  20% ▕███               ▏ 663 MB/3.3 GB  5.6 MB/s   7m57s[K[?25h[?2026l[?2026h[?25l[A[1Gpulling manifest [K
pulling aeda25e63ebd:  20% ▕███               ▏ 663 MB/3.3 GB  5.6 MB/s   7m57s[K[?25h[?2026l[?2026h[?25l[A[1Gpulling manifest [K
pulling aeda25e63ebd:  20% ▕███               ▏ 664 MB/3.3 GB  5.6 MB/s   7m57s[K[?25h[?2026l[?2026h[?25l[A[1Gpulling manifest [K
pulling aeda25e63ebd:  20% ▕███               ▏ 664 MB/3.3 GB  5.6 MB/s   7m57s[K[?25h[?2026l[?2026h[?25l[A[1Gpulling manifest [K
pulling aeda25e63ebd:  20% ▕███               ▏ 664 MB/3.3 GB  5.6 MB/s   7m56s[K[?25h[?2026l[?2026h[?25l[A[1Gpulling manifest [K
pulling aeda25e63ebd:  20% ▕███               ▏ 665 MB/3.3 GB  5.6 MB/s   7m56s[K[?25h[?2026l[?2026h[?25l[A[1Gpulling manifest [K
pulling aeda25e63ebd:  20% ▕███               ▏ 666 MB/3.3 GB  5.6 MB/s   7m56s[K[?25h[?2026l[?2026h[?25l[A[1Gpulling manifest [K
pulling aeda25e63ebd:  20% ▕███               ▏ 666 MB/3.3 GB  5.6 MB/s   7m56s[K[?25h[?2026l[?2026h[?25l[A[1Gpulling manifest [K
pulling aeda25e63ebd:  20% ▕███               ▏ 667 MB/3.3 GB  5.6 MB/s    8m0s[K[?25h[?2026l[?2026h[?25l[A[1Gpulling manifest [K
pulling aeda25e63ebd:  20% ▕███               ▏ 668 MB/3.3 GB  5.6 MB/s    8m0s[K[?25h[?2026l[?2026h[?25l[A[1Gpulling manifest [K
pulling aeda25e63ebd:  20% ▕███               ▏ 668 MB/3.3 GB  5.6 MB/s    8m0s[K[?25h[?2026l[?2026h[?25l[A[1Gpulling manifest [K
pulling aeda25e63ebd:  20% ▕███               ▏ 669 MB/3.3 GB  5.6 MB/s   7m59s[K[?25h[?2026l[?2026h[?25l[A[1Gpulling manifest [K
pulling aeda25e63ebd:  20% ▕███               ▏ 669 MB/3.3 GB  5.6 MB/s   7m59s[K[?25h[?2026l[?2026h[?25l[A[1Gpulling manifest [K
pulling aeda25e63ebd:  20% ▕███               ▏ 670 MB/3.3 GB  5.6 MB/s   7m59s[K[?25h[?2026l[?2026h[?25l[A[1Gpulling manifest [K
pulling aeda25e63ebd:  20% ▕███               ▏ 670 MB/3.3 GB  5.6 MB/s   7m59s[K[?25h[?2026l[?2026h[?25l[A[1Gpulling manifest [K
pulling aeda25e63ebd:  20% ▕███               ▏ 671 MB/3.3 GB  5.6 MB/s   7m59s[K[?25h[?2026l[?2026h[?25l[A[1Gpulling manifest [K
pulling aeda25e63ebd:  20% ▕███               ▏ 672 MB/3.3 GB  5.6 MB/s   7m59s[K[?25h[?2026l[?2026h[?25l[A[1Gpulling manifest [K
pulling aeda25e63ebd:  20% ▕███               ▏ 672 MB/3.3 GB  5.6 MB/s   7m59s[K[?25h[?2026l[?2026h[?25l[A[1Gpulling manifest [K
pulling aeda25e63ebd:  20% ▕███               ▏ 673 MB/3.3 GB  5.6 MB/s   7m51s[K[?25h[?2026l[?2026h[?25l[A[1Gpulling manifest [K
pulling aeda25e63ebd:  20% ▕███               ▏ 673 MB/3.3 GB  5.6 MB/s   7m51s[K[?25h[?2026l[?2026h[?25l[A[1Gpulling manifest [K
pulling aeda25e63ebd:  20% ▕███               ▏ 674 MB/3.3 GB  5.6 MB/s   7m51s[K[?25h[?2026l[?2026h[?25l[A[1Gpulling manifest [K
pulling aeda25e63ebd:  20% ▕███               ▏ 675 MB/3.3 GB  5.6 MB/s   7m51s[K[?25h[?2026l[?2026h[?25l[A[1Gpulling manifest [K
pulling aeda25e63ebd:  20% ▕███               ▏ 675 MB/3.3 GB  5.6 MB/s   7m51s[K[?25h[?2026l[?2026h[?25l[A[1Gpulling manifest [K
pulling aeda25e63ebd:  20% ▕███               ▏ 676 MB/3.3 GB  5.6 MB/s   7m51s[K[?25h[?2026l[?2026h[?25l[A[1Gpulling manifest [K
pulling aeda25e63ebd:  20% ▕███               ▏ 677 MB/3.3 GB  5.6 MB/s   7m51s[K[?25h[?2026l[?2026h[?25l[A[1Gpulling manifest [K
pulling aeda25e63ebd:  20% ▕███               ▏ 677 MB/3.3 GB  5.6 MB/s   7m51s[K[?25h[?2026l[?2026h[?25l[A[1Gpulling manifest [K
pulling aeda25e63ebd:  20% ▕███               ▏ 678 MB/3.3 GB  5.6 MB/s   7m51s[K[?25h[?2026l[?2026h[?25l[A[1Gpulling manifest [K
pulling aeda25e63ebd:  20% ▕███               ▏ 678 MB/3.3 GB  5.6 MB/s   7m50s[K[?25h[?2026l[?2026h[?25l[A[1Gpulling manifest [K
pulling aeda25e63ebd:  20% ▕███               ▏ 679 MB/3.3 GB  5.6 MB/s   7m50s[K[?25h[?2026l[?2026h[?25l[A[1Gpulling manifest [K
pulling aeda25e63ebd:  20% ▕███               ▏ 680 MB/3.3 GB  5.7 MB/s   7m46s[K[?25h[?2026l[?2026h[?25l[A[1Gpulling manifest [K
pulling aeda25e63ebd:  20% ▕███               ▏ 680 MB/3.3 GB  5.7 MB/s   7m46s[K[?25h[?2026l[?2026h[?25l[A[1Gpulling manifest [K
pulling aeda25e63ebd:  20% ▕███               ▏ 681 MB/3.3 GB  5.7 MB/s   7m46s[K[?25h[?2026l[?2026h[?25l[A[1Gpulling manifest [K
pulling aeda25e63ebd:  20% ▕███               ▏ 681 MB/3.3 GB  5.7 MB/s   7m46s[K[?25h[?2026l[?2026h[?25l[A[1Gpulling manifest [K
pulling aeda25e63ebd:  20% ▕███               ▏ 682 MB/3.3 GB  5.7 MB/s   7m46s[K[?25h[?2026l[?2026h[?25l[A[1Gpulling manifest [K
pulling aeda25e63ebd:  20% ▕███               ▏ 682 MB/3.3 GB  5.7 MB/s   7m46s[K[?25h[?2026l[?2026h[?25l[A[1Gpulling manifest [K
pulling aeda25e63ebd:  20% ▕███               ▏ 683 MB/3.3 GB  5.7 MB/s   7m46s[K[?25h[?2026l[?2026h[?25l[A[1Gpulling manifest [K
pulling aeda25e63ebd:  21% ▕███               ▏ 684 MB/3.3 GB  5.7 MB/s   7m46s[K[?25h[?2026l[?2026h[?25l[A[1Gpulling manifest [K
pulling aeda25e63ebd:  21% ▕███               ▏ 684 MB/3.3 GB  5.7 MB/s   7m45s[K[?25h[?2026l[?2026h[?25l[A[1Gpulling manifest [K
pulling aeda25e63ebd:  21% ▕███               ▏ 685 MB/3.3 GB  5.7 MB/s   7m45s[K[?25h[?2026l[?2026h[?25l[A[1Gpulling manifest [K
pulling aeda25e63ebd:  21% ▕███               ▏ 686 MB/3.3 GB  5.7 MB/s   7m44s[K[?25h[?2026l[?2026h[?25l[A[1Gpulling manifest [K
pulling aeda25e63ebd:  21% ▕███               ▏ 686 MB/3.3 GB  5.7 MB/s   7m44s[K[?25h[?2026l[?2026h[?25l[A[1Gpulling manifest [K
pulling aeda25e63ebd:  21% ▕███               ▏ 687 MB/3.3 GB  5.7 MB/s   7m44s[K[?25h[?2026l[?2026h[?25l[A[1Gpulling manifest [K
pulling aeda25e63ebd:  21% ▕███               ▏ 687 MB/3.3 GB  5.7 MB/s   7m44s[K[?25h[?2026l[?2026h[?25l[A[1Gpulling manifest [K
pulling aeda25e63ebd:  21% ▕███               ▏ 688 MB/3.3 GB  5.7 MB/s   7m44s[K[?25h[?2026l[?2026h[?25l[A[1Gpulling manifest [K
pulling aeda25e63ebd:  21% ▕███               ▏ 688 MB/3.3 GB  5.7 MB/s   7m44s[K[?25h[?2026l[?2026h[?25l[A[1Gpulling manifest [K
pulling aeda25e63ebd:  21% ▕███               ▏ 689 MB/3.3 GB  5.7 MB/s   7m44s[K[?25h[?2026l[?2026h[?25l[A[1Gpulling manifest [K
pulling aeda25e63ebd:  21% ▕███               ▏ 689 MB/3.3 GB  5.7 MB/s   7m44s[K[?25h[?2026l[?2026h[?25l[A[1Gpulling manifest [K
pulling aeda25e63ebd:  21% ▕███               ▏ 690 MB/3.3 GB  5.7 MB/s   7m44s[K[?25h[?2026l[?2026h[?25l[A[1Gpulling manifest [K
pulling aeda25e63ebd:  21% ▕███               ▏ 691 MB/3.3 GB  5.7 MB/s   7m43s[K[?25h[?2026l[?2026h[?25l[A[1Gpulling manifest [K
pulling aeda25e63ebd:  21% ▕███               ▏ 691 MB/3.3 GB  5.7 MB/s   7m45s[K[?25h[?2026l[?2026h[?25l[A[1Gpulling manifest [K
pulling aeda25e63ebd:  21% ▕███               ▏ 692 MB/3.3 GB  5.7 MB/s   7m44s[K[?25h[?2026l[?2026h[?25l[A[1Gpulling manifest [K
pulling aeda25e63ebd:  21% ▕███               ▏ 692 MB/3.3 GB  5.7 MB/s   7m44s[K[?25h[?2026l[?2026h[?25l[A[1Gpulling manifest [K
pulling aeda25e63ebd:  21% ▕███               ▏ 692 MB/3.3 GB  5.7 MB/s   7m44s[K[?25h[?2026l[?2026h[?25l[A[1Gpulling manifest [K
pulling aeda25e63ebd:  21% ▕███               ▏ 693 MB/3.3 GB  5.7 MB/s   7m44s[K[?25h[?2026l[?2026h[?25l[A[1Gpulling manifest [K
pulling aeda25e63ebd:  21% ▕███               ▏ 693 MB/3.3 GB  5.7 MB/s   7m44s[K[?25h[?2026l[?2026h[?25l[A[1Gpulling manifest [K
pulling aeda25e63ebd:  21% ▕███               ▏ 694 MB/3.3 GB  5.7 MB/s   7m44s[K[?25h[?2026l[?2026h[?25l[A[1Gpulling manifest [K
pulling aeda25e63ebd:  21% ▕███               ▏ 695 MB/3.3 GB  5.7 MB/s   7m44s[K[?25h[?2026l[?2026h[?25l[A[1Gpulling manifest [K
pulling aeda25e63ebd:  21% ▕███               ▏ 695 MB/3.3 GB  5.7 MB/s   7m44s[K[?25h[?2026l[?2026h[?25l[A[1Gpulling manifest [K
pulling aeda25e63ebd:  21% ▕███               ▏ 696 MB/3.3 GB  5.7 MB/s   7m44s[K[?25h[?2026l[?2026h[?25l[A[1Gpulling manifest [K
pulling aeda25e63ebd:  21% ▕███               ▏ 696 MB/3.3 GB  5.7 MB/s   7m44s[K[?25h[?2026l[?2026h[?25l[A[1Gpulling manifest [K
pulling aeda25e63ebd:  21% ▕███               ▏ 697 MB/3.3 GB  5.7 MB/s   7m44s[K[?25h[?2026l[?2026h[?25l[A[1Gpulling manifest [K
pulling aeda25e63ebd:  21% ▕███               ▏ 697 MB/3.3 GB  5.7 MB/s   7m44s[K[?25h[?2026l[?2026h[?25l[A[1Gpulling manifest [K
pulling aeda25e63ebd:  21% ▕███               ▏ 698 MB/3.3 GB  5.7 MB/s   7m44s[K[?25h[?2026l[?2026h[?25l[A[1Gpulling manifest [K
pulling aeda25e63ebd:  21% ▕███               ▏ 699 MB/3.3 GB  5.7 MB/s   7m44s[K[?25h[?2026l[?2026h[?25l[A[1Gpulling manifest [K
pulling aeda25e63ebd:  21% ▕███               ▏ 699 MB/3.3 GB  5.7 MB/s   7m44s[K[?25h[?2026l[?2026h[?25l[A[1Gpulling manifest [K
pulling aeda25e63ebd:  21% ▕███               ▏ 700 MB/3.3 GB  5.7 MB/s   7m44s[K[?25h[?2026l[?2026h[?25l[A[1Gpulling manifest [K
pulling aeda25e63ebd:  21% ▕███               ▏ 700 MB/3.3 GB  5.7 MB/s   7m44s[K[?25h[?2026l[?2026h[?25l[A[1Gpulling manifest [K
pulling aeda25e63ebd:  21% ▕███               ▏ 701 MB/3.3 GB  5.7 MB/s   7m44s[K[?25h[?2026l[?2026h[?25l[A[1Gpulling manifest [K
pulling aeda25e63ebd:  21% ▕███               ▏ 702 MB/3.3 GB  5.7 MB/s   7m43s[K[?25h[?2026l[?2026h[?25l[A[1Gpulling manifest [K
pulling aeda25e63ebd:  21% ▕███               ▏ 702 MB/3.3 GB  5.7 MB/s   7m46s[K[?25h[?2026l[?2026h[?25l[A[1Gpulling manifest [K
pulling aeda25e63ebd:  21% ▕███               ▏ 703 MB/3.3 GB  5.7 MB/s   7m46s[K[?25h[?2026l[?2026h[?25l[A[1Gpulling manifest [K
pulling aeda25e63ebd:  21% ▕███               ▏ 703 MB/3.3 GB  5.7 MB/s   7m45s[K[?25h[?2026l[?2026h[?25l[A[1Gpulling manifest [K
pulling aeda25e63ebd:  21% ▕███               ▏ 704 MB/3.3 GB  5.7 MB/s   7m45s[K[?25h[?2026l[?2026h[?25l[A[1Gpulling manifest [K
pulling aeda25e63ebd:  21% ▕███               ▏ 704 MB/3.3 GB  5.7 MB/s   7m45s[K[?25h[?2026l[?2026h[?25l[A[1Gpulling manifest [K
pulling aeda25e63ebd:  21% ▕███               ▏ 705 MB/3.3 GB  5.7 MB/s   7m45s[K[?25h[?2026l[?2026h[?25l[A[1Gpulling manifest [K
pulling aeda25e63ebd:  21% ▕███               ▏ 706 MB/3.3 GB  5.7 MB/s   7m45s[K[?25h[?2026l[?2026h[?25l[A[1Gpulling manifest [K
pulling aeda25e63ebd:  21% ▕███               ▏ 706 MB/3.3 GB  5.7 MB/s   7m45s[K[?25h[?2026l[?2026h[?25l[A[1Gpulling manifest [K
pulling aeda25e63ebd:  21% ▕███               ▏ 707 MB/3.3 GB  5.7 MB/s   7m45s[K[?25h[?2026l[?2026h[?25l[A[1Gpulling manifest [K
pulling aeda25e63ebd:  21% ▕███               ▏ 707 MB/3.3 GB  5.7 MB/s   7m45s[K[?25h[?2026l[?2026h[?25l[A[1Gpulling manifest [K
pulling aeda25e63ebd:  21% ▕███               ▏ 707 MB/3.3 GB  5.7 MB/s   7m45s[K[?25h[?2026l[?2026h[?25l[A[1Gpulling manifest [K
pulling aeda25e63ebd:  21% ▕███               ▏ 708 MB/3.3 GB  5.6 MB/s   7m48s[K[?25h[?2026l[?2026h[?25l[A[1Gpulling manifest [K
pulling aeda25e63ebd:  21% ▕███               ▏ 709 MB/3.3 GB  5.6 MB/s   7m48s[K[?25h[?2026l[?2026h[?25l[A[1Gpulling manifest [K
pulling aeda25e63ebd:  21% ▕███               ▏ 709 MB/3.3 GB  5.6 MB/s   7m47s[K[?25h[?2026l[?2026h[?25l[A[1Gpulling manifest [K
pulling aeda25e63ebd:  21% ▕███               ▏ 710 MB/3.3 GB  5.6 MB/s   7m47s[K[?25h[?2026l[?2026h[?25l[A[1Gpulling manifest [K
pulling aeda25e63ebd:  21% ▕███               ▏ 711 MB/3.3 GB  5.6 MB/s   7m47s[K[?25h[?2026l[?2026h[?25l[A[1Gpulling manifest [K
pulling aeda25e63ebd:  21% ▕███               ▏ 711 MB/3.3 GB  5.6 MB/s   7m47s[K[?25h[?2026l[?2026h[?25l[A[1Gpulling manifest [K
pulling aeda25e63ebd:  21% ▕███               ▏ 712 MB/3.3 GB  5.6 MB/s   7m47s[K[?25h[?2026l[?2026h[?25l[A[1Gpulling manifest [K
pulling aeda25e63ebd:  21% ▕███               ▏ 712 MB/3.3 GB  5.6 MB/s   7m47s[K[?25h[?2026l[?2026h[?25l[A[1Gpulling manifest [K
pulling aeda25e63ebd:  21% ▕███               ▏ 713 MB/3.3 GB  5.6 MB/s   7m47s[K[?25h[?2026l[?2026h[?25l[A[1Gpulling manifest [K
pulling aeda25e63ebd:  21% ▕███               ▏ 713 MB/3.3 GB  5.6 MB/s   7m47s[K[?25h[?2026l[?2026h[?25l[A[1Gpulling manifest [K
pulling aeda25e63ebd:  21% ▕███               ▏ 714 MB/3.3 GB  5.8 MB/s   7m32s[K[?25h[?2026l[?2026h[?25l[A[1Gpulling manifest [K
pulling aeda25e63ebd:  21% ▕███               ▏ 714 MB/3.3 GB  5.8 MB/s   7m32s[K[?25h[?2026l[?2026h[?25l[A[1Gpulling manifest [K
pulling aeda25e63ebd:  21% ▕███               ▏ 715 MB/3.3 GB  5.8 MB/s   7m32s[K[?25h[?2026l[?2026h[?25l[A[1Gpulling manifest [K
pulling aeda25e63ebd:  21% ▕███               ▏ 715 MB/3.3 GB  5.8 MB/s   7m32s[K[?25h[?2026l[?2026h[?25l[A[1Gpulling manifest [K
pulling aeda25e63ebd:  21% ▕███               ▏ 715 MB/3.3 GB  5.8 MB/s   7m32s[K[?25h[?2026l[?2026h[?25l[A[1Gpulling manifest [K
pulling aeda25e63ebd:  21% ▕███               ▏ 715 MB/3.3 GB  5.8 MB/s   7m32s[K[?25h[?2026l[?2026h[?25l[A[1Gpulling manifest [K
pulling aeda25e63ebd:  21% ▕███               ▏ 716 MB/3.3 GB  5.8 MB/s   7m32s[K[?25h[?2026l[?2026h[?25l[A[1Gpulling manifest [K
pulling aeda25e63ebd:  21% ▕███               ▏ 716 MB/3.3 GB  5.8 MB/s   7m32s[K[?25h[?2026l[?2026h[?25l[A[1Gpulling manifest [K
pulling aeda25e63ebd:  21% ▕███               ▏ 717 MB/3.3 GB  5.8 MB/s   7m32s[K[?25h[?2026l[?2026h[?25l[A[1Gpulling manifest [K
pulling aeda25e63ebd:  21% ▕███               ▏ 717 MB/3.3 GB  5.8 MB/s   7m32s[K[?25h[?2026l[?2026h[?25l[A[1Gpulling manifest [K
pulling aeda25e63ebd:  22% ▕███               ▏ 717 MB/3.3 GB  5.6 MB/s   7m47s[K[?25h[?2026l[?2026h[?25l[A[1Gpulling manifest [K
pulling aeda25e63ebd:  22% ▕███               ▏ 718 MB/3.3 GB  5.6 MB/s   7m47s[K[?25h[?2026l[?2026h[?25l[A[1Gpulling manifest [K
pulling aeda25e63ebd:  22% ▕███               ▏ 719 MB/3.3 GB  5.6 MB/s   7m46s[K[?25h[?2026l[?2026h[?25l[A[1Gpulling manifest [K
pulling aeda25e63ebd:  22% ▕███               ▏ 719 MB/3.3 GB  5.6 MB/s   7m46s[K[?25h[?2026l[?2026h[?25l[A[1Gpulling manifest [K
pulling aeda25e63ebd:  22% ▕███               ▏ 719 MB/3.3 GB  5.6 MB/s   7m46s[K[?25h[?2026l[?2026h[?25l[A[1Gpulling manifest [K
pulling aeda25e63ebd:  22% ▕███               ▏ 720 MB/3.3 GB  5.6 MB/s   7m46s[K[?25h[?2026l[?2026h[?25l[A[1Gpulling manifest [K
pulling aeda25e63ebd:  22% ▕███               ▏ 720 MB/3.3 GB  5.6 MB/s   7m46s[K[?25h[?2026l[?2026h[?25l[A[1Gpulling manifest [K
pulling aeda25e63ebd:  22% ▕███               ▏ 721 MB/3.3 GB  5.6 MB/s   7m46s[K[?25h[?2026l[?2026h[?25l[A[1Gpulling manifest [K
pulling aeda25e63ebd:  22% ▕███               ▏ 722 MB/3.3 GB  5.6 MB/s   7m46s[K[?25h[?2026l[?2026h[?25l[A[1Gpulling manifest [K
pulling aeda25e63ebd:  22% ▕███               ▏ 722 MB/3.3 GB  5.6 MB/s   7m46s[K[?25h[?2026l[?2026h[?25l[A[1Gpulling manifest [K
pulling aeda25e63ebd:  22% ▕███               ▏ 722 MB/3.3 GB  5.5 MB/s   7m58s[K[?25h[?2026l[?2026h[?25l[A[1Gpulling manifest [K
pulling aeda25e63ebd:  22% ▕███               ▏ 723 MB/3.3 GB  5.5 MB/s   7m58s[K[?25h[?2026l[?2026h[?25l[A[1Gpulling manifest [K
pulling aeda25e63ebd:  22% ▕███               ▏ 723 MB/3.3 GB  5.5 MB/s   7m58s[K[?25h[?2026l[?2026h[?25l[A[1Gpulling manifest [K
pulling aeda25e63ebd:  22% ▕███               ▏ 724 MB/3.3 GB  5.5 MB/s   7m58s[K[?25h[?2026l[?2026h[?25l[A[1Gpulling manifest [K
pulling aeda25e63ebd:  22% ▕███               ▏ 724 MB/3.3 GB  5.5 MB/s   7m58s[K[?25h[?2026l[?2026h[?25l[A[1Gpulling manifest [K
pulling aeda25e63ebd:  22% ▕███               ▏ 725 MB/3.3 GB  5.5 MB/s   7m58s[K[?25h[?2026l[?2026h[?25l[A[1Gpulling manifest [K
pulling aeda25e63ebd:  22% ▕███               ▏ 725 MB/3.3 GB  5.5 MB/s   7m58s[K[?25h[?2026l[?2026h[?25l[A[1Gpulling manifest [K
pulling aeda25e63ebd:  22% ▕███               ▏ 726 MB/3.3 GB  5.5 MB/s   7m57s[K[?25h[?2026l[?2026h[?25l[A[1Gpulling manifest [K
pulling aeda25e63ebd:  22% ▕███               ▏ 726 MB/3.3 GB  5.5 MB/s   7m57s[K[?25h[?2026l[?2026h[?25l[A[1Gpulling manifest [K
pulling aeda25e63ebd:  22% ▕███               ▏ 727 MB/3.3 GB  5.5 MB/s   7m57s[K[?25h[?2026l[?2026h[?25l[A[1Gpulling manifest [K
pulling aeda25e63ebd:  22% ▕███               ▏ 727 MB/3.3 GB  5.4 MB/s    8m7s[K[?25h[?2026l[?2026h[?25l[A[1Gpulling manifest [K
pulling aeda25e63ebd:  22% ▕███               ▏ 728 MB/3.3 GB  5.4 MB/s    8m7s[K[?25h[?2026l[?2026h[?25l[A[1Gpulling manifest [K
pulling aeda25e63ebd:  22% ▕███               ▏ 728 MB/3.3 GB  5.4 MB/s    8m7s[K[?25h[?2026l[?2026h[?25l[A[1Gpulling manifest [K
pulling aeda25e63ebd:  22% ▕███               ▏ 729 MB/3.3 GB  5.4 MB/s    8m7s[K[?25h[?2026l[?2026h[?25l[A[1Gpulling manifest [K
pulling aeda25e63ebd:  22% ▕███               ▏ 729 MB/3.3 GB  5.4 MB/s    8m7s[K[?25h[?2026l[?2026h[?25l[A[1Gpulling manifest [K
pulling aeda25e63ebd:  22% ▕███               ▏ 730 MB/3.3 GB  5.4 MB/s    8m7s[K[?25h[?2026l[?2026h[?25l[A[1Gpulling manifest [K
pulling aeda25e63ebd:  22% ▕███               ▏ 731 MB/3.3 GB  5.4 MB/s    8m7s[K[?25h[?2026l[?2026h[?25l[A[1Gpulling manifest [K
pulling aeda25e63ebd:  22% ▕███               ▏ 731 MB/3.3 GB  5.4 MB/s    8m7s[K[?25h[?2026l[?2026h[?25l[A[1Gpulling manifest [K
pulling aeda25e63ebd:  22% ▕███               ▏ 731 MB/3.3 GB  5.4 MB/s    8m7s[K[?25h[?2026l[?2026h[?25l[A[1Gpulling manifest [K
pulling aeda25e63ebd:  22% ▕███               ▏ 732 MB/3.3 GB  5.4 MB/s    8m6s[K[?25h[?2026l[?2026h[?25l[A[1Gpulling manifest [K
pulling aeda25e63ebd:  22% ▕███               ▏ 732 MB/3.3 GB  5.4 MB/s    8m6s[K[?25h[?2026l[?2026h[?25l[A[1Gpulling manifest [K
pulling aeda25e63ebd:  22% ▕███               ▏ 733 MB/3.3 GB  5.2 MB/s   8m18s[K[?25h[?2026l[?2026h[?25l[A[1Gpulling manifest [K
pulling aeda25e63ebd:  22% ▕███               ▏ 733 MB/3.3 GB  5.2 MB/s   8m18s[K[?25h[?2026l[?2026h[?25l[A[1Gpulling manifest [K
pulling aeda25e63ebd:  22% ▕███               ▏ 734 MB/3.3 GB  5.2 MB/s   8m18s[K[?25h[?2026l[?2026h[?25l[A[1Gpulling manifest [K
pulling aeda25e63ebd:  22% ▕███               ▏ 734 MB/3.3 GB  5.2 MB/s   8m18s[K[?25h[?2026l[?2026h[?25l[A[1Gpulling manifest [K
pulling aeda25e63ebd:  22% ▕███               ▏ 735 MB/3.3 GB  5.2 MB/s   8m17s[K[?25h[?2026l[?2026h[?25l[A[1Gpulling manifest [K
pulling aeda25e63ebd:  22% ▕███               ▏ 735 MB/3.3 GB  5.2 MB/s   8m17s[K[?25h[?2026l[?2026h[?25l[A[1Gpulling manifest [K
pulling aeda25e63ebd:  22% ▕███               ▏ 735 MB/3.3 GB  5.2 MB/s   8m17s[K[?25h[?2026l[?2026h[?25l[A[1Gpulling manifest [K
pulling aeda25e63ebd:  22% ▕███               ▏ 736 MB/3.3 GB  5.2 MB/s   8m17s[K[?25h[?2026l[?2026h[?25l[A[1Gpulling manifest [K
pulling aeda25e63ebd:  22% ▕███               ▏ 736 MB/3.3 GB  5.2 MB/s   8m17s[K[?25h[?2026l[?2026h[?25l[A[1Gpulling manifest [K
pulling aeda25e63ebd:  22% ▕███               ▏ 737 MB/3.3 GB  5.2 MB/s   8m17s[K[?25h[?2026l[?2026h[?25l[A[1Gpulling manifest [K
pulling aeda25e63ebd:  22% ▕███               ▏ 737 MB/3.3 GB  5.1 MB/s   8m28s[K[?25h[?2026l[?2026h[?25l[A[1Gpulling manifest [K
pulling aeda25e63ebd:  22% ▕███               ▏ 737 MB/3.3 GB  5.1 MB/s   8m28s[K[?25h[?2026l[?2026h[?25l[A[1Gpulling manifest [K
pulling aeda25e63ebd:  22% ▕███               ▏ 738 MB/3.3 GB  5.1 MB/s   8m27s[K[?25h[?2026l[?2026h[?25l[A[1Gpulling manifest [K
pulling aeda25e63ebd:  22% ▕███               ▏ 739 MB/3.3 GB  5.1 MB/s   8m27s[K[?25h[?2026l[?2026h[?25l[A[1Gpulling manifest [K
pulling aeda25e63ebd:  22% ▕███               ▏ 739 MB/3.3 GB  5.1 MB/s   8m27s[K[?25h[?2026l[?2026h[?25l[A[1Gpulling manifest [K
pulling aeda25e63ebd:  22% ▕███               ▏ 740 MB/3.3 GB  5.1 MB/s   8m27s[K[?25h[?2026l[?2026h[?25l[A[1Gpulling manifest [K
pulling aeda25e63ebd:  22% ▕███               ▏ 740 MB/3.3 GB  5.1 MB/s   8m27s[K[?25h[?2026l[?2026h[?25l[A[1Gpulling manifest [K
pulling aeda25e63ebd:  22% ▕███               ▏ 741 MB/3.3 GB  5.1 MB/s   8m27s[K[?25h[?2026l[?2026h[?25l[A[1Gpulling manifest [K
pulling aeda25e63ebd:  22% ▕███               ▏ 741 MB/3.3 GB  5.1 MB/s   8m27s[K[?25h[?2026l[?2026h[?25l[A[1Gpulling manifest [K
pulling aeda25e63ebd:  22% ▕████              ▏ 742 MB/3.3 GB  5.1 MB/s   8m27s[K[?25h[?2026l[?2026h[?25l[A[1Gpulling manifest [K
pulling aeda25e63ebd:  22% ▕████              ▏ 742 MB/3.3 GB  5.1 MB/s   8m31s[K[?25h[?2026l[?2026h[?25l[A[1Gpulling manifest [K
pulling aeda25e63ebd:  22% ▕████              ▏ 743 MB/3.3 GB  5.1 MB/s   8m31s[K[?25h[?2026l[?2026h[?25l[A[1Gpulling manifest [K
pulling aeda25e63ebd:  22% ▕████              ▏ 744 MB/3.3 GB  5.1 MB/s   8m31s[K[?25h[?2026l[?2026h[?25l[A[1Gpulling manifest [K
pulling aeda25e63ebd:  22% ▕████              ▏ 744 MB/3.3 GB  5.1 MB/s   8m31s[K[?25h[?2026l[?2026h[?25l[A[1Gpulling manifest [K
pulling aeda25e63ebd:  22% ▕████              ▏ 745 MB/3.3 GB  5.1 MB/s   8m30s[K[?25h[?2026l[?2026h[?25l[A[1Gpulling manifest [K
pulling aeda25e63ebd:  22% ▕████              ▏ 745 MB/3.3 GB  5.1 MB/s   8m30s[K[?25h[?2026l[?2026h[?25l[A[1Gpulling manifest [K
pulling aeda25e63ebd:  22% ▕████              ▏ 745 MB/3.3 GB  5.1 MB/s   8m30s[K[?25h[?2026l[?2026h[?25l[A[1Gpulling manifest [K
pulling aeda25e63ebd:  22% ▕████              ▏ 746 MB/3.3 GB  5.1 MB/s   8m30s[K[?25h[?2026l[?2026h[?25l[A[1Gpulling manifest [K
pulling aeda25e63ebd:  22% ▕████              ▏ 747 MB/3.3 GB  5.1 MB/s   8m30s[K[?25h[?2026l[?2026h[?25l[A[1Gpulling manifest [K
pulling aeda25e63ebd:  22% ▕████              ▏ 747 MB/3.3 GB  5.1 MB/s   8m30s[K[?25h[?2026l[?2026h[?25l[A[1Gpulling manifest [K
pulling aeda25e63ebd:  22% ▕████              ▏ 748 MB/3.3 GB  5.0 MB/s   8m34s[K[?25h[?2026l[?2026h[?25l[A[1Gpulling manifest [K
pulling aeda25e63ebd:  22% ▕████              ▏ 748 MB/3.3 GB  5.0 MB/s   8m34s[K[?25h[?2026l[?2026h[?25l[A[1Gpulling manifest [K
pulling aeda25e63ebd:  22% ▕████              ▏ 749 MB/3.3 GB  5.0 MB/s   8m34s[K[?25h[?2026l[?2026h[?25l[A[1Gpulling manifest [K
pulling aeda25e63ebd:  22% ▕████              ▏ 749 MB/3.3 GB  5.0 MB/s   8m34s[K[?25h[?2026l[?2026h[?25l[A[1Gpulling manifest [K
pulling aeda25e63ebd:  22% ▕████              ▏ 750 MB/3.3 GB  5.0 MB/s   8m34s[K[?25h[?2026l[?2026h[?25l[A[1Gpulling manifest [K
pulling aeda25e63ebd:  22% ▕████              ▏ 750 MB/3.3 GB  5.0 MB/s   8m34s[K[?25h[?2026l[?2026h[?25l[A[1Gpulling manifest [K
pulling aeda25e63ebd:  23% ▕████              ▏ 751 MB/3.3 GB  5.0 MB/s   8m34s[K[?25h[?2026l[?2026h[?25l[A[1Gpulling manifest [K
pulling aeda25e63ebd:  23% ▕████              ▏ 751 MB/3.3 GB  5.0 MB/s   8m34s[K[?25h[?2026l[?2026h[?25l[A[1Gpulling manifest [K
pulling aeda25e63ebd:  23% ▕████              ▏ 752 MB/3.3 GB  5.0 MB/s   8m34s[K[?25h[?2026l[?2026h[?25l[A[1Gpulling manifest [K
pulling aeda25e63ebd:  23% ▕████              ▏ 752 MB/3.3 GB  5.0 MB/s   8m33s[K[?25h[?2026l[?2026h[?25l[A[1Gpulling manifest [K
pulling aeda25e63ebd:  23% ▕████              ▏ 753 MB/3.3 GB  5.0 MB/s   8m34s[K[?25h[?2026l[?2026h[?25l[A[1Gpulling manifest [K
pulling aeda25e63ebd:  23% ▕████              ▏ 753 MB/3.3 GB  5.0 MB/s   8m34s[K[?25h[?2026l[?2026h[?25l[A[1Gpulling manifest [K
pulling aeda25e63ebd:  23% ▕████              ▏ 754 MB/3.3 GB  5.0 MB/s   8m34s[K[?25h[?2026l[?2026h[?25l[A[1Gpulling manifest [K
pulling aeda25e63ebd:  23% ▕████              ▏ 754 MB/3.3 GB  5.0 MB/s   8m34s[K[?25h[?2026l[?2026h[?25l[A[1Gpulling manifest [K
pulling aeda25e63ebd:  23% ▕████              ▏ 755 MB/3.3 GB  5.0 MB/s   8m34s[K[?25h[?2026l[?2026h[?25l[A[1Gpulling manifest [K
pulling aeda25e63ebd:  23% ▕████              ▏ 755 MB/3.3 GB  5.0 MB/s   8m34s[K[?25h[?2026l[?2026h[?25l[A[1Gpulling manifest [K
pulling aeda25e63ebd:  23% ▕████              ▏ 756 MB/3.3 GB  5.0 MB/s   8m34s[K[?25h[?2026l[?2026h[?25l[A[1Gpulling manifest [K
pulling aeda25e63ebd:  23% ▕████              ▏ 756 MB/3.3 GB  5.0 MB/s   8m34s[K[?25h[?2026l[?2026h[?25l[A[1Gpulling manifest [K
pulling aeda25e63ebd:  23% ▕████              ▏ 757 MB/3.3 GB  5.0 MB/s   8m33s[K[?25h[?2026l[?2026h[?25l[A[1Gpulling manifest [K
pulling aeda25e63ebd:  23% ▕████              ▏ 758 MB/3.3 GB  5.0 MB/s   8m33s[K[?25h[?2026l[?2026h[?25l[A[1Gpulling manifest [K
pulling aeda25e63ebd:  23% ▕████              ▏ 758 MB/3.3 GB  5.0 MB/s   8m33s[K[?25h[?2026l[?2026h[?25l[A[1Gpulling manifest [K
pulling aeda25e63ebd:  23% ▕████              ▏ 759 MB/3.3 GB  5.0 MB/s   8m39s[K[?25h[?2026l[?2026h[?25l[A[1Gpulling manifest [K
pulling aeda25e63ebd:  23% ▕████              ▏ 759 MB/3.3 GB  5.0 MB/s   8m39s[K[?25h[?2026l[?2026h[?25l[A[1Gpulling manifest [K
pulling aeda25e63ebd:  23% ▕████              ▏ 759 MB/3.3 GB  5.0 MB/s   8m39s[K[?25h[?2026l[?2026h[?25l[A[1Gpulling manifest [K
pulling aeda25e63ebd:  23% ▕████              ▏ 760 MB/3.3 GB  5.0 MB/s   8m39s[K[?25h[?2026l[?2026h[?25l[A[1Gpulling manifest [K
pulling aeda25e63ebd:  23% ▕████              ▏ 760 MB/3.3 GB  5.0 MB/s   8m39s[K[?25h[?2026l[?2026h[?25l[A[1Gpulling manifest [K
pulling aeda25e63ebd:  23% ▕████              ▏ 761 MB/3.3 GB  5.0 MB/s   8m39s[K[?25h[?2026l[?2026h[?25l[A[1Gpulling manifest [K
pulling aeda25e63ebd:  23% ▕████              ▏ 761 MB/3.3 GB  5.0 MB/s   8m38s[K[?25h[?2026l[?2026h[?25l[A[1Gpulling manifest [K
pulling aeda25e63ebd:  23% ▕████              ▏ 762 MB/3.3 GB  5.0 MB/s   8m38s[K[?25h[?2026l[?2026h[?25l[A[1Gpulling manifest [K
pulling aeda25e63ebd:  23% ▕████              ▏ 762 MB/3.3 GB  5.0 MB/s   8m38s[K[?25h[?2026l[?2026h[?25l[A[1Gpulling manifest [K
pulling aeda25e63ebd:  23% ▕████              ▏ 763 MB/3.3 GB  5.0 MB/s   8m38s[K[?25h[?2026l[?2026h[?25l[A[1Gpulling manifest [K
pulling aeda25e63ebd:  23% ▕████              ▏ 764 MB/3.3 GB  5.1 MB/s   8m23s[K[?25h[?2026l[?2026h[?25l[A[1Gpulling manifest [K
pulling aeda25e63ebd:  23% ▕████              ▏ 764 MB/3.3 GB  5.1 MB/s   8m23s[K[?25h[?2026l[?2026h[?25l[A[1Gpulling manifest [K
pulling aeda25e63ebd:  23% ▕████              ▏ 765 MB/3.3 GB  5.1 MB/s   8m23s[K[?25h[?2026l[?2026h[?25l[A[1Gpulling manifest [K
pulling aeda25e63ebd:  23% ▕████              ▏ 765 MB/3.3 GB  5.1 MB/s   8m22s[K[?25h[?2026l[?2026h[?25l[A[1Gpulling manifest [K
pulling aeda25e63ebd:  23% ▕████              ▏ 765 MB/3.3 GB  5.1 MB/s   8m22s[K[?25h[?2026l[?2026h[?25l[A[1Gpulling manifest [K
pulling aeda25e63ebd:  23% ▕████              ▏ 766 MB/3.3 GB  5.1 MB/s   8m22s[K[?25h[?2026l[?2026h[?25l[A[1Gpulling manifest [K
pulling aeda25e63ebd:  23% ▕████              ▏ 766 MB/3.3 GB  5.1 MB/s   8m22s[K[?25h[?2026l[?2026h[?25l[A[1Gpulling manifest [K
pulling aeda25e63ebd:  23% ▕████              ▏ 766 MB/3.3 GB  5.1 MB/s   8m22s[K[?25h[?2026l[?2026h[?25l[A[1Gpulling manifest [K
pulling aeda25e63ebd:  23% ▕████              ▏ 767 MB/3.3 GB  5.1 MB/s   8m22s[K[?25h[?2026l[?2026h[?25l[A[1Gpulling manifest [K
pulling aeda25e63ebd:  23% ▕████              ▏ 768 MB/3.3 GB  5.1 MB/s   8m22s[K[?25h[?2026l[?2026h[?25l[A[1Gpulling manifest [K
pulling aeda25e63ebd:  23% ▕████              ▏ 768 MB/3.3 GB  5.1 MB/s   8m24s[K[?25h[?2026l[?2026h[?25l[A[1Gpulling manifest [K
pulling aeda25e63ebd:  23% ▕████              ▏ 769 MB/3.3 GB  5.1 MB/s   8m24s[K[?25h[?2026l[?2026h[?25l[A[1Gpulling manifest [K
pulling aeda25e63ebd:  23% ▕████              ▏ 769 MB/3.3 GB  5.1 MB/s   8m24s[K[?25h[?2026l[?2026h[?25l[A[1Gpulling manifest [K
pulling aeda25e63ebd:  23% ▕████              ▏ 770 MB/3.3 GB  5.1 MB/s   8m24s[K[?25h[?2026l[?2026h[?25l[A[1Gpulling manifest [K
pulling aeda25e63ebd:  23% ▕████              ▏ 770 MB/3.3 GB  5.1 MB/s   8m24s[K[?25h[?2026l[?2026h[?25l[A[1Gpulling manifest [K
pulling aeda25e63ebd:  23% ▕████              ▏ 771 MB/3.3 GB  5.1 MB/s   8m24s[K[?25h[?2026l[?2026h[?25l[A[1Gpulling manifest [K
pulling aeda25e63ebd:  23% ▕████              ▏ 772 MB/3.3 GB  5.1 MB/s   8m24s[K[?25h[?2026l[?2026h[?25l[A[1Gpulling manifest [K
pulling aeda25e63ebd:  23% ▕████              ▏ 772 MB/3.3 GB  5.1 MB/s   8m24s[K[?25h[?2026l[?2026h[?25l[A[1Gpulling manifest [K
pulling aeda25e63ebd:  23% ▕████              ▏ 773 MB/3.3 GB  5.1 MB/s   8m23s[K[?25h[?2026l[?2026h[?25l[A[1Gpulling manifest [K
pulling aeda25e63ebd:  23% ▕████              ▏ 773 MB/3.3 GB  5.1 MB/s   8m23s[K[?25h[?2026l[?2026h[?25l[A[1Gpulling manifest [K
pulling aeda25e63ebd:  23% ▕████              ▏ 774 MB/3.3 GB  5.2 MB/s   8m15s[K[?25h[?2026l[?2026h[?25l[A[1Gpulling manifest [K
pulling aeda25e63ebd:  23% ▕████              ▏ 775 MB/3.3 GB  5.2 MB/s   8m15s[K[?25h[?2026l[?2026h[?25l[A[1Gpulling manifest [K
pulling aeda25e63ebd:  23% ▕████              ▏ 775 MB/3.3 GB  5.2 MB/s   8m15s[K[?25h[?2026l[?2026h[?25l[A[1Gpulling manifest [K
pulling aeda25e63ebd:  23% ▕████              ▏ 776 MB/3.3 GB  5.2 MB/s   8m15s[K[?25h[?2026l[?2026h[?25l[A[1Gpulling manifest [K
pulling aeda25e63ebd:  23% ▕████              ▏ 776 MB/3.3 GB  5.2 MB/s   8m15s[K[?25h[?2026l[?2026h[?25l[A[1Gpulling manifest [K
pulling aeda25e63ebd:  23% ▕████              ▏ 777 MB/3.3 GB  5.2 MB/s   8m15s[K[?25h[?2026l[?2026h[?25l[A[1Gpulling manifest [K
pulling aeda25e63ebd:  23% ▕████              ▏ 777 MB/3.3 GB  5.2 MB/s   8m15s[K[?25h[?2026l[?2026h[?25l[A[1Gpulling manifest [K
pulling aeda25e63ebd:  23% ▕████              ▏ 778 MB/3.3 GB  5.2 MB/s   8m15s[K[?25h[?2026l[?2026h[?25l[A[1Gpulling manifest [K
pulling aeda25e63ebd:  23% ▕████              ▏ 778 MB/3.3 GB  5.2 MB/s   8m14s[K[?25h[?2026l[?2026h[?25l[A[1Gpulling manifest [K
pulling aeda25e63ebd:  23% ▕████              ▏ 779 MB/3.3 GB  5.2 MB/s   8m14s[K[?25h[?2026l[?2026h[?25l[A[1Gpulling manifest [K
pulling aeda25e63ebd:  23% ▕████              ▏ 780 MB/3.3 GB  5.3 MB/s    8m5s[K[?25h[?2026l[?2026h[?25l[A[1Gpulling manifest [K
pulling aeda25e63ebd:  23% ▕████              ▏ 780 MB/3.3 GB  5.3 MB/s    8m5s[K[?25h[?2026l[?2026h[?25l[A[1Gpulling manifest [K
pulling aeda25e63ebd:  23% ▕████              ▏ 781 MB/3.3 GB  5.3 MB/s    8m4s[K[?25h[?2026l[?2026h[?25l[A[1Gpulling manifest [K
pulling aeda25e63ebd:  23% ▕████              ▏ 781 MB/3.3 GB  5.3 MB/s    8m4s[K[?25h[?2026l[?2026h[?25l[A[1Gpulling manifest [K
pulling aeda25e63ebd:  23% ▕████              ▏ 782 MB/3.3 GB  5.3 MB/s    8m4s[K[?25h[?2026l[?2026h[?25l[A[1Gpulling manifest [K
pulling aeda25e63ebd:  23% ▕████              ▏ 782 MB/3.3 GB  5.3 MB/s    8m4s[K[?25h[?2026l[?2026h[?25l[A[1Gpulling manifest [K
pulling aeda25e63ebd:  23% ▕████              ▏ 783 MB/3.3 GB  5.3 MB/s    8m4s[K[?25h[?2026l[?2026h[?25l[A[1Gpulling manifest [K
pulling aeda25e63ebd:  23% ▕████              ▏ 783 MB/3.3 GB  5.3 MB/s    8m4s[K[?25h[?2026l[?2026h[?25l[A[1Gpulling manifest [K
pulling aeda25e63ebd:  23% ▕████              ▏ 784 MB/3.3 GB  5.3 MB/s    8m4s[K[?25h[?2026l[?2026h[?25l[A[1Gpulling manifest [K
pulling aeda25e63ebd:  24% ▕████              ▏ 785 MB/3.3 GB  5.3 MB/s    8m4s[K[?25h[?2026l[?2026h[?25l[A[1Gpulling manifest [K
pulling aeda25e63ebd:  24% ▕████              ▏ 785 MB/3.3 GB  5.3 MB/s    8m4s[K[?25h[?2026l[?2026h[?25l[A[1Gpulling manifest [K
pulling aeda25e63ebd:  24% ▕████              ▏ 786 MB/3.3 GB  5.4 MB/s   7m55s[K[?25h[?2026l[?2026h[?25l[A[1Gpulling manifest [K
pulling aeda25e63ebd:  24% ▕████              ▏ 786 MB/3.3 GB  5.4 MB/s   7m55s[K[?25h[?2026l[?2026h[?25l[A[1Gpulling manifest [K
pulling aeda25e63ebd:  24% ▕████              ▏ 787 MB/3.3 GB  5.4 MB/s   7m55s[K[?25h[?2026l[?2026h[?25l[A[1Gpulling manifest [K
pulling aeda25e63ebd:  24% ▕████              ▏ 787 MB/3.3 GB  5.4 MB/s   7m55s[K[?25h[?2026l[?2026h[?25l[A[1Gpulling manifest [K
pulling aeda25e63ebd:  24% ▕████              ▏ 788 MB/3.3 GB  5.4 MB/s   7m55s[K[?25h[?2026l[?2026h[?25l[A[1Gpulling manifest [K
pulling aeda25e63ebd:  24% ▕████              ▏ 788 MB/3.3 GB  5.4 MB/s   7m55s[K[?25h[?2026l[?2026h[?25l[A[1Gpulling manifest [K
pulling aeda25e63ebd:  24% ▕████              ▏ 789 MB/3.3 GB  5.4 MB/s   7m55s[K[?25h[?2026l[?2026h[?25l[A[1Gpulling manifest [K
pulling aeda25e63ebd:  24% ▕████              ▏ 789 MB/3.3 GB  5.4 MB/s   7m55s[K[?25h[?2026l[?2026h[?25l[A[1Gpulling manifest [K
pulling aeda25e63ebd:  24% ▕████              ▏ 790 MB/3.3 GB  5.4 MB/s   7m55s[K[?25h[?2026l[?2026h[?25l[A[1Gpulling manifest [K
pulling aeda25e63ebd:  24% ▕████              ▏ 790 MB/3.3 GB  5.4 MB/s   7m54s[K[?25h[?2026l[?2026h[?25l[A[1Gpulling manifest [K
pulling aeda25e63ebd:  24% ▕████              ▏ 791 MB/3.3 GB  5.4 MB/s   7m55s[K[?25h[?2026l[?2026h[?25l[A[1Gpulling manifest [K
pulling aeda25e63ebd:  24% ▕████              ▏ 791 MB/3.3 GB  5.4 MB/s   7m55s[K[?25h[?2026l[?2026h[?25l[A[1Gpulling manifest [K
pulling aeda25e63ebd:  24% ▕████              ▏ 792 MB/3.3 GB  5.4 MB/s   7m55s[K[?25h[?2026l[?2026h[?25l[A[1Gpulling manifest [K
pulling aeda25e63ebd:  24% ▕████              ▏ 792 MB/3.3 GB  5.4 MB/s   7m55s[K[?25h[?2026l[?2026h[?25l[A[1Gpulling manifest [K
pulling aeda25e63ebd:  24% ▕████              ▏ 792 MB/3.3 GB  5.4 MB/s   7m55s[K[?25h[?2026l[?2026h[?25l[A[1Gpulling manifest [K
pulling aeda25e63ebd:  24% ▕████              ▏ 793 MB/3.3 GB  5.4 MB/s   7m55s[K[?25h[?2026l[?2026h[?25l[A[1Gpulling manifest [K
pulling aeda25e63ebd:  24% ▕████              ▏ 794 MB/3.3 GB  5.4 MB/s   7m55s[K[?25h[?2026l[?2026h[?25l[A[1Gpulling manifest [K
pulling aeda25e63ebd:  24% ▕████              ▏ 794 MB/3.3 GB  5.4 MB/s   7m55s[K[?25h[?2026l[?2026h[?25l[A[1Gpulling manifest [K
pulling aeda25e63ebd:  24% ▕████              ▏ 795 MB/3.3 GB  5.4 MB/s   7m55s[K[?25h[?2026l[?2026h[?25l[A[1Gpulling manifest [K
pulling aeda25e63ebd:  24% ▕████              ▏ 795 MB/3.3 GB  5.4 MB/s   7m55s[K[?25h[?2026l[?2026h[?25l[A[1Gpulling manifest [K
pulling aeda25e63ebd:  24% ▕████              ▏ 795 MB/3.3 GB  5.3 MB/s   7m58s[K[?25h[?2026l[?2026h[?25l[A[1Gpulling manifest [K
pulling aeda25e63ebd:  24% ▕████              ▏ 796 MB/3.3 GB  5.3 MB/s   7m58s[K[?25h[?2026l[?2026h[?25l[A[1Gpulling manifest [K
pulling aeda25e63ebd:  24% ▕████              ▏ 797 MB/3.3 GB  5.3 MB/s   7m58s[K[?25h[?2026l[?2026h[?25l[A[1Gpulling manifest [K
pulling aeda25e63ebd:  24% ▕████              ▏ 797 MB/3.3 GB  5.3 MB/s   7m58s[K[?25h[?2026l[?2026h[?25l[A[1Gpulling manifest [K
pulling aeda25e63ebd:  24% ▕████              ▏ 798 MB/3.3 GB  5.3 MB/s   7m58s[K[?25h[?2026l[?2026h[?25l[A[1Gpulling manifest [K
pulling aeda25e63ebd:  24% ▕████              ▏ 798 MB/3.3 GB  5.3 MB/s   7m57s[K[?25h[?2026l[?2026h[?25l[A[1Gpulling manifest [K
pulling aeda25e63ebd:  24% ▕████              ▏ 798 MB/3.3 GB  5.3 MB/s   7m57s[K[?25h[?2026l[?2026h[?25l[A[1Gpulling manifest [K
pulling aeda25e63ebd:  24% ▕████              ▏ 799 MB/3.3 GB  5.3 MB/s   7m57s[K[?25h[?2026l[?2026h[?25l[A[1Gpulling manifest [K
pulling aeda25e63ebd:  24% ▕████              ▏ 800 MB/3.3 GB  5.3 MB/s   7m57s[K[?25h[?2026l[?2026h[?25l[A[1Gpulling manifest [K
pulling aeda25e63ebd:  24% ▕████              ▏ 800 MB/3.3 GB  5.3 MB/s   7m57s[K[?25h[?2026l[?2026h[?25l[A[1Gpulling manifest [K
pulling aeda25e63ebd:  24% ▕████              ▏ 801 MB/3.3 GB  5.3 MB/s   7m59s[K[?25h[?2026l[?2026h[?25l[A[1Gpulling manifest [K
pulling aeda25e63ebd:  24% ▕████              ▏ 801 MB/3.3 GB  5.3 MB/s   7m59s[K[?25h[?2026l[?2026h[?25l[A[1Gpulling manifest [K
pulling aeda25e63ebd:  24% ▕████              ▏ 802 MB/3.3 GB  5.3 MB/s   7m59s[K[?25h[?2026l[?2026h[?25l[A[1Gpulling manifest [K
pulling aeda25e63ebd:  24% ▕████              ▏ 802 MB/3.3 GB  5.3 MB/s   7m59s[K[?25h[?2026l[?2026h[?25l[A[1Gpulling manifest [K
pulling aeda25e63ebd:  24% ▕████              ▏ 803 MB/3.3 GB  5.3 MB/s   7m59s[K[?25h[?2026l[?2026h[?25l[A[1Gpulling manifest [K
pulling aeda25e63ebd:  24% ▕████              ▏ 803 MB/3.3 GB  5.3 MB/s   7m59s[K[?25h[?2026l[?2026h[?25l[A[1Gpulling manifest [K
pulling aeda25e63ebd:  24% ▕████              ▏ 804 MB/3.3 GB  5.3 MB/s   7m58s[K[?25h[?2026l[?2026h[?25l[A[1Gpulling manifest [K
pulling aeda25e63ebd:  24% ▕████              ▏ 805 MB/3.3 GB  5.3 MB/s   7m58s[K[?25h[?2026l[?2026h[?25l[A[1Gpulling manifest [K
pulling aeda25e63ebd:  24% ▕████              ▏ 805 MB/3.3 GB  5.3 MB/s   7m58s[K[?25h[?2026l[?2026h[?25l[A[1Gpulling manifest [K
pulling aeda25e63ebd:  24% ▕████              ▏ 805 MB/3.3 GB  5.3 MB/s   7m58s[K[?25h[?2026l[?2026h[?25l[A[1Gpulling manifest [K
pulling aeda25e63ebd:  24% ▕████              ▏ 806 MB/3.3 GB  5.3 MB/s   7m57s[K[?25h[?2026l[?2026h[?25l[A[1Gpulling manifest [K
pulling aeda25e63ebd:  24% ▕████              ▏ 806 MB/3.3 GB  5.3 MB/s   7m57s[K[?25h[?2026l[?2026h[?25l[A[1Gpulling manifest [K
pulling aeda25e63ebd:  24% ▕████              ▏ 807 MB/3.3 GB  5.3 MB/s   7m57s[K[?25h[?2026l[?2026h[?25l[A[1Gpulling manifest [K
pulling aeda25e63ebd:  24% ▕████              ▏ 807 MB/3.3 GB  5.3 MB/s   7m57s[K[?25h[?2026l[?2026h[?25l[A[1Gpulling manifest [K
pulling aeda25e63ebd:  24% ▕████              ▏ 808 MB/3.3 GB  5.3 MB/s   7m57s[K[?25h[?2026l[?2026h[?25l[A[1Gpulling manifest [K
pulling aeda25e63ebd:  24% ▕████              ▏ 808 MB/3.3 GB  5.3 MB/s   7m56s[K[?25h[?2026l[?2026h[?25l[A[1Gpulling manifest [K
pulling aeda25e63ebd:  24% ▕████              ▏ 809 MB/3.3 GB  5.3 MB/s   7m56s[K[?25h[?2026l[?2026h[?25l[A[1Gpulling manifest [K
pulling aeda25e63ebd:  24% ▕████              ▏ 809 MB/3.3 GB  5.3 MB/s   7m56s[K[?25h[?2026l[?2026h[?25l[A[1Gpulling manifest [K
pulling aeda25e63ebd:  24% ▕████              ▏ 810 MB/3.3 GB  5.3 MB/s   7m56s[K[?25h[?2026l[?2026h[?25l[A[1Gpulling manifest [K
pulling aeda25e63ebd:  24% ▕████              ▏ 810 MB/3.3 GB  5.3 MB/s   7m56s[K[?25h[?2026l[?2026h[?25l[A[1Gpulling manifest [K
pulling aeda25e63ebd:  24% ▕████              ▏ 811 MB/3.3 GB  5.3 MB/s   7m56s[K[?25h[?2026l[?2026h[?25l[A[1Gpulling manifest [K
pulling aeda25e63ebd:  24% ▕████              ▏ 811 MB/3.3 GB  5.3 MB/s   7m57s[K[?25h[?2026l[?2026h[?25l[A[1Gpulling manifest [K
pulling aeda25e63ebd:  24% ▕████              ▏ 812 MB/3.3 GB  5.3 MB/s   7m57s[K[?25h[?2026l[?2026h[?25l[A[1Gpulling manifest [K
pulling aeda25e63ebd:  24% ▕████              ▏ 812 MB/3.3 GB  5.3 MB/s   7m57s[K[?25h[?2026l[?2026h[?25l[A[1Gpulling manifest [K
pulling aeda25e63ebd:  24% ▕████              ▏ 813 MB/3.3 GB  5.3 MB/s   7m57s[K[?25h[?2026l[?2026h[?25l[A[1Gpulling manifest [K
pulling aeda25e63ebd:  24% ▕████              ▏ 813 MB/3.3 GB  5.3 MB/s   7m57s[K[?25h[?2026l[?2026h[?25l[A[1Gpulling manifest [K
pulling aeda25e63ebd:  24% ▕████              ▏ 814 MB/3.3 GB  5.3 MB/s   7m57s[K[?25h[?2026l[?2026h[?25l[A[1Gpulling manifest [K
pulling aeda25e63ebd:  24% ▕████              ▏ 814 MB/3.3 GB  5.3 MB/s   7m57s[K[?25h[?2026l[?2026h[?25l[A[1Gpulling manifest [K
pulling aeda25e63ebd:  24% ▕████              ▏ 815 MB/3.3 GB  5.3 MB/s   7m56s[K[?25h[?2026l[?2026h[?25l[A[1Gpulling manifest [K
pulling aeda25e63ebd:  24% ▕████              ▏ 816 MB/3.3 GB  5.3 MB/s   7m56s[K[?25h[?2026l[?2026h[?25l[A[1Gpulling manifest [K
pulling aeda25e63ebd:  24% ▕████              ▏ 816 MB/3.3 GB  5.3 MB/s   7m56s[K[?25h[?2026l[?2026h[?25l[A[1Gpulling manifest [K
pulling aeda25e63ebd:  24% ▕████              ▏ 817 MB/3.3 GB  5.4 MB/s   7m47s[K[?25h[?2026l[?2026h[?25l[A[1Gpulling manifest [K
pulling aeda25e63ebd:  24% ▕████              ▏ 817 MB/3.3 GB  5.4 MB/s   7m47s[K[?25h[?2026l[?2026h[?25l[A[1Gpulling manifest [K
pulling aeda25e63ebd:  25% ▕████              ▏ 818 MB/3.3 GB  5.4 MB/s   7m47s[K[?25h[?2026l[?2026h[?25l[A[1Gpulling manifest [K
pulling aeda25e63ebd:  25% ▕████              ▏ 818 MB/3.3 GB  5.4 MB/s   7m47s[K[?25h[?2026l[?2026h[?25l[A[1Gpulling manifest [K
pulling aeda25e63ebd:  25% ▕████              ▏ 819 MB/3.3 GB  5.4 MB/s   7m47s[K[?25h[?2026l[?2026h[?25l[A[1Gpulling manifest [K
pulling aeda25e63ebd:  25% ▕████              ▏ 819 MB/3.3 GB  5.4 MB/s   7m47s[K[?25h[?2026l[?2026h[?25l[A[1Gpulling manifest [K
pulling aeda25e63ebd:  25% ▕████              ▏ 820 MB/3.3 GB  5.4 MB/s   7m47s[K[?25h[?2026l[?2026h[?25l[A[1Gpulling manifest [K
pulling aeda25e63ebd:  25% ▕████              ▏ 820 MB/3.3 GB  5.4 MB/s   7m47s[K[?25h[?2026l[?2026h[?25l[A[1Gpulling manifest [K
pulling aeda25e63ebd:  25% ▕████              ▏ 821 MB/3.3 GB  5.4 MB/s   7m46s[K[?25h[?2026l[?2026h[?25l[A[1Gpulling manifest [K
pulling aeda25e63ebd:  25% ▕████              ▏ 821 MB/3.3 GB  5.4 MB/s   7m46s[K[?25h[?2026l[?2026h[?25l[A[1Gpulling manifest [K
pulling aeda25e63ebd:  25% ▕████              ▏ 822 MB/3.3 GB  5.3 MB/s   7m56s[K[?25h[?2026l[?2026h[?25l[A[1Gpulling manifest [K
pulling aeda25e63ebd:  25% ▕████              ▏ 822 MB/3.3 GB  5.3 MB/s   7m55s[K[?25h[?2026l[?2026h[?25l[A[1Gpulling manifest [K
pulling aeda25e63ebd:  25% ▕████              ▏ 823 MB/3.3 GB  5.3 MB/s   7m55s[K[?25h[?2026l[?2026h[?25l[A[1Gpulling manifest [K
pulling aeda25e63ebd:  25% ▕████              ▏ 823 MB/3.3 GB  5.3 MB/s   7m55s[K[?25h[?2026l[?2026h[?25l[A[1Gpulling manifest [K
pulling aeda25e63ebd:  25% ▕████              ▏ 824 MB/3.3 GB  5.3 MB/s   7m55s[K[?25h[?2026l[?2026h[?25l[A[1Gpulling manifest [K
pulling aeda25e63ebd:  25% ▕████              ▏ 825 MB/3.3 GB  5.3 MB/s   7m55s[K[?25h[?2026l[?2026h[?25l[A[1Gpulling manifest [K
pulling aeda25e63ebd:  25% ▕████              ▏ 825 MB/3.3 GB  5.3 MB/s   7m55s[K[?25h[?2026l[?2026h[?25l[A[1Gpulling manifest [K
pulling aeda25e63ebd:  25% ▕████              ▏ 826 MB/3.3 GB  5.3 MB/s   7m55s[K[?25h[?2026l[?2026h[?25l[A[1Gpulling manifest [K
pulling aeda25e63ebd:  25% ▕████              ▏ 826 MB/3.3 GB  5.3 MB/s   7m55s[K[?25h[?2026l[?2026h[?25l[A[1Gpulling manifest [K
pulling aeda25e63ebd:  25% ▕████              ▏ 827 MB/3.3 GB  5.3 MB/s   7m55s[K[?25h[?2026l[?2026h[?25l[A[1Gpulling manifest [K
pulling aeda25e63ebd:  25% ▕████              ▏ 827 MB/3.3 GB  5.3 MB/s   7m54s[K[?25h[?2026l[?2026h[?25l[A[1Gpulling manifest [K
pulling aeda25e63ebd:  25% ▕████              ▏ 828 MB/3.3 GB  5.3 MB/s   7m54s[K[?25h[?2026l[?2026h[?25l[A[1Gpulling manifest [K
pulling aeda25e63ebd:  25% ▕████              ▏ 828 MB/3.3 GB  5.3 MB/s   7m54s[K[?25h[?2026l[?2026h[?25l[A[1Gpulling manifest [K
pulling aeda25e63ebd:  25% ▕████              ▏ 829 MB/3.3 GB  5.3 MB/s   7m54s[K[?25h[?2026l[?2026h[?25l[A[1Gpulling manifest [K
pulling aeda25e63ebd:  25% ▕████              ▏ 830 MB/3.3 GB  5.3 MB/s   7m54s[K[?25h[?2026l[?2026h[?25l[A[1Gpulling manifest [K
pulling aeda25e63ebd:  25% ▕████              ▏ 830 MB/3.3 GB  5.3 MB/s   7m54s[K[?25h[?2026l[?2026h[?25l[A[1Gpulling manifest [K
pulling aeda25e63ebd:  25% ▕████              ▏ 831 MB/3.3 GB  5.3 MB/s   7m54s[K[?25h[?2026l[?2026h[?25l[A[1Gpulling manifest [K
pulling aeda25e63ebd:  25% ▕████              ▏ 831 MB/3.3 GB  5.3 MB/s   7m54s[K[?25h[?2026l[?2026h[?25l[A[1Gpulling manifest [K
pulling aeda25e63ebd:  25% ▕████              ▏ 832 MB/3.3 GB  5.3 MB/s   7m54s[K[?25h[?2026l[?2026h[?25l[A[1Gpulling manifest [K
pulling aeda25e63ebd:  25% ▕████              ▏ 832 MB/3.3 GB  5.3 MB/s   7m54s[K[?25h[?2026l[?2026h[?25l[A[1Gpulling manifest [K
pulling aeda25e63ebd:  25% ▕████              ▏ 833 MB/3.3 GB  5.3 MB/s   7m51s[K[?25h[?2026l[?2026h[?25l[A[1Gpulling manifest [K
pulling aeda25e63ebd:  25% ▕████              ▏ 833 MB/3.3 GB  5.3 MB/s   7m51s[K[?25h[?2026l[?2026h[?25l[A[1Gpulling manifest [K
pulling aeda25e63ebd:  25% ▕████              ▏ 834 MB/3.3 GB  5.3 MB/s   7m51s[K[?25h[?2026l[?2026h[?25l[A[1Gpulling manifest [K
pulling aeda25e63ebd:  25% ▕████              ▏ 835 MB/3.3 GB  5.3 MB/s   7m50s[K[?25h[?2026l[?2026h[?25l[A[1Gpulling manifest [K
pulling aeda25e63ebd:  25% ▕████              ▏ 835 MB/3.3 GB  5.3 MB/s   7m50s[K[?25h[?2026l[?2026h[?25l[A[1Gpulling manifest [K
pulling aeda25e63ebd:  25% ▕████              ▏ 836 MB/3.3 GB  5.3 MB/s   7m50s[K[?25h[?2026l[?2026h[?25l[A[1Gpulling manifest [K
pulling aeda25e63ebd:  25% ▕████              ▏ 836 MB/3.3 GB  5.3 MB/s   7m50s[K[?25h[?2026l[?2026h[?25l[A[1Gpulling manifest [K
pulling aeda25e63ebd:  25% ▕████              ▏ 837 MB/3.3 GB  5.3 MB/s   7m50s[K[?25h[?2026l[?2026h[?25l[A[1Gpulling manifest [K
pulling aeda25e63ebd:  25% ▕████              ▏ 837 MB/3.3 GB  5.3 MB/s   7m50s[K[?25h[?2026l[?2026h[?25l[A[1Gpulling manifest [K
pulling aeda25e63ebd:  25% ▕████              ▏ 838 MB/3.3 GB  5.3 MB/s   7m50s[K[?25h[?2026l[?2026h[?25l[A[1Gpulling manifest [K
pulling aeda25e63ebd:  25% ▕████              ▏ 838 MB/3.3 GB  5.3 MB/s   7m50s[K[?25h[?2026l[?2026h[?25l[A[1Gpulling manifest [K
pulling aeda25e63ebd:  25% ▕████              ▏ 839 MB/3.3 GB  5.4 MB/s   7m45s[K[?25h[?2026l[?2026h[?25l[A[1Gpulling manifest [K
pulling aeda25e63ebd:  25% ▕████              ▏ 839 MB/3.3 GB  5.4 MB/s   7m44s[K[?25h[?2026l[?2026h[?25l[A[1Gpulling manifest [K
pulling aeda25e63ebd:  25% ▕████              ▏ 839 MB/3.3 GB  5.4 MB/s   7m44s[K[?25h[?2026l[?2026h[?25l[A[1Gpulling manifest [K
pulling aeda25e63ebd:  25% ▕████              ▏ 840 MB/3.3 GB  5.4 MB/s   7m44s[K[?25h[?2026l[?2026h[?25l[A[1Gpulling manifest [K
pulling aeda25e63ebd:  25% ▕████              ▏ 841 MB/3.3 GB  5.4 MB/s   7m44s[K[?25h[?2026l[?2026h[?25l[A[1Gpulling manifest [K
pulling aeda25e63ebd:  25% ▕████              ▏ 842 MB/3.3 GB  5.4 MB/s   7m44s[K[?25h[?2026l[?2026h[?25l[A[1Gpulling manifest [K
pulling aeda25e63ebd:  25% ▕████              ▏ 842 MB/3.3 GB  5.4 MB/s   7m44s[K[?25h[?2026l[?2026h[?25l[A[1Gpulling manifest [K
pulling aeda25e63ebd:  25% ▕████              ▏ 843 MB/3.3 GB  5.4 MB/s   7m44s[K[?25h[?2026l[?2026h[?25l[A[1Gpulling manifest [K
pulling aeda25e63ebd:  25% ▕████              ▏ 843 MB/3.3 GB  5.4 MB/s   7m44s[K[?25h[?2026l[?2026h[?25l[A[1Gpulling manifest [K
pulling aeda25e63ebd:  25% ▕████              ▏ 844 MB/3.3 GB  5.4 MB/s   7m44s[K[?25h[?2026l[?2026h[?25l[A[1Gpulling manifest [K
pulling aeda25e63ebd:  25% ▕████              ▏ 845 MB/3.3 GB  5.4 MB/s   7m38s[K[?25h[?2026l[?2026h[?25l[A[1Gpulling manifest [K
pulling aeda25e63ebd:  25% ▕████              ▏ 845 MB/3.3 GB  5.4 MB/s   7m38s[K[?25h[?2026l[?2026h[?25l[A[1Gpulling manifest [K
pulling aeda25e63ebd:  25% ▕████              ▏ 846 MB/3.3 GB  5.4 MB/s   7m38s[K[?25h[?2026l[?2026h[?25l[A[1Gpulling manifest [K
pulling aeda25e63ebd:  25% ▕████              ▏ 846 MB/3.3 GB  5.4 MB/s   7m38s[K[?25h[?2026l[?2026h[?25l[A[1Gpulling manifest [K
pulling aeda25e63ebd:  25% ▕████              ▏ 847 MB/3.3 GB  5.4 MB/s   7m38s[K[?25h[?2026l[?2026h[?25l[A[1Gpulling manifest [K
pulling aeda25e63ebd:  25% ▕████              ▏ 847 MB/3.3 GB  5.4 MB/s   7m38s[K[?25h[?2026l[?2026h[?25l[A[1Gpulling manifest [K
pulling aeda25e63ebd:  25% ▕████              ▏ 848 MB/3.3 GB  5.4 MB/s   7m38s[K[?25h[?2026l[?2026h[?25l[A[1Gpulling manifest [K
pulling aeda25e63ebd:  25% ▕████              ▏ 848 MB/3.3 GB  5.4 MB/s   7m38s[K[?25h[?2026l[?2026h[?25l[A[1Gpulling manifest [K
pulling aeda25e63ebd:  25% ▕████              ▏ 849 MB/3.3 GB  5.4 MB/s   7m38s[K[?25h[?2026l[?2026h[?25l[A[1Gpulling manifest [K
pulling aeda25e63ebd:  25% ▕████              ▏ 850 MB/3.3 GB  5.4 MB/s   7m38s[K[?25h[?2026l[?2026h[?25l[A[1Gpulling manifest [K
pulling aeda25e63ebd:  25% ▕████              ▏ 850 MB/3.3 GB  5.5 MB/s   7m31s[K[?25h[?2026l[?2026h[?25l[A[1Gpulling manifest [K
pulling aeda25e63ebd:  25% ▕████              ▏ 851 MB/3.3 GB  5.5 MB/s   7m31s[K[?25h[?2026l[?2026h[?25l[A[1Gpulling manifest [K
pulling aeda25e63ebd:  26% ▕████              ▏ 852 MB/3.3 GB  5.5 MB/s   7m31s[K[?25h[?2026l[?2026h[?25l[A[1Gpulling manifest [K
pulling aeda25e63ebd:  26% ▕████              ▏ 852 MB/3.3 GB  5.5 MB/s   7m31s[K[?25h[?2026l[?2026h[?25l[A[1Gpulling manifest [K
pulling aeda25e63ebd:  26% ▕████              ▏ 853 MB/3.3 GB  5.5 MB/s   7m31s[K[?25h[?2026l[?2026h[?25l[A[1Gpulling manifest [K
pulling aeda25e63ebd:  26% ▕████              ▏ 853 MB/3.3 GB  5.5 MB/s   7m31s[K[?25h[?2026l[?2026h[?25l[A[1Gpulling manifest [K
pulling aeda25e63ebd:  26% ▕████              ▏ 853 MB/3.3 GB  5.5 MB/s   7m31s[K[?25h[?2026l[?2026h[?25l[A[1Gpulling manifest [K
pulling aeda25e63ebd:  26% ▕████              ▏ 854 MB/3.3 GB  5.5 MB/s   7m30s[K[?25h[?2026l[?2026h[?25l[A[1Gpulling manifest [K
pulling aeda25e63ebd:  26% ▕████              ▏ 855 MB/3.3 GB  5.5 MB/s   7m30s[K[?25h[?2026l[?2026h[?25l[A[1Gpulling manifest [K
pulling aeda25e63ebd:  26% ▕████              ▏ 855 MB/3.3 GB  5.5 MB/s   7m30s[K[?25h[?2026l[?2026h[?25l[A[1Gpulling manifest [K
pulling aeda25e63ebd:  26% ▕████              ▏ 856 MB/3.3 GB  5.5 MB/s   7m29s[K[?25h[?2026l[?2026h[?25l[A[1Gpulling manifest [K
pulling aeda25e63ebd:  26% ▕████              ▏ 856 MB/3.3 GB  5.5 MB/s   7m29s[K[?25h[?2026l[?2026h[?25l[A[1Gpulling manifest [K
pulling aeda25e63ebd:  26% ▕████              ▏ 857 MB/3.3 GB  5.5 MB/s   7m29s[K[?25h[?2026l[?2026h[?25l[A[1Gpulling manifest [K
pulling aeda25e63ebd:  26% ▕████              ▏ 857 MB/3.3 GB  5.5 MB/s   7m29s[K[?25h[?2026l[?2026h[?25l[A[1Gpulling manifest [K
pulling aeda25e63ebd:  26% ▕████              ▏ 858 MB/3.3 GB  5.5 MB/s   7m29s[K[?25h[?2026l[?2026h[?25l[A[1Gpulling manifest [K
pulling aeda25e63ebd:  26% ▕████              ▏ 858 MB/3.3 GB  5.5 MB/s   7m29s[K[?25h[?2026l[?2026h[?25l[A[1Gpulling manifest [K
pulling aeda25e63ebd:  26% ▕████              ▏ 859 MB/3.3 GB  5.5 MB/s   7m29s[K[?25h[?2026l[?2026h[?25l[A[1Gpulling manifest [K
pulling aeda25e63ebd:  26% ▕████              ▏ 860 MB/3.3 GB  5.5 MB/s   7m29s[K[?25h[?2026l[?2026h[?25l[A[1Gpulling manifest [K
pulling aeda25e63ebd:  26% ▕████              ▏ 860 MB/3.3 GB  5.5 MB/s   7m29s[K[?25h[?2026l[?2026h[?25l[A[1Gpulling manifest [K
pulling aeda25e63ebd:  26% ▕████              ▏ 860 MB/3.3 GB  5.5 MB/s   7m28s[K[?25h[?2026l[?2026h[?25l[A[1Gpulling manifest [K
pulling aeda25e63ebd:  26% ▕████              ▏ 861 MB/3.3 GB  5.6 MB/s   7m25s[K[?25h[?2026l[?2026h[?25l[A[1Gpulling manifest [K
pulling aeda25e63ebd:  26% ▕████              ▏ 861 MB/3.3 GB  5.6 MB/s   7m25s[K[?25h[?2026l[?2026h[?25l[A[1Gpulling manifest [K
pulling aeda25e63ebd:  26% ▕████              ▏ 862 MB/3.3 GB  5.6 MB/s   7m25s[K[?25h[?2026l[?2026h[?25l[A[1Gpulling manifest [K
pulling aeda25e63ebd:  26% ▕████              ▏ 863 MB/3.3 GB  5.6 MB/s   7m25s[K[?25h[?2026l[?2026h[?25l[A[1Gpulling manifest [K
pulling aeda25e63ebd:  26% ▕████              ▏ 863 MB/3.3 GB  5.6 MB/s   7m25s[K[?25h[?2026l[?2026h[?25l[A[1Gpulling manifest [K
pulling aeda25e63ebd:  26% ▕████              ▏ 864 MB/3.3 GB  5.6 MB/s   7m25s[K[?25h[?2026l[?2026h[?25l[A[1Gpulling manifest [K
pulling aeda25e63ebd:  26% ▕████              ▏ 864 MB/3.3 GB  5.6 MB/s   7m25s[K[?25h[?2026l[?2026h[?25l[A[1Gpulling manifest [K
pulling aeda25e63ebd:  26% ▕████              ▏ 865 MB/3.3 GB  5.6 MB/s   7m25s[K[?25h[?2026l[?2026h[?25l[A[1Gpulling manifest [K
pulling aeda25e63ebd:  26% ▕████              ▏ 865 MB/3.3 GB  5.6 MB/s   7m25s[K[?25h[?2026l[?2026h[?25l[A[1Gpulling manifest [K
pulling aeda25e63ebd:  26% ▕████              ▏ 866 MB/3.3 GB  5.6 MB/s   7m24s[K[?25h[?2026l[?2026h[?25l[A[1Gpulling manifest [K
pulling aeda25e63ebd:  26% ▕████              ▏ 866 MB/3.3 GB  5.6 MB/s   7m24s[K[?25h[?2026l[?2026h[?25l[A[1Gpulling manifest [K
pulling aeda25e63ebd:  26% ▕████              ▏ 867 MB/3.3 GB  5.6 MB/s   7m24s[K[?25h[?2026l[?2026h[?25l[A[1Gpulling manifest [K
pulling aeda25e63ebd:  26% ▕████              ▏ 868 MB/3.3 GB  5.6 MB/s   7m24s[K[?25h[?2026l[?2026h[?25l[A[1Gpulling manifest [K
pulling aeda25e63ebd:  26% ▕████              ▏ 868 MB/3.3 GB  5.6 MB/s   7m24s[K[?25h[?2026l[?2026h[?25l[A[1Gpulling manifest [K
pulling aeda25e63ebd:  26% ▕████              ▏ 869 MB/3.3 GB  5.6 MB/s   7m24s[K[?25h[?2026l[?2026h[?25l[A[1Gpulling manifest [K
pulling aeda25e63ebd:  26% ▕████              ▏ 869 MB/3.3 GB  5.6 MB/s   7m24s[K[?25h[?2026l[?2026h[?25l[A[1Gpulling manifest [K
pulling aeda25e63ebd:  26% ▕████              ▏ 870 MB/3.3 GB  5.6 MB/s   7m24s[K[?25h[?2026l[?2026h[?25l[A[1Gpulling manifest [K
pulling aeda25e63ebd:  26% ▕████              ▏ 870 MB/3.3 GB  5.6 MB/s   7m24s[K[?25h[?2026l[?2026h[?25l[A[1Gpulling manifest [K
pulling aeda25e63ebd:  26% ▕████              ▏ 871 MB/3.3 GB  5.6 MB/s   7m24s[K[?25h[?2026l[?2026h[?25l[A[1Gpulling manifest [K
pulling aeda25e63ebd:  26% ▕████              ▏ 871 MB/3.3 GB  5.6 MB/s   7m24s[K[?25h[?2026l[?2026h[?25l[A[1Gpulling manifest [K
pulling aeda25e63ebd:  26% ▕████              ▏ 872 MB/3.3 GB  5.6 MB/s   7m24s[K[?25h[?2026l[?2026h[?25l[A[1Gpulling manifest [K
pulling aeda25e63ebd:  26% ▕████              ▏ 873 MB/3.3 GB  5.6 MB/s   7m18s[K[?25h[?2026l[?2026h[?25l[A[1Gpulling manifest [K
pulling aeda25e63ebd:  26% ▕████              ▏ 873 MB/3.3 GB  5.6 MB/s   7m18s[K[?25h[?2026l[?2026h[?25l[A[1Gpulling manifest [K
pulling aeda25e63ebd:  26% ▕████              ▏ 874 MB/3.3 GB  5.6 MB/s   7m17s[K[?25h[?2026l[?2026h[?25l[A[1Gpulling manifest [K
pulling aeda25e63ebd:  26% ▕████              ▏ 874 MB/3.3 GB  5.6 MB/s   7m17s[K[?25h[?2026l[?2026h[?25l[A[1Gpulling manifest [K
pulling aeda25e63ebd:  26% ▕████              ▏ 875 MB/3.3 GB  5.6 MB/s   7m17s[K[?25h[?2026l[?2026h[?25l[A[1Gpulling manifest [K
pulling aeda25e63ebd:  26% ▕████              ▏ 875 MB/3.3 GB  5.6 MB/s   7m17s[K[?25h[?2026l[?2026h[?25l[A[1Gpulling manifest [K
pulling aeda25e63ebd:  26% ▕████              ▏ 876 MB/3.3 GB  5.6 MB/s   7m17s[K[?25h[?2026l[?2026h[?25l[A[1Gpulling manifest [K
pulling aeda25e63ebd:  26% ▕████              ▏ 876 MB/3.3 GB  5.6 MB/s   7m17s[K[?25h[?2026l[?2026h[?25l[A[1Gpulling manifest [K
pulling aeda25e63ebd:  26% ▕████              ▏ 876 MB/3.3 GB  5.6 MB/s   7m17s[K[?25h[?2026l[?2026h[?25l[A[1Gpulling manifest [K
pulling aeda25e63ebd:  26% ▕████              ▏ 877 MB/3.3 GB  5.6 MB/s   7m17s[K[?25h[?2026l[?2026h[?25l[A[1Gpulling manifest [K
pulling aeda25e63ebd:  26% ▕████              ▏ 877 MB/3.3 GB  5.5 MB/s   7m25s[K[?25h[?2026l[?2026h[?25l[A[1Gpulling manifest [K
pulling aeda25e63ebd:  26% ▕████              ▏ 878 MB/3.3 GB  5.5 MB/s   7m25s[K[?25h[?2026l[?2026h[?25l[A[1Gpulling manifest [K
pulling aeda25e63ebd:  26% ▕████              ▏ 879 MB/3.3 GB  5.5 MB/s   7m25s[K[?25h[?2026l[?2026h[?25l[A[1Gpulling manifest [K
pulling aeda25e63ebd:  26% ▕████              ▏ 879 MB/3.3 GB  5.5 MB/s   7m24s[K[?25h[?2026l[?2026h[?25l[A[1Gpulling manifest [K
pulling aeda25e63ebd:  26% ▕████              ▏ 879 MB/3.3 GB  5.5 MB/s   7m24s[K[?25h[?2026l[?2026h[?25l[A[1Gpulling manifest [K
pulling aeda25e63ebd:  26% ▕████              ▏ 880 MB/3.3 GB  5.5 MB/s   7m24s[K[?25h[?2026l[?2026h[?25l[A[1Gpulling manifest [K
pulling aeda25e63ebd:  26% ▕████              ▏ 880 MB/3.3 GB  5.5 MB/s   7m24s[K[?25h[?2026l[?2026h[?25l[A[1Gpulling manifest [K
pulling aeda25e63ebd:  26% ▕████              ▏ 881 MB/3.3 GB  5.5 MB/s   7m24s[K[?25h[?2026l[?2026h[?25l[A[1Gpulling manifest [K
pulling aeda25e63ebd:  26% ▕████              ▏ 882 MB/3.3 GB  5.5 MB/s   7m24s[K[?25h[?2026l[?2026h[?25l[A[1Gpulling manifest [K
pulling aeda25e63ebd:  26% ▕████              ▏ 882 MB/3.3 GB  5.5 MB/s   7m24s[K[?25h[?2026l[?2026h[?25l[A[1Gpulling manifest [K
pulling aeda25e63ebd:  26% ▕████              ▏ 883 MB/3.3 GB  5.5 MB/s   7m25s[K[?25h[?2026l[?2026h[?25l[A[1Gpulling manifest [K
pulling aeda25e63ebd:  26% ▕████              ▏ 883 MB/3.3 GB  5.5 MB/s   7m25s[K[?25h[?2026l[?2026h[?25l[A[1Gpulling manifest [K
pulling aeda25e63ebd:  26% ▕████              ▏ 884 MB/3.3 GB  5.5 MB/s   7m25s[K[?25h[?2026l[?2026h[?25l[A[1Gpulling manifest [K
pulling aeda25e63ebd:  26% ▕████              ▏ 884 MB/3.3 GB  5.5 MB/s   7m25s[K[?25h[?2026l[?2026h[?25l[A[1Gpulling manifest [K
pulling aeda25e63ebd:  27% ▕████              ▏ 885 MB/3.3 GB  5.5 MB/s   7m25s[K[?25h[?2026l[?2026h[?25l[A[1Gpulling manifest [K
pulling aeda25e63ebd:  27% ▕████              ▏ 885 MB/3.3 GB  5.5 MB/s   7m25s[K[?25h[?2026l[?2026h[?25l[A[1Gpulling manifest [K
pulling aeda25e63ebd:  27% ▕████              ▏ 886 MB/3.3 GB  5.5 MB/s   7m25s[K[?25h[?2026l[?2026h[?25l[A[1Gpulling manifest [K
pulling aeda25e63ebd:  27% ▕████              ▏ 887 MB/3.3 GB  5.5 MB/s   7m25s[K[?25h[?2026l[?2026h[?25l[A[1Gpulling manifest [K
pulling aeda25e63ebd:  27% ▕████              ▏ 887 MB/3.3 GB  5.5 MB/s   7m25s[K[?25h[?2026l[?2026h[?25l[A[1Gpulling manifest [K
pulling aeda25e63ebd:  27% ▕████              ▏ 887 MB/3.3 GB  5.5 MB/s   7m24s[K[?25h[?2026l[?2026h[?25l[A[1Gpulling manifest [K
pulling aeda25e63ebd:  27% ▕████              ▏ 888 MB/3.3 GB  5.5 MB/s   7m27s[K[?25h[?2026l[?2026h[?25l[A[1Gpulling manifest [K
pulling aeda25e63ebd:  27% ▕████              ▏ 888 MB/3.3 GB  5.5 MB/s   7m27s[K[?25h[?2026l[?2026h[?25l[A[1Gpulling manifest [K
pulling aeda25e63ebd:  27% ▕████              ▏ 889 MB/3.3 GB  5.5 MB/s   7m27s[K[?25h[?2026l[?2026h[?25l[A[1Gpulling manifest [K
pulling aeda25e63ebd:  27% ▕████              ▏ 890 MB/3.3 GB  5.5 MB/s   7m26s[K[?25h[?2026l[?2026h[?25l[A[1Gpulling manifest [K
pulling aeda25e63ebd:  27% ▕████              ▏ 890 MB/3.3 GB  5.5 MB/s   7m26s[K[?25h[?2026l[?2026h[?25l[A[1Gpulling manifest [K
pulling aeda25e63ebd:  27% ▕████              ▏ 891 MB/3.3 GB  5.5 MB/s   7m26s[K[?25h[?2026l[?2026h[?25l[A[1Gpulling manifest [K
pulling aeda25e63ebd:  27% ▕████              ▏ 891 MB/3.3 GB  5.5 MB/s   7m26s[K[?25h[?2026l[?2026h[?25l[A[1Gpulling manifest [K
pulling aeda25e63ebd:  27% ▕████              ▏ 892 MB/3.3 GB  5.5 MB/s   7m26s[K[?25h[?2026l[?2026h[?25l[A[1Gpulling manifest [K
pulling aeda25e63ebd:  27% ▕████              ▏ 892 MB/3.3 GB  5.5 MB/s   7m26s[K[?25h[?2026l[?2026h[?25l[A[1Gpulling manifest [K
pulling aeda25e63ebd:  27% ▕████              ▏ 892 MB/3.3 GB  5.5 MB/s   7m26s[K[?25h[?2026l[?2026h[?25l[A[1Gpulling manifest [K
pulling aeda25e63ebd:  27% ▕████              ▏ 893 MB/3.3 GB  5.5 MB/s   7m26s[K[?25h[?2026l[?2026h[?25l[A[1Gpulling manifest [K
pulling aeda25e63ebd:  27% ▕████              ▏ 893 MB/3.3 GB  5.4 MB/s   7m31s[K[?25h[?2026l[?2026h[?25l[A[1Gpulling manifest [K
pulling aeda25e63ebd:  27% ▕████              ▏ 894 MB/3.3 GB  5.4 MB/s   7m30s[K[?25h[?2026l[?2026h[?25l[A[1Gpulling manifest [K
pulling aeda25e63ebd:  27% ▕████              ▏ 894 MB/3.3 GB  5.4 MB/s   7m30s[K[?25h[?2026l[?2026h[?25l[A[1Gpulling manifest [K
pulling aeda25e63ebd:  27% ▕████              ▏ 895 MB/3.3 GB  5.4 MB/s   7m30s[K[?25h[?2026l[?2026h[?25l[A[1Gpulling manifest [K
pulling aeda25e63ebd:  27% ▕████              ▏ 896 MB/3.3 GB  5.4 MB/s   7m30s[K[?25h[?2026l[?2026h[?25l[A[1Gpulling manifest [K
pulling aeda25e63ebd:  27% ▕████              ▏ 896 MB/3.3 GB  5.4 MB/s   7m30s[K[?25h[?2026l[?2026h[?25l[A[1Gpulling manifest [K
pulling aeda25e63ebd:  27% ▕████              ▏ 897 MB/3.3 GB  5.4 MB/s   7m30s[K[?25h[?2026l[?2026h[?25l[A[1Gpulling manifest [K
pulling aeda25e63ebd:  27% ▕████              ▏ 897 MB/3.3 GB  5.4 MB/s   7m30s[K[?25h[?2026l[?2026h[?25l[A[1Gpulling manifest [K
pulling aeda25e63ebd:  27% ▕████              ▏ 897 MB/3.3 GB  5.4 MB/s   7m30s[K[?25h[?2026l[?2026h[?25l[A[1Gpulling manifest [K
pulling aeda25e63ebd:  27% ▕████              ▏ 898 MB/3.3 GB  5.4 MB/s   7m30s[K[?25h[?2026l[?2026h[?25l[A[1Gpulling manifest [K
pulling aeda25e63ebd:  27% ▕████              ▏ 898 MB/3.3 GB  5.3 MB/s   7m37s[K[?25h[?2026l[?2026h[?25l[A[1Gpulling manifest [K
pulling aeda25e63ebd:  27% ▕████              ▏ 899 MB/3.3 GB  5.3 MB/s   7m37s[K[?25h[?2026l[?2026h[?25l[A[1Gpulling manifest [K
pulling aeda25e63ebd:  27% ▕████              ▏ 899 MB/3.3 GB  5.3 MB/s   7m37s[K[?25h[?2026l[?2026h[?25l[A[1Gpulling manifest [K
pulling aeda25e63ebd:  27% ▕████              ▏ 900 MB/3.3 GB  5.3 MB/s   7m37s[K[?25h[?2026l[?2026h[?25l[A[1Gpulling manifest [K
pulling aeda25e63ebd:  27% ▕████              ▏ 900 MB/3.3 GB  5.3 MB/s   7m37s[K[?25h[?2026l[?2026h[?25l[A[1Gpulling manifest [K
pulling aeda25e63ebd:  27% ▕████              ▏ 901 MB/3.3 GB  5.3 MB/s   7m37s[K[?25h[?2026l[?2026h[?25l[A[1Gpulling manifest [K
pulling aeda25e63ebd:  27% ▕████              ▏ 901 MB/3.3 GB  5.3 MB/s   7m37s[K[?25h[?2026l[?2026h[?25l[A[1Gpulling manifest [K
pulling aeda25e63ebd:  27% ▕████              ▏ 902 MB/3.3 GB  5.3 MB/s   7m37s[K[?25h[?2026l[?2026h[?25l[A[1Gpulling manifest [K
pulling aeda25e63ebd:  27% ▕████              ▏ 903 MB/3.3 GB  5.3 MB/s   7m37s[K[?25h[?2026l[?2026h[?25l[A[1Gpulling manifest [K
pulling aeda25e63ebd:  27% ▕████              ▏ 903 MB/3.3 GB  5.3 MB/s   7m36s[K[?25h[?2026l[?2026h[?25l[A[1Gpulling manifest [K
pulling aeda25e63ebd:  27% ▕████              ▏ 903 MB/3.3 GB  5.3 MB/s   7m38s[K[?25h[?2026l[?2026h[?25l[A[1Gpulling manifest [K
pulling aeda25e63ebd:  27% ▕████              ▏ 904 MB/3.3 GB  5.3 MB/s   7m38s[K[?25h[?2026l[?2026h[?25l[A[1Gpulling manifest [K
pulling aeda25e63ebd:  27% ▕████              ▏ 905 MB/3.3 GB  5.3 MB/s   7m37s[K[?25h[?2026l[?2026h[?25l[A[1Gpulling manifest [K
pulling aeda25e63ebd:  27% ▕████              ▏ 905 MB/3.3 GB  5.3 MB/s   7m37s[K[?25h[?2026l[?2026h[?25l[A[1Gpulling manifest [K
pulling aeda25e63ebd:  27% ▕████              ▏ 906 MB/3.3 GB  5.3 MB/s   7m37s[K[?25h[?2026l[?2026h[?25l[A[1Gpulling manifest [K
pulling aeda25e63ebd:  27% ▕████              ▏ 907 MB/3.3 GB  5.3 MB/s   7m37s[K[?25h[?2026l[?2026h[?25l[A[1Gpulling manifest [K
pulling aeda25e63ebd:  27% ▕████              ▏ 907 MB/3.3 GB  5.3 MB/s   7m37s[K[?25h[?2026l[?2026h[?25l[A[1Gpulling manifest [K
pulling aeda25e63ebd:  27% ▕████              ▏ 907 MB/3.3 GB  5.3 MB/s   7m37s[K[?25h[?2026l[?2026h[?25l[A[1Gpulling manifest [K
pulling aeda25e63ebd:  27% ▕████              ▏ 908 MB/3.3 GB  5.3 MB/s   7m37s[K[?25h[?2026l[?2026h[?25l[A[1Gpulling manifest [K
pulling aeda25e63ebd:  27% ▕████              ▏ 908 MB/3.3 GB  5.3 MB/s   7m37s[K[?25h[?2026l[?2026h[?25l[A[1Gpulling manifest [K
pulling aeda25e63ebd:  27% ▕████              ▏ 909 MB/3.3 GB  5.3 MB/s   7m38s[K[?25h[?2026l[?2026h[?25l[A[1Gpulling manifest [K
pulling aeda25e63ebd:  27% ▕████              ▏ 909 MB/3.3 GB  5.3 MB/s   7m38s[K[?25h[?2026l[?2026h[?25l[A[1Gpulling manifest [K
pulling aeda25e63ebd:  27% ▕████              ▏ 910 MB/3.3 GB  5.3 MB/s   7m38s[K[?25h[?2026l[?2026h[?25l[A[1Gpulling manifest [K
pulling aeda25e63ebd:  27% ▕████              ▏ 910 MB/3.3 GB  5.3 MB/s   7m37s[K[?25h[?2026l[?2026h[?25l[A[1Gpulling manifest [K
pulling aeda25e63ebd:  27% ▕████              ▏ 911 MB/3.3 GB  5.3 MB/s   7m37s[K[?25h[?2026l[?2026h[?25l[A[1Gpulling manifest [K
pulling aeda25e63ebd:  27% ▕████              ▏ 911 MB/3.3 GB  5.3 MB/s   7m37s[K[?25h[?2026l[?2026h[?25l[A[1Gpulling manifest [K
pulling aeda25e63ebd:  27% ▕████              ▏ 912 MB/3.3 GB  5.3 MB/s   7m37s[K[?25h[?2026l[?2026h[?25l[A[1Gpulling manifest [K
pulling aeda25e63ebd:  27% ▕████              ▏ 912 MB/3.3 GB  5.3 MB/s   7m37s[K[?25h[?2026l[?2026h[?25l[A[1Gpulling manifest [K
pulling aeda25e63ebd:  27% ▕████              ▏ 913 MB/3.3 GB  5.3 MB/s   7m37s[K[?25h[?2026l[?2026h[?25l[A[1Gpulling manifest [K
pulling aeda25e63ebd:  27% ▕████              ▏ 913 MB/3.3 GB  5.3 MB/s   7m37s[K[?25h[?2026l[?2026h[?25l[A[1Gpulling manifest [K
pulling aeda25e63ebd:  27% ▕████              ▏ 914 MB/3.3 GB  5.3 MB/s   7m40s[K[?25h[?2026l[?2026h[?25l[A[1Gpulling manifest [K
pulling aeda25e63ebd:  27% ▕████              ▏ 914 MB/3.3 GB  5.3 MB/s   7m40s[K[?25h[?2026l[?2026h[?25l[A[1Gpulling manifest [K
pulling aeda25e63ebd:  27% ▕████              ▏ 915 MB/3.3 GB  5.3 MB/s   7m40s[K[?25h[?2026l[?2026h[?25l[A[1Gpulling manifest [K
pulling aeda25e63ebd:  27% ▕████              ▏ 916 MB/3.3 GB  5.3 MB/s   7m40s[K[?25h[?2026l[?2026h[?25l[A[1Gpulling manifest [K
pulling aeda25e63ebd:  27% ▕████              ▏ 916 MB/3.3 GB  5.3 MB/s   7m40s[K[?25h[?2026l[?2026h[?25l[A[1Gpulling manifest [K
pulling aeda25e63ebd:  27% ▕████              ▏ 917 MB/3.3 GB  5.3 MB/s   7m40s[K[?25h[?2026l[?2026h[?25l[A[1Gpulling manifest [K
pulling aeda25e63ebd:  27% ▕████              ▏ 917 MB/3.3 GB  5.3 MB/s   7m39s[K[?25h[?2026l[?2026h[?25l[A[1Gpulling manifest [K
pulling aeda25e63ebd:  28% ▕████              ▏ 918 MB/3.3 GB  5.3 MB/s   7m39s[K[?25h[?2026l[?2026h[?25l[A[1Gpulling manifest [K
pulling aeda25e63ebd:  28% ▕████              ▏ 918 MB/3.3 GB  5.3 MB/s   7m39s[K[?25h[?2026l[?2026h[?25l[A[1Gpulling manifest [K
pulling aeda25e63ebd:  28% ▕████              ▏ 919 MB/3.3 GB  5.3 MB/s   7m39s[K[?25h[?2026l[?2026h[?25l[A[1Gpulling manifest [K
pulling aeda25e63ebd:  28% ▕████              ▏ 919 MB/3.3 GB  5.3 MB/s   7m39s[K[?25h[?2026l[?2026h[?25l[A[1Gpulling manifest [K
pulling aeda25e63ebd:  28% ▕████              ▏ 920 MB/3.3 GB  5.3 MB/s   7m36s[K[?25h[?2026l[?2026h[?25l[A[1Gpulling manifest [K
pulling aeda25e63ebd:  28% ▕████              ▏ 920 MB/3.3 GB  5.3 MB/s   7m36s[K[?25h[?2026l[?2026h[?25l[A[1Gpulling manifest [K
pulling aeda25e63ebd:  28% ▕████              ▏ 920 MB/3.3 GB  5.3 MB/s   7m36s[K[?25h[?2026l[?2026h[?25l[A[1Gpulling manifest [K
pulling aeda25e63ebd:  28% ▕████              ▏ 922 MB/3.3 GB  5.3 MB/s   7m36s[K[?25h[?2026l[?2026h[?25l[A[1Gpulling manifest [K
pulling aeda25e63ebd:  28% ▕████              ▏ 922 MB/3.3 GB  5.3 MB/s   7m36s[K[?25h[?2026l[?2026h[?25l[A[1Gpulling manifest [K
pulling aeda25e63ebd:  28% ▕████              ▏ 922 MB/3.3 GB  5.3 MB/s   7m36s[K[?25h[?2026l[?2026h[?25l[A[1Gpulling manifest [K
pulling aeda25e63ebd:  28% ▕████              ▏ 923 MB/3.3 GB  5.3 MB/s   7m36s[K[?25h[?2026l[?2026h[?25l[A[1Gpulling manifest [K
pulling aeda25e63ebd:  28% ▕████              ▏ 924 MB/3.3 GB  5.3 MB/s   7m36s[K[?25h[?2026l[?2026h[?25l[A[1Gpulling manifest [K
pulling aeda25e63ebd:  28% ▕████              ▏ 924 MB/3.3 GB  5.3 MB/s   7m36s[K[?25h[?2026l[?2026h[?25l[A[1Gpulling manifest [K
pulling aeda25e63ebd:  28% ▕████              ▏ 924 MB/3.3 GB  5.3 MB/s   7m35s[K[?25h[?2026l[?2026h[?25l[A[1Gpulling manifest [K
pulling aeda25e63ebd:  28% ▕████              ▏ 925 MB/3.3 GB  5.3 MB/s   7m36s[K[?25h[?2026l[?2026h[?25l[A[1Gpulling manifest [K
pulling aeda25e63ebd:  28% ▕████              ▏ 925 MB/3.3 GB  5.3 MB/s   7m36s[K[?25h[?2026l[?2026h[?25l[A[1Gpulling manifest [K
pulling aeda25e63ebd:  28% ▕████              ▏ 926 MB/3.3 GB  5.3 MB/s   7m36s[K[?25h[?2026l[?2026h[?25l[A[1Gpulling manifest [K
pulling aeda25e63ebd:  28% ▕████              ▏ 926 MB/3.3 GB  5.3 MB/s   7m35s[K[?25h[?2026l[?2026h[?25l[A[1Gpulling manifest [K
pulling aeda25e63ebd:  28% ▕████              ▏ 927 MB/3.3 GB  5.3 MB/s   7m35s[K[?25h[?2026l[?2026h[?25l[A[1Gpulling manifest [K
pulling aeda25e63ebd:  28% ▕█████             ▏ 927 MB/3.3 GB  5.3 MB/s   7m35s[K[?25h[?2026l[?2026h[?25l[A[1Gpulling manifest [K
pulling aeda25e63ebd:  28% ▕█████             ▏ 928 MB/3.3 GB  5.3 MB/s   7m35s[K[?25h[?2026l[?2026h[?25l[A[1Gpulling manifest [K
pulling aeda25e63ebd:  28% ▕█████             ▏ 928 MB/3.3 GB  5.3 MB/s   7m35s[K[?25h[?2026l[?2026h[?25l[A[1Gpulling manifest [K
pulling aeda25e63ebd:  28% ▕█████             ▏ 928 MB/3.3 GB  5.3 MB/s   7m35s[K[?25h[?2026l[?2026h[?25l[A[1Gpulling manifest [K
pulling aeda25e63ebd:  28% ▕█████             ▏ 929 MB/3.3 GB  5.3 MB/s   7m35s[K[?25h[?2026l[?2026h[?25l[A[1Gpulling manifest [K
pulling aeda25e63ebd:  28% ▕█████             ▏ 929 MB/3.3 GB  5.2 MB/s   7m46s[K[?25h[?2026l[?2026h[?25l[A[1Gpulling manifest [K
pulling aeda25e63ebd:  28% ▕█████             ▏ 930 MB/3.3 GB  5.2 MB/s   7m46s[K[?25h[?2026l[?2026h[?25l[A[1Gpulling manifest [K
pulling aeda25e63ebd:  28% ▕█████             ▏ 931 MB/3.3 GB  5.2 MB/s   7m46s[K[?25h[?2026l[?2026h[?25l[A[1Gpulling manifest [K
pulling aeda25e63ebd:  28% ▕█████             ▏ 931 MB/3.3 GB  5.2 MB/s   7m46s[K[?25h[?2026l[?2026h[?25l[A[1Gpulling manifest [K
pulling aeda25e63ebd:  28% ▕█████             ▏ 931 MB/3.3 GB  5.2 MB/s   7m46s[K[?25h[?2026l[?2026h[?25l[A[1Gpulling manifest [K
pulling aeda25e63ebd:  28% ▕█████             ▏ 932 MB/3.3 GB  5.2 MB/s   7m46s[K[?25h[?2026l[?2026h[?25l[A[1Gpulling manifest [K
pulling aeda25e63ebd:  28% ▕█████             ▏ 932 MB/3.3 GB  5.2 MB/s   7m46s[K[?25h[?2026l[?2026h[?25l[A[1Gpulling manifest [K
pulling aeda25e63ebd:  28% ▕█████             ▏ 933 MB/3.3 GB  5.2 MB/s   7m46s[K[?25h[?2026l[?2026h[?25l[A[1Gpulling manifest [K
pulling aeda25e63ebd:  28% ▕█████             ▏ 933 MB/3.3 GB  5.2 MB/s   7m46s[K[?25h[?2026l[?2026h[?25l[A[1Gpulling manifest [K
pulling aeda25e63ebd:  28% ▕█████             ▏ 933 MB/3.3 GB  5.2 MB/s   7m45s[K[?25h[?2026l[?2026h[?25l[A[1Gpulling manifest [K
pulling aeda25e63ebd:  28% ▕█████             ▏ 934 MB/3.3 GB  5.1 MB/s   7m54s[K[?25h[?2026l[?2026h[?25l[A[1Gpulling manifest [K
pulling aeda25e63ebd:  28% ▕█████             ▏ 934 MB/3.3 GB  5.1 MB/s   7m54s[K[?25h[?2026l[?2026h[?25l[A[1Gpulling manifest [K
pulling aeda25e63ebd:  28% ▕█████             ▏ 934 MB/3.3 GB  5.1 MB/s   7m54s[K[?25h[?2026l[?2026h[?25l[A[1Gpulling manifest [K
pulling aeda25e63ebd:  28% ▕█████             ▏ 935 MB/3.3 GB  5.1 MB/s   7m53s[K[?25h[?2026l[?2026h[?25l[A[1Gpulling manifest [K
pulling aeda25e63ebd:  28% ▕█████             ▏ 936 MB/3.3 GB  5.1 MB/s   7m53s[K[?25h[?2026l[?2026h[?25l[A[1Gpulling manifest [K
pulling aeda25e63ebd:  28% ▕█████             ▏ 936 MB/3.3 GB  5.1 MB/s   7m53s[K[?25h[?2026l[?2026h[?25l[A[1Gpulling manifest [K
pulling aeda25e63ebd:  28% ▕█████             ▏ 937 MB/3.3 GB  5.1 MB/s   7m53s[K[?25h[?2026l[?2026h[?25l[A[1Gpulling manifest [K
pulling aeda25e63ebd:  28% ▕█████             ▏ 937 MB/3.3 GB  5.1 MB/s   7m53s[K[?25h[?2026l[?2026h[?25l[A[1Gpulling manifest [K
pulling aeda25e63ebd:  28% ▕█████             ▏ 937 MB/3.3 GB  5.1 MB/s   7m53s[K[?25h[?2026l[?2026h[?25l[A[1Gpulling manifest [K
pulling aeda25e63ebd:  28% ▕█████             ▏ 938 MB/3.3 GB  5.1 MB/s   7m53s[K[?25h[?2026l[?2026h[?25l[A[1Gpulling manifest [K
pulling aeda25e63ebd:  28% ▕█████             ▏ 939 MB/3.3 GB  5.1 MB/s   7m52s[K[?25h[?2026l[?2026h[?25l[A[1Gpulling manifest [K
pulling aeda25e63ebd:  28% ▕█████             ▏ 939 MB/3.3 GB  5.1 MB/s   7m52s[K[?25h[?2026l[?2026h[?25l[A[1Gpulling manifest [K
pulling aeda25e63ebd:  28% ▕█████             ▏ 940 MB/3.3 GB  5.1 MB/s   7m52s[K[?25h[?2026l[?2026h[?25l[A[1Gpulling manifest [K
pulling aeda25e63ebd:  28% ▕█████             ▏ 940 MB/3.3 GB  5.1 MB/s   7m51s[K[?25h[?2026l[?2026h[?25l[A[1Gpulling manifest [K
pulling aeda25e63ebd:  28% ▕█████             ▏ 941 MB/3.3 GB  5.1 MB/s   7m51s[K[?25h[?2026l[?2026h[?25l[A[1Gpulling manifest [K
pulling aeda25e63ebd:  28% ▕█████             ▏ 942 MB/3.3 GB  5.1 MB/s   7m51s[K[?25h[?2026l[?2026h[?25l[A[1Gpulling manifest [K
pulling aeda25e63ebd:  28% ▕█████             ▏ 942 MB/3.3 GB  5.1 MB/s   7m51s[K[?25h[?2026l[?2026h[?25l[A[1Gpulling manifest [K
pulling aeda25e63ebd:  28% ▕█████             ▏ 942 MB/3.3 GB  5.1 MB/s   7m51s[K[?25h[?2026l[?2026h[?25l[A[1Gpulling manifest [K
pulling aeda25e63ebd:  28% ▕█████             ▏ 943 MB/3.3 GB  5.1 MB/s   7m51s[K[?25h[?2026l[?2026h[?25l[A[1Gpulling manifest [K
pulling aeda25e63ebd:  28% ▕█████             ▏ 944 MB/3.3 GB  5.1 MB/s   7m51s[K[?25h[?2026l[?2026h[?25l[A[1Gpulling manifest [K
pulling aeda25e63ebd:  28% ▕█████             ▏ 944 MB/3.3 GB  5.1 MB/s   7m51s[K[?25h[?2026l[?2026h[?25l[A[1Gpulling manifest [K
pulling aeda25e63ebd:  28% ▕█████             ▏ 945 MB/3.3 GB  5.1 MB/s   7m45s[K[?25h[?2026l[?2026h[?25l[A[1Gpulling manifest [K
pulling aeda25e63ebd:  28% ▕█████             ▏ 945 MB/3.3 GB  5.1 MB/s   7m45s[K[?25h[?2026l[?2026h[?25l[A[1Gpulling manifest [K
pulling aeda25e63ebd:  28% ▕█████             ▏ 946 MB/3.3 GB  5.1 MB/s   7m45s[K[?25h[?2026l[?2026h[?25l[A[1Gpulling manifest [K
pulling aeda25e63ebd:  28% ▕█████             ▏ 946 MB/3.3 GB  5.1 MB/s   7m45s[K[?25h[?2026l[?2026h[?25l[A[1Gpulling manifest [K
pulling aeda25e63ebd:  28% ▕█████             ▏ 947 MB/3.3 GB  5.1 MB/s   7m44s[K[?25h[?2026l[?2026h[?25l[A[1Gpulling manifest [K
pulling aeda25e63ebd:  28% ▕█████             ▏ 947 MB/3.3 GB  5.1 MB/s   7m44s[K[?25h[?2026l[?2026h[?25l[A[1Gpulling manifest [K
pulling aeda25e63ebd:  28% ▕█████             ▏ 948 MB/3.3 GB  5.1 MB/s   7m44s[K[?25h[?2026l[?2026h[?25l[A[1Gpulling manifest [K
pulling aeda25e63ebd:  28% ▕█████             ▏ 949 MB/3.3 GB  5.1 MB/s   7m44s[K[?25h[?2026l[?2026h[?25l[A[1Gpulling manifest [K
pulling aeda25e63ebd:  28% ▕█████             ▏ 949 MB/3.3 GB  5.1 MB/s   7m44s[K[?25h[?2026l[?2026h[?25l[A[1Gpulling manifest [K
pulling aeda25e63ebd:  28% ▕█████             ▏ 950 MB/3.3 GB  5.1 MB/s   7m44s[K[?25h[?2026l[?2026h[?25l[A[1Gpulling manifest [K
pulling aeda25e63ebd:  28% ▕█████             ▏ 950 MB/3.3 GB  5.2 MB/s   7m42s[K[?25h[?2026l[?2026h[?25l[A[1Gpulling manifest [K
pulling aeda25e63ebd:  28% ▕█████             ▏ 951 MB/3.3 GB  5.2 MB/s   7m42s[K[?25h[?2026l[?2026h[?25l[A[1Gpulling manifest [K
pulling aeda25e63ebd:  28% ▕█████             ▏ 951 MB/3.3 GB  5.2 MB/s   7m42s[K[?25h[?2026l[?2026h[?25l[A[1Gpulling manifest [K
pulling aeda25e63ebd:  29% ▕█████             ▏ 952 MB/3.3 GB  5.2 MB/s   7m42s[K[?25h[?2026l[?2026h[?25l[A[1Gpulling manifest [K
pulling aeda25e63ebd:  29% ▕█████             ▏ 952 MB/3.3 GB  5.2 MB/s   7m42s[K[?25h[?2026l[?2026h[?25l[A[1Gpulling manifest [K
pulling aeda25e63ebd:  29% ▕█████             ▏ 953 MB/3.3 GB  5.2 MB/s   7m42s[K[?25h[?2026l[?2026h[?25l[A[1Gpulling manifest [K
pulling aeda25e63ebd:  29% ▕█████             ▏ 953 MB/3.3 GB  5.2 MB/s   7m41s[K[?25h[?2026l[?2026h[?25l[A[1Gpulling manifest [K
pulling aeda25e63ebd:  29% ▕█████             ▏ 954 MB/3.3 GB  5.2 MB/s   7m41s[K[?25h[?2026l[?2026h[?25l[A[1Gpulling manifest [K
pulling aeda25e63ebd:  29% ▕█████             ▏ 954 MB/3.3 GB  5.2 MB/s   7m41s[K[?25h[?2026l[?2026h[?25l[A[1Gpulling manifest [K
pulling aeda25e63ebd:  29% ▕█████             ▏ 955 MB/3.3 GB  5.2 MB/s   7m41s[K[?25h[?2026l[?2026h[?25l[A[1Gpulling manifest [K
pulling aeda25e63ebd:  29% ▕█████             ▏ 955 MB/3.3 GB  5.1 MB/s   7m44s[K[?25h[?2026l[?2026h[?25l[A[1Gpulling manifest [K
pulling aeda25e63ebd:  29% ▕█████             ▏ 956 MB/3.3 GB  5.1 MB/s   7m44s[K[?25h[?2026l[?2026h[?25l[A[1Gpulling manifest [K
pulling aeda25e63ebd:  29% ▕█████             ▏ 956 MB/3.3 GB  5.1 MB/s   7m44s[K[?25h[?2026l[?2026h[?25l[A[1Gpulling manifest [K
pulling aeda25e63ebd:  29% ▕█████             ▏ 956 MB/3.3 GB  5.1 MB/s   7m44s[K[?25h[?2026l[?2026h[?25l[A[1Gpulling manifest [K
pulling aeda25e63ebd:  29% ▕█████             ▏ 957 MB/3.3 GB  5.1 MB/s   7m43s[K[?25h[?2026l[?2026h[?25l[A[1Gpulling manifest [K
pulling aeda25e63ebd:  29% ▕█████             ▏ 957 MB/3.3 GB  5.1 MB/s   7m43s[K[?25h[?2026l[?2026h[?25l[A[1Gpulling manifest [K
pulling aeda25e63ebd:  29% ▕█████             ▏ 958 MB/3.3 GB  5.1 MB/s   7m43s[K[?25h[?2026l[?2026h[?25l[A[1Gpulling manifest [K
pulling aeda25e63ebd:  29% ▕█████             ▏ 958 MB/3.3 GB  5.1 MB/s   7m43s[K[?25h[?2026l[?2026h[?25l[A[1Gpulling manifest [K
pulling aeda25e63ebd:  29% ▕█████             ▏ 959 MB/3.3 GB  5.1 MB/s   7m43s[K[?25h[?2026l[?2026h[?25l[A[1Gpulling manifest [K
pulling aeda25e63ebd:  29% ▕█████             ▏ 959 MB/3.3 GB  5.1 MB/s   7m43s[K[?25h[?2026l[?2026h[?25l[A[1Gpulling manifest [K
pulling aeda25e63ebd:  29% ▕█████             ▏ 960 MB/3.3 GB  5.1 MB/s   7m45s[K[?25h[?2026l[?2026h[?25l[A[1Gpulling manifest [K
pulling aeda25e63ebd:  29% ▕█████             ▏ 961 MB/3.3 GB  5.1 MB/s   7m45s[K[?25h[?2026l[?2026h[?25l[A[1Gpulling manifest [K
pulling aeda25e63ebd:  29% ▕█████             ▏ 961 MB/3.3 GB  5.1 MB/s   7m45s[K[?25h[?2026l[?2026h[?25l[A[1Gpulling manifest [K
pulling aeda25e63ebd:  29% ▕█████             ▏ 961 MB/3.3 GB  5.1 MB/s   7m45s[K[?25h[?2026l[?2026h[?25l[A[1Gpulling manifest [K
pulling aeda25e63ebd:  29% ▕█████             ▏ 962 MB/3.3 GB  5.1 MB/s   7m45s[K[?25h[?2026l[?2026h[?25l[A[1Gpulling manifest [K
pulling aeda25e63ebd:  29% ▕█████             ▏ 962 MB/3.3 GB  5.1 MB/s   7m45s[K[?25h[?2026l[?2026h[?25l[A[1Gpulling manifest [K
pulling aeda25e63ebd:  29% ▕█████             ▏ 963 MB/3.3 GB  5.1 MB/s   7m45s[K[?25h[?2026l[?2026h[?25l[A[1Gpulling manifest [K
pulling aeda25e63ebd:  29% ▕█████             ▏ 964 MB/3.3 GB  5.1 MB/s   7m45s[K[?25h[?2026l[?2026h[?25l[A[1Gpulling manifest [K
pulling aeda25e63ebd:  29% ▕█████             ▏ 964 MB/3.3 GB  5.1 MB/s   7m44s[K[?25h[?2026l[?2026h[?25l[A[1Gpulling manifest [K
pulling aeda25e63ebd:  29% ▕█████             ▏ 965 MB/3.3 GB  5.1 MB/s   7m44s[K[?25h[?2026l[?2026h[?25l[A[1Gpulling manifest [K
pulling aeda25e63ebd:  29% ▕█████             ▏ 965 MB/3.3 GB  5.1 MB/s   7m49s[K[?25h[?2026l[?2026h[?25l[A[1Gpulling manifest [K
pulling aeda25e63ebd:  29% ▕█████             ▏ 966 MB/3.3 GB  5.1 MB/s   7m49s[K[?25h[?2026l[?2026h[?25l[A[1Gpulling manifest [K
pulling aeda25e63ebd:  29% ▕█████             ▏ 966 MB/3.3 GB  5.1 MB/s   7m49s[K[?25h[?2026l[?2026h[?25l[A[1Gpulling manifest [K
pulling aeda25e63ebd:  29% ▕█████             ▏ 967 MB/3.3 GB  5.1 MB/s   7m49s[K[?25h[?2026l[?2026h[?25l[A[1Gpulling manifest [K
pulling aeda25e63ebd:  29% ▕█████             ▏ 967 MB/3.3 GB  5.1 MB/s   7m49s[K[?25h[?2026l[?2026h[?25l[A[1Gpulling manifest [K
pulling aeda25e63ebd:  29% ▕█████             ▏ 967 MB/3.3 GB  5.1 MB/s   7m49s[K[?25h[?2026l[?2026h[?25l[A[1Gpulling manifest [K
pulling aeda25e63ebd:  29% ▕█████             ▏ 967 MB/3.3 GB  5.1 MB/s   7m49s[K[?25h[?2026l[?2026h[?25l[A[1Gpulling manifest [K
pulling aeda25e63ebd:  29% ▕█████             ▏ 968 MB/3.3 GB  5.1 MB/s   7m49s[K[?25h[?2026l[?2026h[?25l[A[1Gpulling manifest [K
pulling aeda25e63ebd:  29% ▕█████             ▏ 969 MB/3.3 GB  5.1 MB/s   7m49s[K[?25h[?2026l[?2026h[?25l[A[1Gpulling manifest [K
pulling aeda25e63ebd:  29% ▕█████             ▏ 970 MB/3.3 GB  5.1 MB/s   7m48s[K[?25h[?2026l[?2026h[?25l[A[1Gpulling manifest [K
pulling aeda25e63ebd:  29% ▕█████             ▏ 970 MB/3.3 GB  5.1 MB/s   7m48s[K[?25h[?2026l[?2026h[?25l[A[1Gpulling manifest [K
pulling aeda25e63ebd:  29% ▕█████             ▏ 971 MB/3.3 GB  5.1 MB/s   7m47s[K[?25h[?2026l[?2026h[?25l[A[1Gpulling manifest [K
pulling aeda25e63ebd:  29% ▕█████             ▏ 971 MB/3.3 GB  5.1 MB/s   7m47s[K[?25h[?2026l[?2026h[?25l[A[1Gpulling manifest [K
pulling aeda25e63ebd:  29% ▕█████             ▏ 972 MB/3.3 GB  5.1 MB/s   7m47s[K[?25h[?2026l[?2026h[?25l[A[1Gpulling manifest [K
pulling aeda25e63ebd:  29% ▕█████             ▏ 972 MB/3.3 GB  5.1 MB/s   7m47s[K[?25h[?2026l[?2026h[?25l[A[1Gpulling manifest [K
pulling aeda25e63ebd:  29% ▕█████             ▏ 973 MB/3.3 GB  5.1 MB/s   7m47s[K[?25h[?2026l[?2026h[?25l[A[1Gpulling manifest [K
pulling aeda25e63ebd:  29% ▕█████             ▏ 973 MB/3.3 GB  5.1 MB/s   7m47s[K[?25h[?2026l[?2026h[?25l[A[1Gpulling manifest [K
pulling aeda25e63ebd:  29% ▕█████             ▏ 974 MB/3.3 GB  5.1 MB/s   7m46s[K[?25h[?2026l[?2026h[?25l[A[1Gpulling manifest [K
pulling aeda25e63ebd:  29% ▕█████             ▏ 975 MB/3.3 GB  5.1 MB/s   7m46s[K[?25h[?2026l[?2026h[?25l[A[1Gpulling manifest [K
pulling aeda25e63ebd:  29% ▕█████             ▏ 975 MB/3.3 GB  5.1 MB/s   7m46s[K[?25h[?2026l[?2026h[?25l[A[1Gpulling manifest [K
pulling aeda25e63ebd:  29% ▕█████             ▏ 976 MB/3.3 GB  5.1 MB/s   7m46s[K[?25h[?2026l[?2026h[?25l[A[1Gpulling manifest [K
pulling aeda25e63ebd:  29% ▕█████             ▏ 976 MB/3.3 GB  5.2 MB/s   7m34s[K[?25h[?2026l[?2026h[?25l[A[1Gpulling manifest [K
pulling aeda25e63ebd:  29% ▕█████             ▏ 977 MB/3.3 GB  5.2 MB/s   7m34s[K[?25h[?2026l[?2026h[?25l[A[1Gpulling manifest [K
pulling aeda25e63ebd:  29% ▕█████             ▏ 977 MB/3.3 GB  5.2 MB/s   7m34s[K[?25h[?2026l[?2026h[?25l[A[1Gpulling manifest [K
pulling aeda25e63ebd:  29% ▕█████             ▏ 978 MB/3.3 GB  5.2 MB/s   7m33s[K[?25h[?2026l[?2026h[?25l[A[1Gpulling manifest [K
pulling aeda25e63ebd:  29% ▕█████             ▏ 978 MB/3.3 GB  5.2 MB/s   7m33s[K[?25h[?2026l[?2026h[?25l[A[1Gpulling manifest [K
pulling aeda25e63ebd:  29% ▕█████             ▏ 979 MB/3.3 GB  5.2 MB/s   7m33s[K[?25h[?2026l[?2026h[?25l[A[1Gpulling manifest [K
pulling aeda25e63ebd:  29% ▕█████             ▏ 979 MB/3.3 GB  5.2 MB/s   7m33s[K[?25h[?2026l[?2026h[?25l[A[1Gpulling manifest [K
pulling aeda25e63ebd:  29% ▕█████             ▏ 980 MB/3.3 GB  5.2 MB/s   7m33s[K[?25h[?2026l[?2026h[?25l[A[1Gpulling manifest [K
pulling aeda25e63ebd:  29% ▕█████             ▏ 981 MB/3.3 GB  5.2 MB/s   7m33s[K[?25h[?2026l[?2026h[?25l[A[1Gpulling manifest [K
pulling aeda25e63ebd:  29% ▕█████             ▏ 981 MB/3.3 GB  5.2 MB/s   7m33s[K[?25h[?2026l[?2026h[?25l[A[1Gpulling manifest [K
pulling aeda25e63ebd:  29% ▕█████             ▏ 981 MB/3.3 GB  5.2 MB/s   7m29s[K[?25h[?2026l[?2026h[?25l[A[1Gpulling manifest [K
pulling aeda25e63ebd:  29% ▕█████             ▏ 981 MB/3.3 GB  5.2 MB/s   7m29s[K[?25h[?2026l[?2026h[?25l[A[1Gpulling manifest [K
pulling aeda25e63ebd:  29% ▕█████             ▏ 982 MB/3.3 GB  5.2 MB/s   7m29s[K[?25h[?2026l[?2026h[?25l[A[1Gpulling manifest [K
pulling aeda25e63ebd:  29% ▕█████             ▏ 982 MB/3.3 GB  5.2 MB/s   7m29s[K[?25h[?2026l[?2026h[?25l[A[1Gpulling manifest [K
pulling aeda25e63ebd:  29% ▕█████             ▏ 983 MB/3.3 GB  5.2 MB/s   7m29s[K[?25h[?2026l[?2026h[?25l[A[1Gpulling manifest [K
pulling aeda25e63ebd:  29% ▕█████             ▏ 983 MB/3.3 GB  5.2 MB/s   7m29s[K[?25h[?2026l[?2026h[?25l[A[1Gpulling manifest [K
pulling aeda25e63ebd:  29% ▕█████             ▏ 984 MB/3.3 GB  5.2 MB/s   7m29s[K[?25h[?2026l[?2026h[?25l[A[1Gpulling manifest [K
pulling aeda25e63ebd:  29% ▕█████             ▏ 984 MB/3.3 GB  5.2 MB/s   7m29s[K[?25h[?2026l[?2026h[?25l[A[1Gpulling manifest [K
pulling aeda25e63ebd:  30% ▕█████             ▏ 985 MB/3.3 GB  5.2 MB/s   7m29s[K[?25h[?2026l[?2026h[?25l[A[1Gpulling manifest [K
pulling aeda25e63ebd:  30% ▕█████             ▏ 985 MB/3.3 GB  5.2 MB/s   7m29s[K[?25h[?2026l[?2026h[?25l[A[1Gpulling manifest [K
pulling aeda25e63ebd:  30% ▕█████             ▏ 986 MB/3.3 GB  5.2 MB/s   7m31s[K[?25h[?2026l[?2026h[?25l[A[1Gpulling manifest [K
pulling aeda25e63ebd:  30% ▕█████             ▏ 987 MB/3.3 GB  5.2 MB/s   7m31s[K[?25h[?2026l[?2026h[?25l[A[1Gpulling manifest [K
pulling aeda25e63ebd:  30% ▕█████             ▏ 987 MB/3.3 GB  5.2 MB/s   7m31s[K[?25h[?2026l[?2026h[?25l[A[1Gpulling manifest [K
pulling aeda25e63ebd:  30% ▕█████             ▏ 988 MB/3.3 GB  5.2 MB/s   7m31s[K[?25h[?2026l[?2026h[?25l[A[1Gpulling manifest [K
pulling aeda25e63ebd:  30% ▕█████             ▏ 988 MB/3.3 GB  5.2 MB/s   7m30s[K[?25h[?2026l[?2026h[?25l[A[1Gpulling manifest [K
pulling aeda25e63ebd:  30% ▕█████             ▏ 989 MB/3.3 GB  5.2 MB/s   7m30s[K[?25h[?2026l[?2026h[?25l[A[1Gpulling manifest [K
pulling aeda25e63ebd:  30% ▕█████             ▏ 989 MB/3.3 GB  5.2 MB/s   7m30s[K[?25h[?2026l[?2026h[?25l[A[1Gpulling manifest [K
pulling aeda25e63ebd:  30% ▕█████             ▏ 990 MB/3.3 GB  5.2 MB/s   7m30s[K[?25h[?2026l[?2026h[?25l[A[1Gpulling manifest [K
pulling aeda25e63ebd:  30% ▕█████             ▏ 990 MB/3.3 GB  5.2 MB/s   7m30s[K[?25h[?2026l[?2026h[?25l[A[1Gpulling manifest [K
pulling aeda25e63ebd:  30% ▕█████             ▏ 991 MB/3.3 GB  5.2 MB/s   7m30s[K[?25h[?2026l[?2026h[?25l[A[1Gpulling manifest [K
pulling aeda25e63ebd:  30% ▕█████             ▏ 992 MB/3.3 GB  5.2 MB/s   7m28s[K[?25h[?2026l[?2026h[?25l[A[1Gpulling manifest [K
pulling aeda25e63ebd:  30% ▕█████             ▏ 992 MB/3.3 GB  5.2 MB/s   7m28s[K[?25h[?2026l[?2026h[?25l[A[1Gpulling manifest [K
pulling aeda25e63ebd:  30% ▕█████             ▏ 992 MB/3.3 GB  5.2 MB/s   7m27s[K[?25h[?2026l[?2026h[?25l[A[1Gpulling manifest [K
pulling aeda25e63ebd:  30% ▕█████             ▏ 993 MB/3.3 GB  5.2 MB/s   7m27s[K[?25h[?2026l[?2026h[?25l[A[1Gpulling manifest [K
pulling aeda25e63ebd:  30% ▕█████             ▏ 994 MB/3.3 GB  5.2 MB/s   7m27s[K[?25h[?2026l[?2026h[?25l[A[1Gpulling manifest [K
pulling aeda25e63ebd:  30% ▕█████             ▏ 994 MB/3.3 GB  5.2 MB/s   7m27s[K[?25h[?2026l[?2026h[?25l[A[1Gpulling manifest [K
pulling aeda25e63ebd:  30% ▕█████             ▏ 995 MB/3.3 GB  5.2 MB/s   7m27s[K[?25h[?2026l[?2026h[?25l[A[1Gpulling manifest [K
pulling aeda25e63ebd:  30% ▕█████             ▏ 995 MB/3.3 GB  5.2 MB/s   7m27s[K[?25h[?2026l[?2026h[?25l[A[1Gpulling manifest [K
pulling aeda25e63ebd:  30% ▕█████             ▏ 996 MB/3.3 GB  5.2 MB/s   7m27s[K[?25h[?2026l[?2026h[?25l[A[1Gpulling manifest [K
pulling aeda25e63ebd:  30% ▕█████             ▏ 997 MB/3.3 GB  5.2 MB/s   7m27s[K[?25h[?2026l[?2026h[?25l[A[1Gpulling manifest [K
pulling aeda25e63ebd:  30% ▕█████             ▏ 997 MB/3.3 GB  5.2 MB/s   7m27s[K[?25h[?2026l[?2026h[?25l[A[1Gpulling manifest [K
pulling aeda25e63ebd:  30% ▕█████             ▏ 997 MB/3.3 GB  5.2 MB/s   7m28s[K[?25h[?2026l[?2026h[?25l[A[1Gpulling manifest [K
pulling aeda25e63ebd:  30% ▕█████             ▏ 998 MB/3.3 GB  5.2 MB/s   7m27s[K[?25h[?2026l[?2026h[?25l[A[1Gpulling manifest [K
pulling aeda25e63ebd:  30% ▕█████             ▏ 998 MB/3.3 GB  5.2 MB/s   7m27s[K[?25h[?2026l[?2026h[?25l[A[1Gpulling manifest [K
pulling aeda25e63ebd:  30% ▕█████             ▏ 999 MB/3.3 GB  5.2 MB/s   7m27s[K[?25h[?2026l[?2026h[?25l[A[1Gpulling manifest [K
pulling aeda25e63ebd:  30% ▕█████             ▏ 999 MB/3.3 GB  5.2 MB/s   7m27s[K[?25h[?2026l[?2026h[?25l[A[1Gpulling manifest [K
pulling aeda25e63ebd:  30% ▕█████             ▏ 1.0 GB/3.3 GB  5.2 MB/s   7m27s[K[?25h[?2026l[?2026h[?25l[A[1Gpulling manifest [K
pulling aeda25e63ebd:  30% ▕█████             ▏ 1.0 GB/3.3 GB  5.2 MB/s   7m27s[K[?25h[?2026l[?2026h[?25l[A[1Gpulling manifest [K
pulling aeda25e63ebd:  30% ▕█████             ▏ 1.0 GB/3.3 GB  5.2 MB/s   7m27s[K[?25h[?2026l[?2026h[?25l[A[1Gpulling manifest [K
pulling aeda25e63ebd:  30% ▕█████             ▏ 1.0 GB/3.3 GB  5.2 MB/s   7m27s[K[?25h[?2026l[?2026h[?25l[A[1Gpulling manifest [K
pulling aeda25e63ebd:  30% ▕█████             ▏ 1.0 GB/3.3 GB  5.2 MB/s   7m27s[K[?25h[?2026l[?2026h[?25l[A[1Gpulling manifest [K
pulling aeda25e63ebd:  30% ▕█████             ▏ 1.0 GB/3.3 GB  5.3 MB/s   7m24s[K[?25h[?2026l[?2026h[?25l[A[1Gpulling manifest [K
pulling aeda25e63ebd:  30% ▕█████             ▏ 1.0 GB/3.3 GB  5.3 MB/s   7m24s[K[?25h[?2026l[?2026h[?25l[A[1Gpulling manifest [K
pulling aeda25e63ebd:  30% ▕█████             ▏ 1.0 GB/3.3 GB  5.3 MB/s   7m24s[K[?25h[?2026l[?2026h[?25l[A[1Gpulling manifest [K
pulling aeda25e63ebd:  30% ▕█████             ▏ 1.0 GB/3.3 GB  5.3 MB/s   7m23s[K[?25h[?2026l[?2026h[?25l[A[1Gpulling manifest [K
pulling aeda25e63ebd:  30% ▕█████             ▏ 1.0 GB/3.3 GB  5.3 MB/s   7m23s[K[?25h[?2026l[?2026h[?25l[A[1Gpulling manifest [K
pulling aeda25e63ebd:  30% ▕█████             ▏ 1.0 GB/3.3 GB  5.3 MB/s   7m23s[K[?25h[?2026l[?2026h[?25l[A[1Gpulling manifest [K
pulling aeda25e63ebd:  30% ▕█████             ▏ 1.0 GB/3.3 GB  5.3 MB/s   7m23s[K[?25h[?2026l[?2026h[?25l[A[1Gpulling manifest [K
pulling aeda25e63ebd:  30% ▕█████             ▏ 1.0 GB/3.3 GB  5.3 MB/s   7m23s[K[?25h[?2026l[?2026h[?25l[A[1Gpulling manifest [K
pulling aeda25e63ebd:  30% ▕█████             ▏ 1.0 GB/3.3 GB  5.3 MB/s   7m23s[K[?25h[?2026l[?2026h[?25l[A[1Gpulling manifest [K
pulling aeda25e63ebd:  30% ▕█████             ▏ 1.0 GB/3.3 GB  5.3 MB/s   7m23s[K[?25h[?2026l[?2026h[?25l[A[1Gpulling manifest [K
pulling aeda25e63ebd:  30% ▕█████             ▏ 1.0 GB/3.3 GB  5.4 MB/s   7m13s[K[?25h[?2026l[?2026h[?25l[A[1Gpulling manifest [K
pulling aeda25e63ebd:  30% ▕█████             ▏ 1.0 GB/3.3 GB  5.4 MB/s   7m13s[K[?25h[?2026l[?2026h[?25l[A[1Gpulling manifest [K
pulling aeda25e63ebd:  30% ▕█████             ▏ 1.0 GB/3.3 GB  5.4 MB/s   7m13s[K[?25h[?2026l[?2026h[?25l[A[1Gpulling manifest [K
pulling aeda25e63ebd:  30% ▕█████             ▏ 1.0 GB/3.3 GB  5.4 MB/s   7m13s[K[?25h[?2026l[?2026h[?25l[A[1Gpulling manifest [K
pulling aeda25e63ebd:  30% ▕█████             ▏ 1.0 GB/3.3 GB  5.4 MB/s   7m13s[K[?25h[?2026l[?2026h[?25l[A[1Gpulling manifest [K
pulling aeda25e63ebd:  30% ▕█████             ▏ 1.0 GB/3.3 GB  5.4 MB/s   7m12s[K[?25h[?2026l[?2026h[?25l[A[1Gpulling manifest [K
pulling aeda25e63ebd:  30% ▕█████             ▏ 1.0 GB/3.3 GB  5.4 MB/s   7m12s[K[?25h[?2026l[?2026h[?25l[A[1Gpulling manifest [K
pulling aeda25e63ebd:  30% ▕█████             ▏ 1.0 GB/3.3 GB  5.4 MB/s   7m12s[K[?25h[?2026l[?2026h[?25l[A[1Gpulling manifest [K
pulling aeda25e63ebd:  30% ▕█████             ▏ 1.0 GB/3.3 GB  5.4 MB/s   7m12s[K[?25h[?2026l[?2026h[?25l[A[1Gpulling manifest [K
pulling aeda25e63ebd:  30% ▕█████             ▏ 1.0 GB/3.3 GB  5.4 MB/s   7m12s[K[?25h[?2026l[?2026h[?25l[A[1Gpulling manifest [K
pulling aeda25e63ebd:  30% ▕█████             ▏ 1.0 GB/3.3 GB  5.4 MB/s    7m7s[K[?25h[?2026l[?2026h[?25l[A[1Gpulling manifest [K
pulling aeda25e63ebd:  30% ▕█████             ▏ 1.0 GB/3.3 GB  5.4 MB/s    7m7s[K[?25h[?2026l[?2026h[?25l[A[1Gpulling manifest [K
pulling aeda25e63ebd:  30% ▕█████             ▏ 1.0 GB/3.3 GB  5.4 MB/s    7m7s[K[?25h[?2026l[?2026h[?25l[A[1Gpulling manifest [K
pulling aeda25e63ebd:  30% ▕█████             ▏ 1.0 GB/3.3 GB  5.4 MB/s    7m6s[K[?25h[?2026l[?2026h[?25l[A[1Gpulling manifest [K
pulling aeda25e63ebd:  30% ▕█████             ▏ 1.0 GB/3.3 GB  5.4 MB/s    7m6s[K[?25h[?2026l[?2026h[?25l[A[1Gpulling manifest [K
pulling aeda25e63ebd:  30% ▕█████             ▏ 1.0 GB/3.3 GB  5.4 MB/s    7m6s[K[?25h[?2026l[?2026h[?25l[A[1Gpulling manifest [K
pulling aeda25e63ebd:  30% ▕█████             ▏ 1.0 GB/3.3 GB  5.4 MB/s    7m6s[K[?25h[?2026l[?2026h[?25l[A[1Gpulling manifest [K
pulling aeda25e63ebd:  31% ▕█████             ▏ 1.0 GB/3.3 GB  5.4 MB/s    7m6s[K[?25h[?2026l[?2026h[?25l[A[1Gpulling manifest [K
pulling aeda25e63ebd:  31% ▕█████             ▏ 1.0 GB/3.3 GB  5.4 MB/s    7m6s[K[?25h[?2026l[?2026h[?25l[A[1Gpulling manifest [K
pulling aeda25e63ebd:  31% ▕█████             ▏ 1.0 GB/3.3 GB  5.4 MB/s    7m6s[K[?25h[?2026l[?2026h[?25l[A[1Gpulling manifest [K
pulling aeda25e63ebd:  31% ▕█████             ▏ 1.0 GB/3.3 GB  5.5 MB/s   6m59s[K[?25h[?2026l[?2026h[?25l[A[1Gpulling manifest [K
pulling aeda25e63ebd:  31% ▕█████             ▏ 1.0 GB/3.3 GB  5.5 MB/s   6m59s[K[?25h[?2026l[?2026h[?25l[A[1Gpulling manifest [K
pulling aeda25e63ebd:  31% ▕█████             ▏ 1.0 GB/3.3 GB  5.5 MB/s   6m58s[K[?25h[?2026l[?2026h[?25l[A[1Gpulling manifest [K
pulling aeda25e63ebd:  31% ▕█████             ▏ 1.0 GB/3.3 GB  5.5 MB/s   6m58s[K[?25h[?2026l[?2026h[?25l[A[1Gpulling manifest [K
pulling aeda25e63ebd:  31% ▕█████             ▏ 1.0 GB/3.3 GB  5.5 MB/s   6m58s[K[?25h[?2026l[?2026h[?25l[A[1Gpulling manifest [K
pulling aeda25e63ebd:  31% ▕█████             ▏ 1.0 GB/3.3 GB  5.5 MB/s   6m58s[K[?25h[?2026l[?2026h[?25l[A[1Gpulling manifest [K
pulling aeda25e63ebd:  31% ▕█████             ▏ 1.0 GB/3.3 GB  5.5 MB/s   6m58s[K[?25h[?2026l[?2026h[?25l[A[1Gpulling manifest [K
pulling aeda25e63ebd:  31% ▕█████             ▏ 1.0 GB/3.3 GB  5.5 MB/s   6m58s[K[?25h[?2026l[?2026h[?25l[A[1Gpulling manifest [K
pulling aeda25e63ebd:  31% ▕█████             ▏ 1.0 GB/3.3 GB  5.5 MB/s   6m58s[K[?25h[?2026l[?2026h[?25l[A[1Gpulling manifest [K
pulling aeda25e63ebd:  31% ▕█████             ▏ 1.0 GB/3.3 GB  5.5 MB/s   6m58s[K[?25h[?2026l[?2026h[?25l[A[1Gpulling manifest [K
pulling aeda25e63ebd:  31% ▕█████             ▏ 1.0 GB/3.3 GB  5.5 MB/s   6m58s[K[?25h[?2026l[?2026h[?25l[A[1Gpulling manifest [K
pulling aeda25e63ebd:  31% ▕█████             ▏ 1.0 GB/3.3 GB  5.5 MB/s    7m1s[K[?25h[?2026l[?2026h[?25l[A[1Gpulling manifest [K
pulling aeda25e63ebd:  31% ▕█████             ▏ 1.0 GB/3.3 GB  5.5 MB/s    7m1s[K[?25h[?2026l[?2026h[?25l[A[1Gpulling manifest [K
pulling aeda25e63ebd:  31% ▕█████             ▏ 1.0 GB/3.3 GB  5.5 MB/s    7m1s[K[?25h[?2026l[?2026h[?25l[A[1Gpulling manifest [K
pulling aeda25e63ebd:  31% ▕█████             ▏ 1.0 GB/3.3 GB  5.5 MB/s    7m1s[K[?25h[?2026l[?2026h[?25l[A[1Gpulling manifest [K
pulling aeda25e63ebd:  31% ▕█████             ▏ 1.0 GB/3.3 GB  5.5 MB/s    7m1s[K[?25h[?2026l[?2026h[?25l[A[1Gpulling manifest [K
pulling aeda25e63ebd:  31% ▕█████             ▏ 1.0 GB/3.3 GB  5.5 MB/s    7m1s[K[?25h[?2026l[?2026h[?25l[A[1Gpulling manifest [K
pulling aeda25e63ebd:  31% ▕█████             ▏ 1.0 GB/3.3 GB  5.5 MB/s    7m1s[K[?25h[?2026l[?2026h[?25l[A[1Gpulling manifest [K
pulling aeda25e63ebd:  31% ▕█████             ▏ 1.0 GB/3.3 GB  5.5 MB/s    7m1s[K[?25h[?2026l[?2026h[?25l[A[1Gpulling manifest [K
pulling aeda25e63ebd:  31% ▕█████             ▏ 1.0 GB/3.3 GB  5.5 MB/s    7m1s[K[?25h[?2026l[?2026h[?25l[A[1Gpulling manifest [K
pulling aeda25e63ebd:  31% ▕█████             ▏ 1.0 GB/3.3 GB  5.5 MB/s    7m1s[K[?25h[?2026l[?2026h[?25l[A[1Gpulling manifest [K
pulling aeda25e63ebd:  31% ▕█████             ▏ 1.0 GB/3.3 GB  5.6 MB/s   6m54s[K[?25h[?2026l[?2026h[?25l[A[1Gpulling manifest [K
pulling aeda25e63ebd:  31% ▕█████             ▏ 1.0 GB/3.3 GB  5.6 MB/s   6m54s[K[?25h[?2026l[?2026h[?25l[A[1Gpulling manifest [K
pulling aeda25e63ebd:  31% ▕█████             ▏ 1.0 GB/3.3 GB  5.6 MB/s   6m54s[K[?25h[?2026l[?2026h[?25l[A[1Gpulling manifest [K
pulling aeda25e63ebd:  31% ▕█████             ▏ 1.0 GB/3.3 GB  5.6 MB/s   6m54s[K[?25h[?2026l[?2026h[?25l[A[1Gpulling manifest [K
pulling aeda25e63ebd:  31% ▕█████             ▏ 1.0 GB/3.3 GB  5.6 MB/s   6m54s[K[?25h[?2026l[?2026h[?25l[A[1Gpulling manifest [K
pulling aeda25e63ebd:  31% ▕█████             ▏ 1.0 GB/3.3 GB  5.6 MB/s   6m54s[K[?25h[?2026l[?2026h[?25l[A[1Gpulling manifest [K
pulling aeda25e63ebd:  31% ▕█████             ▏ 1.0 GB/3.3 GB  5.6 MB/s   6m54s[K[?25h[?2026l[?2026h[?25l[A[1Gpulling manifest [K
pulling aeda25e63ebd:  31% ▕█████             ▏ 1.0 GB/3.3 GB  5.6 MB/s   6m54s[K[?25h[?2026l[?2026h[?25l[A[1Gpulling manifest [K
pulling aeda25e63ebd:  31% ▕█████             ▏ 1.0 GB/3.3 GB  5.6 MB/s   6m53s[K[?25h[?2026l[?2026h[?25l[A[1Gpulling manifest [K
pulling aeda25e63ebd:  31% ▕█████             ▏ 1.0 GB/3.3 GB  5.6 MB/s   6m53s[K[?25h[?2026l[?2026h[?25l[A[1Gpulling manifest [K
pulling aeda25e63ebd:  31% ▕█████             ▏ 1.0 GB/3.3 GB  5.6 MB/s   6m50s[K[?25h[?2026l[?2026h[?25l[A[1Gpulling manifest [K
pulling aeda25e63ebd:  31% ▕█████             ▏ 1.0 GB/3.3 GB  5.6 MB/s   6m50s[K[?25h[?2026l[?2026h[?25l[A[1Gpulling manifest [K
pulling aeda25e63ebd:  31% ▕█████             ▏ 1.0 GB/3.3 GB  5.6 MB/s   6m50s[K[?25h[?2026l[?2026h[?25l[A[1Gpulling manifest [K
pulling aeda25e63ebd:  31% ▕█████             ▏ 1.0 GB/3.3 GB  5.6 MB/s   6m50s[K[?25h[?2026l[?2026h[?25l[A[1Gpulling manifest [K
pulling aeda25e63ebd:  31% ▕█████             ▏ 1.0 GB/3.3 GB  5.6 MB/s   6m50s[K[?25h[?2026l[?2026h[?25l[A[1Gpulling manifest [K
pulling aeda25e63ebd:  31% ▕█████             ▏ 1.0 GB/3.3 GB  5.6 MB/s   6m50s[K[?25h[?2026l[?2026h[?25l[A[1Gpulling manifest [K
pulling aeda25e63ebd:  31% ▕█████             ▏ 1.0 GB/3.3 GB  5.6 MB/s   6m50s[K[?25h[?2026l[?2026h[?25l[A[1Gpulling manifest [K
pulling aeda25e63ebd:  31% ▕█████             ▏ 1.0 GB/3.3 GB  5.6 MB/s   6m49s[K[?25h[?2026l[?2026h[?25l[A[1Gpulling manifest [K
pulling aeda25e63ebd:  31% ▕█████             ▏ 1.0 GB/3.3 GB  5.6 MB/s   6m49s[K[?25h[?2026l[?2026h[?25l[A[1Gpulling manifest [K
pulling aeda25e63ebd:  31% ▕█████             ▏ 1.0 GB/3.3 GB  5.6 MB/s   6m49s[K[?25h[?2026l[?2026h[?25l[A[1Gpulling manifest [K
pulling aeda25e63ebd:  31% ▕█████             ▏ 1.0 GB/3.3 GB  5.5 MB/s   6m58s[K[?25h[?2026l[?2026h[?25l[A[1Gpulling manifest [K
pulling aeda25e63ebd:  31% ▕█████             ▏ 1.0 GB/3.3 GB  5.5 MB/s   6m58s[K[?25h[?2026l[?2026h[?25l[A[1Gpulling manifest [K
pulling aeda25e63ebd:  31% ▕█████             ▏ 1.0 GB/3.3 GB  5.5 MB/s   6m58s[K[?25h[?2026l[?2026h[?25l[A[1Gpulling manifest [K
pulling aeda25e63ebd:  31% ▕█████             ▏ 1.0 GB/3.3 GB  5.5 MB/s   6m58s[K[?25h[?2026l[?2026h[?25l[A[1Gpulling manifest [K
pulling aeda25e63ebd:  31% ▕█████             ▏ 1.0 GB/3.3 GB  5.5 MB/s   6m58s[K[?25h[?2026l[?2026h[?25l[A[1Gpulling manifest [K
pulling aeda25e63ebd:  31% ▕█████             ▏ 1.0 GB/3.3 GB  5.5 MB/s   6m58s[K[?25h[?2026l[?2026h[?25l[A[1Gpulling manifest [K
pulling aeda25e63ebd:  31% ▕█████             ▏ 1.0 GB/3.3 GB  5.5 MB/s   6m58s[K[?25h[?2026l[?2026h[?25l[A[1Gpulling manifest [K
pulling aeda25e63ebd:  31% ▕█████             ▏ 1.0 GB/3.3 GB  5.5 MB/s   6m58s[K[?25h[?2026l[?2026h[?25l[A[1Gpulling manifest [K
pulling aeda25e63ebd:  31% ▕█████             ▏ 1.0 GB/3.3 GB  5.5 MB/s   6m58s[K[?25h[?2026l[?2026h[?25l[A[1Gpulling manifest [K
pulling aeda25e63ebd:  31% ▕█████             ▏ 1.0 GB/3.3 GB  5.5 MB/s   6m58s[K[?25h[?2026l[?2026h[?25l[A[1Gpulling manifest [K
pulling aeda25e63ebd:  31% ▕█████             ▏ 1.0 GB/3.3 GB  5.5 MB/s   6m58s[K[?25h[?2026l[?2026h[?25l[A[1Gpulling manifest [K
pulling aeda25e63ebd:  31% ▕█████             ▏ 1.0 GB/3.3 GB  5.5 MB/s   6m58s[K[?25h[?2026l[?2026h[?25l[A[1Gpulling manifest [K
pulling aeda25e63ebd:  31% ▕█████             ▏ 1.0 GB/3.3 GB  5.5 MB/s   6m58s[K[?25h[?2026l[?2026h[?25l[A[1Gpulling manifest [K
pulling aeda25e63ebd:  31% ▕█████             ▏ 1.0 GB/3.3 GB  5.5 MB/s   6m58s[K[?25h[?2026l[?2026h[?25l[A[1Gpulling manifest [K
pulling aeda25e63ebd:  31% ▕█████             ▏ 1.0 GB/3.3 GB  5.5 MB/s   6m58s[K[?25h[?2026l[?2026h[?25l[A[1Gpulling manifest [K
pulling aeda25e63ebd:  31% ▕█████             ▏ 1.0 GB/3.3 GB  5.5 MB/s   6m58s[K[?25h[?2026l[?2026h[?25l[A[1Gpulling manifest [K
pulling aeda25e63ebd:  31% ▕█████             ▏ 1.0 GB/3.3 GB  5.5 MB/s   6m58s[K[?25h[?2026l[?2026h[?25l[A[1Gpulling manifest [K
pulling aeda25e63ebd:  31% ▕█████             ▏ 1.1 GB/3.3 GB  5.5 MB/s   6m58s[K[?25h[?2026l[?2026h[?25l[A[1Gpulling manifest [K
pulling aeda25e63ebd:  31% ▕█████             ▏ 1.1 GB/3.3 GB  5.5 MB/s   6m58s[K[?25h[?2026l[?2026h[?25l[A[1Gpulling manifest [K
pulling aeda25e63ebd:  31% ▕█████             ▏ 1.1 GB/3.3 GB  5.5 MB/s   6m57s[K[?25h[?2026l[?2026h[?25l[A[1Gpulling manifest [K
pulling aeda25e63ebd:  32% ▕█████             ▏ 1.1 GB/3.3 GB  5.5 MB/s   6m57s[K[?25h[?2026l[?2026h[?25l[A[1Gpulling manifest [K
pulling aeda25e63ebd:  32% ▕█████             ▏ 1.1 GB/3.3 GB  5.5 MB/s   6m57s[K[?25h[?2026l[?2026h[?25l[A[1Gpulling manifest [K
pulling aeda25e63ebd:  32% ▕█████             ▏ 1.1 GB/3.3 GB  5.5 MB/s   6m57s[K[?25h[?2026l[?2026h[?25l[A[1Gpulling manifest [K
pulling aeda25e63ebd:  32% ▕█████             ▏ 1.1 GB/3.3 GB  5.5 MB/s   6m57s[K[?25h[?2026l[?2026h[?25l[A[1Gpulling manifest [K
pulling aeda25e63ebd:  32% ▕█████             ▏ 1.1 GB/3.3 GB  5.5 MB/s   6m57s[K[?25h[?2026l[?2026h[?25l[A[1Gpulling manifest [K
pulling aeda25e63ebd:  32% ▕█████             ▏ 1.1 GB/3.3 GB  5.5 MB/s   6m57s[K[?25h[?2026l[?2026h[?25l[A[1Gpulling manifest [K
pulling aeda25e63ebd:  32% ▕█████             ▏ 1.1 GB/3.3 GB  5.5 MB/s   6m57s[K[?25h[?2026l[?2026h[?25l[A[1Gpulling manifest [K
pulling aeda25e63ebd:  32% ▕█████             ▏ 1.1 GB/3.3 GB  5.5 MB/s   6m57s[K[?25h[?2026l[?2026h[?25l[A[1Gpulling manifest [K
pulling aeda25e63ebd:  32% ▕█████             ▏ 1.1 GB/3.3 GB  5.5 MB/s   6m57s[K[?25h[?2026l[?2026h[?25l[A[1Gpulling manifest [K
pulling aeda25e63ebd:  32% ▕█████             ▏ 1.1 GB/3.3 GB  5.5 MB/s   6m56s[K[?25h[?2026l[?2026h[?25l[A[1Gpulling manifest [K
pulling aeda25e63ebd:  32% ▕█████             ▏ 1.1 GB/3.3 GB  5.5 MB/s   6m56s[K[?25h[?2026l[?2026h[?25l[A[1Gpulling manifest [K
pulling aeda25e63ebd:  32% ▕█████             ▏ 1.1 GB/3.3 GB  5.4 MB/s    7m1s[K[?25h[?2026l[?2026h[?25l[A[1Gpulling manifest [K
pulling aeda25e63ebd:  32% ▕█████             ▏ 1.1 GB/3.3 GB  5.4 MB/s    7m1s[K[?25h[?2026l[?2026h[?25l[A[1Gpulling manifest [K
pulling aeda25e63ebd:  32% ▕█████             ▏ 1.1 GB/3.3 GB  5.4 MB/s    7m1s[K[?25h[?2026l[?2026h[?25l[A[1Gpulling manifest [K
pulling aeda25e63ebd:  32% ▕█████             ▏ 1.1 GB/3.3 GB  5.4 MB/s    7m1s[K[?25h[?2026l[?2026h[?25l[A[1Gpulling manifest [K
pulling aeda25e63ebd:  32% ▕█████             ▏ 1.1 GB/3.3 GB  5.4 MB/s    7m1s[K[?25h[?2026l[?2026h[?25l[A[1Gpulling manifest [K
pulling aeda25e63ebd:  32% ▕█████             ▏ 1.1 GB/3.3 GB  5.4 MB/s    7m1s[K[?25h[?2026l[?2026h[?25l[A[1Gpulling manifest [K
pulling aeda25e63ebd:  32% ▕█████             ▏ 1.1 GB/3.3 GB  5.4 MB/s    7m1s[K[?25h[?2026l[?2026h[?25l[A[1Gpulling manifest [K
pulling aeda25e63ebd:  32% ▕█████             ▏ 1.1 GB/3.3 GB  5.4 MB/s    7m0s[K[?25h[?2026l[?2026h[?25l[A[1Gpulling manifest [K
pulling aeda25e63ebd:  32% ▕█████             ▏ 1.1 GB/3.3 GB  5.4 MB/s    7m0s[K[?25h[?2026l[?2026h[?25l[A[1Gpulling manifest [K
pulling aeda25e63ebd:  32% ▕█████             ▏ 1.1 GB/3.3 GB  5.4 MB/s    7m0s[K[?25h[?2026l[?2026h[?25l[A[1Gpulling manifest [K
pulling aeda25e63ebd:  32% ▕█████             ▏ 1.1 GB/3.3 GB  5.3 MB/s    7m5s[K[?25h[?2026l[?2026h[?25l[A[1Gpulling manifest [K
pulling aeda25e63ebd:  32% ▕█████             ▏ 1.1 GB/3.3 GB  5.3 MB/s    7m5s[K[?25h[?2026l[?2026h[?25l[A[1Gpulling manifest [K
pulling aeda25e63ebd:  32% ▕█████             ▏ 1.1 GB/3.3 GB  5.3 MB/s    7m5s[K[?25h[?2026l[?2026h[?25l[A[1Gpulling manifest [K
pulling aeda25e63ebd:  32% ▕█████             ▏ 1.1 GB/3.3 GB  5.3 MB/s    7m5s[K[?25h[?2026l[?2026h[?25l[A[1Gpulling manifest [K
pulling aeda25e63ebd:  32% ▕█████             ▏ 1.1 GB/3.3 GB  5.3 MB/s    7m5s[K[?25h[?2026l[?2026h[?25l[A[1Gpulling manifest [K
pulling aeda25e63ebd:  32% ▕█████             ▏ 1.1 GB/3.3 GB  5.3 MB/s    7m5s[K[?25h[?2026l[?2026h[?25l[A[1Gpulling manifest [K
pulling aeda25e63ebd:  32% ▕█████             ▏ 1.1 GB/3.3 GB  5.3 MB/s    7m5s[K[?25h[?2026l[?2026h[?25l[A[1Gpulling manifest [K
pulling aeda25e63ebd:  32% ▕█████             ▏ 1.1 GB/3.3 GB  5.3 MB/s    7m5s[K[?25h[?2026l[?2026h[?25l[A[1Gpulling manifest [K
pulling aeda25e63ebd:  32% ▕█████             ▏ 1.1 GB/3.3 GB  5.3 MB/s    7m4s[K[?25h[?2026l[?2026h[?25l[A[1Gpulling manifest [K
pulling aeda25e63ebd:  32% ▕█████             ▏ 1.1 GB/3.3 GB  5.3 MB/s    7m4s[K[?25h[?2026l[?2026h[?25l[A[1Gpulling manifest [K
pulling aeda25e63ebd:  32% ▕█████             ▏ 1.1 GB/3.3 GB  5.3 MB/s   7m10s[K[?25h[?2026l[?2026h[?25l[A[1Gpulling manifest [K
pulling aeda25e63ebd:  32% ▕█████             ▏ 1.1 GB/3.3 GB  5.3 MB/s   7m10s[K[?25h[?2026l[?2026h[?25l[A[1Gpulling manifest [K
pulling aeda25e63ebd:  32% ▕█████             ▏ 1.1 GB/3.3 GB  5.3 MB/s   7m10s[K[?25h[?2026l[?2026h[?25l[A[1Gpulling manifest [K
pulling aeda25e63ebd:  32% ▕█████             ▏ 1.1 GB/3.3 GB  5.3 MB/s    7m9s[K[?25h[?2026l[?2026h[?25l[A[1Gpulling manifest [K
pulling aeda25e63ebd:  32% ▕█████             ▏ 1.1 GB/3.3 GB  5.3 MB/s    7m9s[K[?25h[?2026l[?2026h[?25l[A[1Gpulling manifest [K
pulling aeda25e63ebd:  32% ▕█████             ▏ 1.1 GB/3.3 GB  5.3 MB/s    7m9s[K[?25h[?2026l[?2026h[?25l[A[1Gpulling manifest [K
pulling aeda25e63ebd:  32% ▕█████             ▏ 1.1 GB/3.3 GB  5.3 MB/s    7m9s[K[?25h[?2026l[?2026h[?25l[A[1Gpulling manifest [K
pulling aeda25e63ebd:  32% ▕█████             ▏ 1.1 GB/3.3 GB  5.3 MB/s    7m9s[K[?25h[?2026l[?2026h[?25l[A[1Gpulling manifest [K
pulling aeda25e63ebd:  32% ▕█████             ▏ 1.1 GB/3.3 GB  5.3 MB/s    7m9s[K[?25h[?2026l[?2026h[?25l[A[1Gpulling manifest [K
pulling aeda25e63ebd:  32% ▕█████             ▏ 1.1 GB/3.3 GB  5.3 MB/s    7m9s[K[?25h[?2026l[?2026h[?25l[A[1Gpulling manifest [K
pulling aeda25e63ebd:  32% ▕█████             ▏ 1.1 GB/3.3 GB  5.3 MB/s    7m5s[K[?25h[?2026l[?2026h[?25l[A[1Gpulling manifest [K
pulling aeda25e63ebd:  32% ▕█████             ▏ 1.1 GB/3.3 GB  5.3 MB/s    7m5s[K[?25h[?2026l[?2026h[?25l[A[1Gpulling manifest [K
pulling aeda25e63ebd:  32% ▕█████             ▏ 1.1 GB/3.3 GB  5.3 MB/s    7m5s[K[?25h[?2026l[?2026h[?25l[A[1Gpulling manifest [K
pulling aeda25e63ebd:  32% ▕█████             ▏ 1.1 GB/3.3 GB  5.3 MB/s    7m5s[K[?25h[?2026l[?2026h[?25l[A[1Gpulling manifest [K
pulling aeda25e63ebd:  32% ▕█████             ▏ 1.1 GB/3.3 GB  5.3 MB/s    7m5s[K[?25h[?2026l[?2026h[?25l[A[1Gpulling manifest [K
pulling aeda25e63ebd:  32% ▕█████             ▏ 1.1 GB/3.3 GB  5.3 MB/s    7m5s[K[?25h[?2026l[?2026h[?25l[A[1Gpulling manifest [K
pulling aeda25e63ebd:  32% ▕█████             ▏ 1.1 GB/3.3 GB  5.3 MB/s    7m5s[K[?25h[?2026l[?2026h[?25l[A[1Gpulling manifest [K
pulling aeda25e63ebd:  32% ▕█████             ▏ 1.1 GB/3.3 GB  5.3 MB/s    7m5s[K[?25h[?2026l[?2026h[?25l[A[1Gpulling manifest [K
pulling aeda25e63ebd:  32% ▕█████             ▏ 1.1 GB/3.3 GB  5.3 MB/s    7m5s[K[?25h[?2026l[?2026h[?25l[A[1Gpulling manifest [K
pulling aeda25e63ebd:  32% ▕█████             ▏ 1.1 GB/3.3 GB  5.3 MB/s    7m5s[K[?25h[?2026l[?2026h[?25l[A[1Gpulling manifest [K
pulling aeda25e63ebd:  32% ▕█████             ▏ 1.1 GB/3.3 GB  5.3 MB/s    7m5s[K[?25h[?2026l[?2026h[?25l[A[1Gpulling manifest [K
pulling aeda25e63ebd:  32% ▕█████             ▏ 1.1 GB/3.3 GB  5.3 MB/s    7m6s[K[?25h[?2026l[?2026h[?25l[A[1Gpulling manifest [K
pulling aeda25e63ebd:  32% ▕█████             ▏ 1.1 GB/3.3 GB  5.3 MB/s    7m6s[K[?25h[?2026l[?2026h[?25l[A[1Gpulling manifest [K
pulling aeda25e63ebd:  32% ▕█████             ▏ 1.1 GB/3.3 GB  5.3 MB/s    7m6s[K[?25h[?2026l[?2026h[?25l[A[1Gpulling manifest [K
pulling aeda25e63ebd:  32% ▕█████             ▏ 1.1 GB/3.3 GB  5.3 MB/s    7m6s[K[?25h[?2026l[?2026h[?25l[A[1Gpulling manifest [K
pulling aeda25e63ebd:  32% ▕█████             ▏ 1.1 GB/3.3 GB  5.3 MB/s    7m5s[K[?25h[?2026l[?2026h[?25l[A[1Gpulling manifest [K
pulling aeda25e63ebd:  32% ▕█████             ▏ 1.1 GB/3.3 GB  5.3 MB/s    7m5s[K[?25h[?2026l[?2026h[?25l[A[1Gpulling manifest [K
pulling aeda25e63ebd:  32% ▕█████             ▏ 1.1 GB/3.3 GB  5.3 MB/s    7m5s[K[?25h[?2026l[?2026h[?25l[A[1Gpulling manifest [K
pulling aeda25e63ebd:  32% ▕█████             ▏ 1.1 GB/3.3 GB  5.3 MB/s    7m5s[K[?25h[?2026l[?2026h[?25l[A[1Gpulling manifest [K
pulling aeda25e63ebd:  32% ▕█████             ▏ 1.1 GB/3.3 GB  5.3 MB/s    7m5s[K[?25h[?2026l[?2026h[?25l[A[1Gpulling manifest [K
pulling aeda25e63ebd:  32% ▕█████             ▏ 1.1 GB/3.3 GB  5.3 MB/s    7m5s[K[?25h[?2026l[?2026h[?25l[A[1Gpulling manifest [K
pulling aeda25e63ebd:  33% ▕█████             ▏ 1.1 GB/3.3 GB  5.4 MB/s    7m0s[K[?25h[?2026l[?2026h[?25l[A[1Gpulling manifest [K
pulling aeda25e63ebd:  33% ▕█████             ▏ 1.1 GB/3.3 GB  5.4 MB/s    7m0s[K[?25h[?2026l[?2026h[?25l[A[1Gpulling manifest [K
pulling aeda25e63ebd:  33% ▕█████             ▏ 1.1 GB/3.3 GB  5.4 MB/s    7m0s[K[?25h[?2026l[?2026h[?25l[A[1Gpulling manifest [K
pulling aeda25e63ebd:  33% ▕█████             ▏ 1.1 GB/3.3 GB  5.4 MB/s   6m59s[K[?25h[?2026l[?2026h[?25l[A[1Gpulling manifest [K
pulling aeda25e63ebd:  33% ▕█████             ▏ 1.1 GB/3.3 GB  5.4 MB/s   6m59s[K[?25h[?2026l[?2026h[?25l[A[1Gpulling manifest [K
pulling aeda25e63ebd:  33% ▕█████             ▏ 1.1 GB/3.3 GB  5.4 MB/s   6m59s[K[?25h[?2026l[?2026h[?25l[A[1Gpulling manifest [K
pulling aeda25e63ebd:  33% ▕█████             ▏ 1.1 GB/3.3 GB  5.4 MB/s   6m59s[K[?25h[?2026l[?2026h[?25l[A[1Gpulling manifest [K
pulling aeda25e63ebd:  33% ▕█████             ▏ 1.1 GB/3.3 GB  5.4 MB/s   6m59s[K[?25h[?2026l[?2026h[?25l[A[1Gpulling manifest [K
pulling aeda25e63ebd:  33% ▕█████             ▏ 1.1 GB/3.3 GB  5.4 MB/s   6m59s[K[?25h[?2026l[?2026h[?25l[A[1Gpulling manifest [K
pulling aeda25e63ebd:  33% ▕█████             ▏ 1.1 GB/3.3 GB  5.4 MB/s   6m59s[K[?25h[?2026l[?2026h[?25l[A[1Gpulling manifest [K
pulling aeda25e63ebd:  33% ▕█████             ▏ 1.1 GB/3.3 GB  5.5 MB/s   6m52s[K[?25h[?2026l[?2026h[?25l[A[1Gpulling manifest [K
pulling aeda25e63ebd:  33% ▕█████             ▏ 1.1 GB/3.3 GB  5.5 MB/s   6m52s[K[?25h[?2026l[?2026h[?25l[A[1Gpulling manifest [K
pulling aeda25e63ebd:  33% ▕█████             ▏ 1.1 GB/3.3 GB  5.5 MB/s   6m51s[K[?25h[?2026l[?2026h[?25l[A[1Gpulling manifest [K
pulling aeda25e63ebd:  33% ▕█████             ▏ 1.1 GB/3.3 GB  5.5 MB/s   6m51s[K[?25h[?2026l[?2026h[?25l[A[1Gpulling manifest [K
pulling aeda25e63ebd:  33% ▕█████             ▏ 1.1 GB/3.3 GB  5.5 MB/s   6m51s[K[?25h[?2026l[?2026h[?25l[A[1Gpulling manifest [K
pulling aeda25e63ebd:  33% ▕█████             ▏ 1.1 GB/3.3 GB  5.5 MB/s   6m51s[K[?25h[?2026l[?2026h[?25l[A[1Gpulling manifest [K
pulling aeda25e63ebd:  33% ▕█████             ▏ 1.1 GB/3.3 GB  5.5 MB/s   6m51s[K[?25h[?2026l[?2026h[?25l[A[1Gpulling manifest [K
pulling aeda25e63ebd:  33% ▕█████             ▏ 1.1 GB/3.3 GB  5.5 MB/s   6m51s[K[?25h[?2026l[?2026h[?25l[A[1Gpulling manifest [K
pulling aeda25e63ebd:  33% ▕█████             ▏ 1.1 GB/3.3 GB  5.5 MB/s   6m51s[K[?25h[?2026l[?2026h[?25l[A[1Gpulling manifest [K
pulling aeda25e63ebd:  33% ▕█████             ▏ 1.1 GB/3.3 GB  5.5 MB/s   6m51s[K[?25h[?2026l[?2026h[?25l[A[1Gpulling manifest [K
pulling aeda25e63ebd:  33% ▕█████             ▏ 1.1 GB/3.3 GB  5.4 MB/s   6m56s[K[?25h[?2026l[?2026h[?25l[A[1Gpulling manifest [K
pulling aeda25e63ebd:  33% ▕█████             ▏ 1.1 GB/3.3 GB  5.4 MB/s   6m56s[K[?25h[?2026l[?2026h[?25l[A[1Gpulling manifest [K
pulling aeda25e63ebd:  33% ▕█████             ▏ 1.1 GB/3.3 GB  5.4 MB/s   6m56s[K[?25h[?2026l[?2026h[?25l[A[1Gpulling manifest [K
pulling aeda25e63ebd:  33% ▕█████             ▏ 1.1 GB/3.3 GB  5.4 MB/s   6m56s[K[?25h[?2026l[?2026h[?25l[A[1Gpulling manifest [K
pulling aeda25e63ebd:  33% ▕█████             ▏ 1.1 GB/3.3 GB  5.4 MB/s   6m56s[K[?25h[?2026l[?2026h[?25l[A[1Gpulling manifest [K
pulling aeda25e63ebd:  33% ▕█████             ▏ 1.1 GB/3.3 GB  5.4 MB/s   6m56s[K[?25h[?2026l[?2026h[?25l[A[1Gpulling manifest [K
pulling aeda25e63ebd:  33% ▕█████             ▏ 1.1 GB/3.3 GB  5.4 MB/s   6m56s[K[?25h[?2026l[?2026h[?25l[A[1Gpulling manifest [K
pulling aeda25e63ebd:  33% ▕█████             ▏ 1.1 GB/3.3 GB  5.4 MB/s   6m55s[K[?25h[?2026l[?2026h[?25l[A[1Gpulling manifest [K
pulling aeda25e63ebd:  33% ▕█████             ▏ 1.1 GB/3.3 GB  5.4 MB/s   6m55s[K[?25h[?2026l[?2026h[?25l[A[1Gpulling manifest [K
pulling aeda25e63ebd:  33% ▕█████             ▏ 1.1 GB/3.3 GB  5.4 MB/s   6m55s[K[?25h[?2026l[?2026h[?25l[A[1Gpulling manifest [K
pulling aeda25e63ebd:  33% ▕█████             ▏ 1.1 GB/3.3 GB  5.4 MB/s   6m55s[K[?25h[?2026l[?2026h[?25l[A[1Gpulling manifest [K
pulling aeda25e63ebd:  33% ▕█████             ▏ 1.1 GB/3.3 GB  5.4 MB/s   6m55s[K[?25h[?2026l[?2026h[?25l[A[1Gpulling manifest [K
pulling aeda25e63ebd:  33% ▕█████             ▏ 1.1 GB/3.3 GB  5.4 MB/s   6m55s[K[?25h[?2026l[?2026h[?25l[A[1Gpulling manifest [K
pulling aeda25e63ebd:  33% ▕█████             ▏ 1.1 GB/3.3 GB  5.4 MB/s   6m55s[K[?25h[?2026l[?2026h[?25l[A[1Gpulling manifest [K
pulling aeda25e63ebd:  33% ▕█████             ▏ 1.1 GB/3.3 GB  5.4 MB/s   6m55s[K[?25h[?2026l[?2026h[?25l[A[1Gpulling manifest [K
pulling aeda25e63ebd:  33% ▕█████             ▏ 1.1 GB/3.3 GB  5.4 MB/s   6m55s[K[?25h[?2026l[?2026h[?25l[A[1Gpulling manifest [K
pulling aeda25e63ebd:  33% ▕█████             ▏ 1.1 GB/3.3 GB  5.4 MB/s   6m54s[K[?25h[?2026l[?2026h[?25l[A[1Gpulling manifest [K
pulling aeda25e63ebd:  33% ▕█████             ▏ 1.1 GB/3.3 GB  5.4 MB/s   6m54s[K[?25h[?2026l[?2026h[?25l[A[1Gpulling manifest [K
pulling aeda25e63ebd:  33% ▕█████             ▏ 1.1 GB/3.3 GB  5.4 MB/s   6m54s[K[?25h[?2026l[?2026h[?25l[A[1Gpulling manifest [K
pulling aeda25e63ebd:  33% ▕█████             ▏ 1.1 GB/3.3 GB  5.4 MB/s   6m54s[K[?25h[?2026l[?2026h[?25l[A[1Gpulling manifest [K
pulling aeda25e63ebd:  33% ▕█████             ▏ 1.1 GB/3.3 GB  5.4 MB/s   6m54s[K[?25h[?2026l[?2026h[?25l[A[1Gpulling manifest [K
pulling aeda25e63ebd:  33% ▕█████             ▏ 1.1 GB/3.3 GB  5.4 MB/s   6m57s[K[?25h[?2026l[?2026h[?25l[A[1Gpulling manifest [K
pulling aeda25e63ebd:  33% ▕█████             ▏ 1.1 GB/3.3 GB  5.4 MB/s   6m57s[K[?25h[?2026l[?2026h[?25l[A[1Gpulling manifest [K
pulling aeda25e63ebd:  33% ▕█████             ▏ 1.1 GB/3.3 GB  5.4 MB/s   6m57s[K[?25h[?2026l[?2026h[?25l[A[1Gpulling manifest [K
pulling aeda25e63ebd:  33% ▕█████             ▏ 1.1 GB/3.3 GB  5.4 MB/s   6m56s[K[?25h[?2026l[?2026h[?25l[A[1Gpulling manifest [K
pulling aeda25e63ebd:  33% ▕█████             ▏ 1.1 GB/3.3 GB  5.4 MB/s   6m56s[K[?25h[?2026l[?2026h[?25l[A[1Gpulling manifest [K
pulling aeda25e63ebd:  33% ▕█████             ▏ 1.1 GB/3.3 GB  5.4 MB/s   6m56s[K[?25h[?2026l[?2026h[?25l[A[1Gpulling manifest [K
pulling aeda25e63ebd:  33% ▕█████             ▏ 1.1 GB/3.3 GB  5.4 MB/s   6m56s[K[?25h[?2026l[?2026h[?25l[A[1Gpulling manifest [K
pulling aeda25e63ebd:  33% ▕█████             ▏ 1.1 GB/3.3 GB  5.4 MB/s   6m56s[K[?25h[?2026l[?2026h[?25l[A[1Gpulling manifest [K
pulling aeda25e63ebd:  33% ▕█████             ▏ 1.1 GB/3.3 GB  5.4 MB/s   6m56s[K[?25h[?2026l[?2026h[?25l[A[1Gpulling manifest [K
pulling aeda25e63ebd:  33% ▕█████             ▏ 1.1 GB/3.3 GB  5.4 MB/s   6m56s[K[?25h[?2026l[?2026h[?25l[A[1Gpulling manifest [K
pulling aeda25e63ebd:  33% ▕█████             ▏ 1.1 GB/3.3 GB  5.4 MB/s   6m54s[K[?25h[?2026l[?2026h[?25l[A[1Gpulling manifest [K
pulling aeda25e63ebd:  33% ▕█████             ▏ 1.1 GB/3.3 GB  5.4 MB/s   6m54s[K[?25h[?2026l[?2026h[?25l[A[1Gpulling manifest [K
pulling aeda25e63ebd:  33% ▕█████             ▏ 1.1 GB/3.3 GB  5.4 MB/s   6m54s[K[?25h[?2026l[?2026h[?25l[A[1Gpulling manifest [K
pulling aeda25e63ebd:  33% ▕██████            ▏ 1.1 GB/3.3 GB  5.4 MB/s   6m54s[K[?25h[?2026l[?2026h[?25l[A[1Gpulling manifest [K
pulling aeda25e63ebd:  33% ▕██████            ▏ 1.1 GB/3.3 GB  5.4 MB/s   6m54s[K[?25h[?2026l[?2026h[?25l[A[1Gpulling manifest [K
pulling aeda25e63ebd:  33% ▕██████            ▏ 1.1 GB/3.3 GB  5.4 MB/s   6m54s[K[?25h[?2026l[?2026h[?25l[A[1Gpulling manifest [K
pulling aeda25e63ebd:  33% ▕██████            ▏ 1.1 GB/3.3 GB  5.4 MB/s   6m54s[K[?25h[?2026l[?2026h[?25l[A[1Gpulling manifest [K
pulling aeda25e63ebd:  33% ▕██████            ▏ 1.1 GB/3.3 GB  5.4 MB/s   6m54s[K[?25h[?2026l[?2026h[?25l[A[1Gpulling manifest [K
pulling aeda25e63ebd:  33% ▕██████            ▏ 1.1 GB/3.3 GB  5.4 MB/s   6m53s[K[?25h[?2026l[?2026h[?25l[A[1Gpulling manifest [K
pulling aeda25e63ebd:  33% ▕██████            ▏ 1.1 GB/3.3 GB  5.4 MB/s   6m53s[K[?25h[?2026l[?2026h[?25l[A[1Gpulling manifest [K
pulling aeda25e63ebd:  33% ▕██████            ▏ 1.1 GB/3.3 GB  5.4 MB/s   6m53s[K[?25h[?2026l[?2026h[?25l[A[1Gpulling manifest [K
pulling aeda25e63ebd:  33% ▕██████            ▏ 1.1 GB/3.3 GB  5.4 MB/s   6m53s[K[?25h[?2026l[?2026h[?25l[A[1Gpulling manifest [K
pulling aeda25e63ebd:  33% ▕██████            ▏ 1.1 GB/3.3 GB  5.4 MB/s   6m53s[K[?25h[?2026l[?2026h[?25l[A[1Gpulling manifest [K
pulling aeda25e63ebd:  33% ▕██████            ▏ 1.1 GB/3.3 GB  5.4 MB/s   6m53s[K[?25h[?2026l[?2026h[?25l[A[1Gpulling manifest [K
pulling aeda25e63ebd:  34% ▕██████            ▏ 1.1 GB/3.3 GB  5.4 MB/s   6m52s[K[?25h[?2026l[?2026h[?25l[A[1Gpulling manifest [K
pulling aeda25e63ebd:  34% ▕██████            ▏ 1.1 GB/3.3 GB  5.4 MB/s   6m52s[K[?25h[?2026l[?2026h[?25l[A[1Gpulling manifest [K
pulling aeda25e63ebd:  34% ▕██████            ▏ 1.1 GB/3.3 GB  5.4 MB/s   6m52s[K[?25h[?2026l[?2026h[?25l[A[1Gpulling manifest [K
pulling aeda25e63ebd:  34% ▕██████            ▏ 1.1 GB/3.3 GB  5.4 MB/s   6m52s[K[?25h[?2026l[?2026h[?25l[A[1Gpulling manifest [K
pulling aeda25e63ebd:  34% ▕██████            ▏ 1.1 GB/3.3 GB  5.4 MB/s   6m52s[K[?25h[?2026l[?2026h[?25l[A[1Gpulling manifest [K
pulling aeda25e63ebd:  34% ▕██████            ▏ 1.1 GB/3.3 GB  5.4 MB/s   6m52s[K[?25h[?2026l[?2026h[?25l[A[1Gpulling manifest [K
pulling aeda25e63ebd:  34% ▕██████            ▏ 1.1 GB/3.3 GB  5.4 MB/s   6m54s[K[?25h[?2026l[?2026h[?25l[A[1Gpulling manifest [K
pulling aeda25e63ebd:  34% ▕██████            ▏ 1.1 GB/3.3 GB  5.4 MB/s   6m53s[K[?25h[?2026l[?2026h[?25l[A[1Gpulling manifest [K
pulling aeda25e63ebd:  34% ▕██████            ▏ 1.1 GB/3.3 GB  5.4 MB/s   6m53s[K[?25h[?2026l[?2026h[?25l[A[1Gpulling manifest [K
pulling aeda25e63ebd:  34% ▕██████            ▏ 1.1 GB/3.3 GB  5.4 MB/s   6m53s[K[?25h[?2026l[?2026h[?25l[A[1Gpulling manifest [K
pulling aeda25e63ebd:  34% ▕██████            ▏ 1.1 GB/3.3 GB  5.4 MB/s   6m53s[K[?25h[?2026l[?2026h[?25l[A[1Gpulling manifest [K
pulling aeda25e63ebd:  34% ▕██████            ▏ 1.1 GB/3.3 GB  5.4 MB/s   6m53s[K[?25h[?2026l[?2026h[?25l[A[1Gpulling manifest [K
pulling aeda25e63ebd:  34% ▕██████            ▏ 1.1 GB/3.3 GB  5.4 MB/s   6m53s[K[?25h[?2026l[?2026h[?25l[A[1Gpulling manifest [K
pulling aeda25e63ebd:  34% ▕██████            ▏ 1.1 GB/3.3 GB  5.4 MB/s   6m53s[K[?25h[?2026l[?2026h[?25l[A[1Gpulling manifest [K
pulling aeda25e63ebd:  34% ▕██████            ▏ 1.1 GB/3.3 GB  5.4 MB/s   6m53s[K[?25h[?2026l[?2026h[?25l[A[1Gpulling manifest [K
pulling aeda25e63ebd:  34% ▕██████            ▏ 1.1 GB/3.3 GB  5.4 MB/s   6m53s[K[?25h[?2026l[?2026h[?25l[A[1Gpulling manifest [K
pulling aeda25e63ebd:  34% ▕██████            ▏ 1.1 GB/3.3 GB  5.4 MB/s   6m50s[K[?25h[?2026l[?2026h[?25l[A[1Gpulling manifest [K
pulling aeda25e63ebd:  34% ▕██████            ▏ 1.1 GB/3.3 GB  5.4 MB/s   6m50s[K[?25h[?2026l[?2026h[?25l[A[1Gpulling manifest [K
pulling aeda25e63ebd:  34% ▕██████            ▏ 1.1 GB/3.3 GB  5.4 MB/s   6m50s[K[?25h[?2026l[?2026h[?25l[A[1Gpulling manifest [K
pulling aeda25e63ebd:  34% ▕██████            ▏ 1.1 GB/3.3 GB  5.4 MB/s   6m50s[K[?25h[?2026l[?2026h[?25l[A[1Gpulling manifest [K
pulling aeda25e63ebd:  34% ▕██████            ▏ 1.1 GB/3.3 GB  5.4 MB/s   6m50s[K[?25h[?2026l[?2026h[?25l[A[1Gpulling manifest [K
pulling aeda25e63ebd:  34% ▕██████            ▏ 1.1 GB/3.3 GB  5.4 MB/s   6m50s[K[?25h[?2026l[?2026h[?25l[A[1Gpulling manifest [K
pulling aeda25e63ebd:  34% ▕██████            ▏ 1.1 GB/3.3 GB  5.4 MB/s   6m49s[K[?25h[?2026l[?2026h[?25l[A[1Gpulling manifest [K
pulling aeda25e63ebd:  34% ▕██████            ▏ 1.1 GB/3.3 GB  5.4 MB/s   6m49s[K[?25h[?2026l[?2026h[?25l[A[1Gpulling manifest [K
pulling aeda25e63ebd:  34% ▕██████            ▏ 1.1 GB/3.3 GB  5.4 MB/s   6m49s[K[?25h[?2026l[?2026h[?25l[A[1Gpulling manifest [K
pulling aeda25e63ebd:  34% ▕██████            ▏ 1.1 GB/3.3 GB  5.4 MB/s   6m49s[K[?25h[?2026l[?2026h[?25l[A[1Gpulling manifest [K
pulling aeda25e63ebd:  34% ▕██████            ▏ 1.1 GB/3.3 GB  5.4 MB/s   6m49s[K[?25h[?2026l[?2026h[?25l[A[1Gpulling manifest [K
pulling aeda25e63ebd:  34% ▕██████            ▏ 1.1 GB/3.3 GB  5.3 MB/s   6m54s[K[?25h[?2026l[?2026h[?25l[A[1Gpulling manifest [K
pulling aeda25e63ebd:  34% ▕██████            ▏ 1.1 GB/3.3 GB  5.3 MB/s   6m54s[K[?25h[?2026l[?2026h[?25l[A[1Gpulling manifest [K
pulling aeda25e63ebd:  34% ▕██████            ▏ 1.1 GB/3.3 GB  5.3 MB/s   6m54s[K[?25h[?2026l[?2026h[?25l[A[1Gpulling manifest [K
pulling aeda25e63ebd:  34% ▕██████            ▏ 1.1 GB/3.3 GB  5.3 MB/s   6m54s[K[?25h[?2026l[?2026h[?25l[A[1Gpulling manifest [K
pulling aeda25e63ebd:  34% ▕██████            ▏ 1.1 GB/3.3 GB  5.3 MB/s   6m54s[K[?25h[?2026l[?2026h[?25l[A[1Gpulling manifest [K
pulling aeda25e63ebd:  34% ▕██████            ▏ 1.1 GB/3.3 GB  5.3 MB/s   6m54s[K[?25h[?2026l[?2026h[?25l[A[1Gpulling manifest [K
pulling aeda25e63ebd:  34% ▕██████            ▏ 1.1 GB/3.3 GB  5.3 MB/s   6m53s[K[?25h[?2026l[?2026h[?25l[A[1Gpulling manifest [K
pulling aeda25e63ebd:  34% ▕██████            ▏ 1.1 GB/3.3 GB  5.3 MB/s   6m53s[K[?25h[?2026l[?2026h[?25l[A[1Gpulling manifest [K
pulling aeda25e63ebd:  34% ▕██████            ▏ 1.1 GB/3.3 GB  5.3 MB/s   6m53s[K[?25h[?2026l[?2026h[?25l[A[1Gpulling manifest [K
pulling aeda25e63ebd:  34% ▕██████            ▏ 1.1 GB/3.3 GB  5.3 MB/s   6m53s[K[?25h[?2026l[?2026h[?25l[A[1Gpulling manifest [K
pulling aeda25e63ebd:  34% ▕██████            ▏ 1.1 GB/3.3 GB  5.3 MB/s   6m55s[K[?25h[?2026l[?2026h[?25l[A[1Gpulling manifest [K
pulling aeda25e63ebd:  34% ▕██████            ▏ 1.1 GB/3.3 GB  5.3 MB/s   6m55s[K[?25h[?2026l[?2026h[?25l[A[1Gpulling manifest [K
pulling aeda25e63ebd:  34% ▕██████            ▏ 1.1 GB/3.3 GB  5.3 MB/s   6m55s[K[?25h[?2026l[?2026h[?25l[A[1Gpulling manifest [K
pulling aeda25e63ebd:  34% ▕██████            ▏ 1.1 GB/3.3 GB  5.3 MB/s   6m55s[K[?25h[?2026l[?2026h[?25l[A[1Gpulling manifest [K
pulling aeda25e63ebd:  34% ▕██████            ▏ 1.1 GB/3.3 GB  5.3 MB/s   6m55s[K[?25h[?2026l[?2026h[?25l[A[1Gpulling manifest [K
pulling aeda25e63ebd:  34% ▕██████            ▏ 1.1 GB/3.3 GB  5.3 MB/s   6m54s[K[?25h[?2026l[?2026h[?25l[A[1Gpulling manifest [K
pulling aeda25e63ebd:  34% ▕██████            ▏ 1.1 GB/3.3 GB  5.3 MB/s   6m54s[K[?25h[?2026l[?2026h[?25l[A[1Gpulling manifest [K
pulling aeda25e63ebd:  34% ▕██████            ▏ 1.1 GB/3.3 GB  5.3 MB/s   6m54s[K[?25h[?2026l[?2026h[?25l[A[1Gpulling manifest [K
pulling aeda25e63ebd:  34% ▕██████            ▏ 1.1 GB/3.3 GB  5.3 MB/s   6m54s[K[?25h[?2026l[?2026h[?25l[A[1Gpulling manifest [K
pulling aeda25e63ebd:  34% ▕██████            ▏ 1.1 GB/3.3 GB  5.3 MB/s   6m54s[K[?25h[?2026l[?2026h[?25l[A[1Gpulling manifest [K
pulling aeda25e63ebd:  34% ▕██████            ▏ 1.1 GB/3.3 GB  5.4 MB/s   6m47s[K[?25h[?2026l[?2026h[?25l[A[1Gpulling manifest [K
pulling aeda25e63ebd:  34% ▕██████            ▏ 1.1 GB/3.3 GB  5.4 MB/s   6m47s[K[?25h[?2026l[?2026h[?25l[A[1Gpulling manifest [K
pulling aeda25e63ebd:  34% ▕██████            ▏ 1.1 GB/3.3 GB  5.4 MB/s   6m47s[K[?25h[?2026l[?2026h[?25l[A[1Gpulling manifest [K
pulling aeda25e63ebd:  34% ▕██████            ▏ 1.1 GB/3.3 GB  5.4 MB/s   6m46s[K[?25h[?2026l[?2026h[?25l[A[1Gpulling manifest [K
pulling aeda25e63ebd:  34% ▕██████            ▏ 1.1 GB/3.3 GB  5.4 MB/s   6m46s[K[?25h[?2026l[?2026h[?25l[A[1Gpulling manifest [K
pulling aeda25e63ebd:  34% ▕██████            ▏ 1.1 GB/3.3 GB  5.4 MB/s   6m46s[K[?25h[?2026l[?2026h[?25l[A[1Gpulling manifest [K
pulling aeda25e63ebd:  34% ▕██████            ▏ 1.1 GB/3.3 GB  5.4 MB/s   6m46s[K[?25h[?2026l[?2026h[?25l[A[1Gpulling manifest [K
pulling aeda25e63ebd:  34% ▕██████            ▏ 1.1 GB/3.3 GB  5.4 MB/s   6m46s[K[?25h[?2026l[?2026h[?25l[A[1Gpulling manifest [K
pulling aeda25e63ebd:  34% ▕██████            ▏ 1.1 GB/3.3 GB  5.4 MB/s   6m46s[K[?25h[?2026l[?2026h[?25l[A[1Gpulling manifest [K
pulling aeda25e63ebd:  34% ▕██████            ▏ 1.1 GB/3.3 GB  5.4 MB/s   6m46s[K[?25h[?2026l[?2026h[?25l[A[1Gpulling manifest [K
pulling aeda25e63ebd:  34% ▕██████            ▏ 1.1 GB/3.3 GB  5.3 MB/s   6m52s[K[?25h[?2026l[?2026h[?25l[A[1Gpulling manifest [K
pulling aeda25e63ebd:  34% ▕██████            ▏ 1.1 GB/3.3 GB  5.3 MB/s   6m51s[K[?25h[?2026l[?2026h[?25l[A[1Gpulling manifest [K
pulling aeda25e63ebd:  34% ▕██████            ▏ 1.1 GB/3.3 GB  5.3 MB/s   6m51s[K[?25h[?2026l[?2026h[?25l[A[1Gpulling manifest [K
pulling aeda25e63ebd:  34% ▕██████            ▏ 1.2 GB/3.3 GB  5.3 MB/s   6m51s[K[?25h[?2026l[?2026h[?25l[A[1Gpulling manifest [K
pulling aeda25e63ebd:  34% ▕██████            ▏ 1.2 GB/3.3 GB  5.3 MB/s   6m51s[K[?25h[?2026l[?2026h[?25l[A[1Gpulling manifest [K
pulling aeda25e63ebd:  34% ▕██████            ▏ 1.2 GB/3.3 GB  5.3 MB/s   6m51s[K[?25h[?2026l[?2026h[?25l[A[1Gpulling manifest [K
pulling aeda25e63ebd:  34% ▕██████            ▏ 1.2 GB/3.3 GB  5.3 MB/s   6m51s[K[?25h[?2026l[?2026h[?25l[A[1Gpulling manifest [K
pulling aeda25e63ebd:  35% ▕██████            ▏ 1.2 GB/3.3 GB  5.3 MB/s   6m51s[K[?25h[?2026l[?2026h[?25l[A[1Gpulling manifest [K
pulling aeda25e63ebd:  35% ▕██████            ▏ 1.2 GB/3.3 GB  5.3 MB/s   6m51s[K[?25h[?2026l[?2026h[?25l[A[1Gpulling manifest [K
pulling aeda25e63ebd:  35% ▕██████            ▏ 1.2 GB/3.3 GB  5.3 MB/s   6m51s[K[?25h[?2026l[?2026h[?25l[A[1Gpulling manifest [K
pulling aeda25e63ebd:  35% ▕██████            ▏ 1.2 GB/3.3 GB  5.4 MB/s   6m45s[K[?25h[?2026l[?2026h[?25l[A[1Gpulling manifest [K
pulling aeda25e63ebd:  35% ▕██████            ▏ 1.2 GB/3.3 GB  5.4 MB/s   6m45s[K[?25h[?2026l[?2026h[?25l[A[1Gpulling manifest [K
pulling aeda25e63ebd:  35% ▕██████            ▏ 1.2 GB/3.3 GB  5.4 MB/s   6m45s[K[?25h[?2026l[?2026h[?25l[A[1Gpulling manifest [K
pulling aeda25e63ebd:  35% ▕██████            ▏ 1.2 GB/3.3 GB  5.4 MB/s   6m45s[K[?25h[?2026l[?2026h[?25l[A[1Gpulling manifest [K
pulling aeda25e63ebd:  35% ▕██████            ▏ 1.2 GB/3.3 GB  5.4 MB/s   6m45s[K[?25h[?2026l[?2026h[?25l[A[1Gpulling manifest [K
pulling aeda25e63ebd:  35% ▕██████            ▏ 1.2 GB/3.3 GB  5.4 MB/s   6m45s[K[?25h[?2026l[?2026h[?25l[A[1Gpulling manifest [K
pulling aeda25e63ebd:  35% ▕██████            ▏ 1.2 GB/3.3 GB  5.4 MB/s   6m45s[K[?25h[?2026l[?2026h[?25l[A[1Gpulling manifest [K
pulling aeda25e63ebd:  35% ▕██████            ▏ 1.2 GB/3.3 GB  5.4 MB/s   6m45s[K[?25h[?2026l[?2026h[?25l[A[1Gpulling manifest [K
pulling aeda25e63ebd:  35% ▕██████            ▏ 1.2 GB/3.3 GB  5.4 MB/s   6m45s[K[?25h[?2026l[?2026h[?25l[A[1Gpulling manifest [K
pulling aeda25e63ebd:  35% ▕██████            ▏ 1.2 GB/3.3 GB  5.4 MB/s   6m45s[K[?25h[?2026l[?2026h[?25l[A[1Gpulling manifest [K
pulling aeda25e63ebd:  35% ▕██████            ▏ 1.2 GB/3.3 GB  5.4 MB/s   6m44s[K[?25h[?2026l[?2026h[?25l[A[1Gpulling manifest [K
pulling aeda25e63ebd:  35% ▕██████            ▏ 1.2 GB/3.3 GB  5.4 MB/s   6m44s[K[?25h[?2026l[?2026h[?25l[A[1Gpulling manifest [K
pulling aeda25e63ebd:  35% ▕██████            ▏ 1.2 GB/3.3 GB  5.4 MB/s   6m44s[K[?25h[?2026l[?2026h[?25l[A[1Gpulling manifest [K
pulling aeda25e63ebd:  35% ▕██████            ▏ 1.2 GB/3.3 GB  5.4 MB/s   6m43s[K[?25h[?2026l[?2026h[?25l[A[1Gpulling manifest [K
pulling aeda25e63ebd:  35% ▕██████            ▏ 1.2 GB/3.3 GB  5.4 MB/s   6m43s[K[?25h[?2026l[?2026h[?25l[A[1Gpulling manifest [K
pulling aeda25e63ebd:  35% ▕██████            ▏ 1.2 GB/3.3 GB  5.4 MB/s   6m43s[K[?25h[?2026l[?2026h[?25l[A[1Gpulling manifest [K
pulling aeda25e63ebd:  35% ▕██████            ▏ 1.2 GB/3.3 GB  5.4 MB/s   6m43s[K[?25h[?2026l[?2026h[?25l[A[1Gpulling manifest [K
pulling aeda25e63ebd:  35% ▕██████            ▏ 1.2 GB/3.3 GB  5.4 MB/s   6m43s[K[?25h[?2026l[?2026h[?25l[A[1Gpulling manifest [K
pulling aeda25e63ebd:  35% ▕██████            ▏ 1.2 GB/3.3 GB  5.4 MB/s   6m43s[K[?25h[?2026l[?2026h[?25l[A[1Gpulling manifest [K
pulling aeda25e63ebd:  35% ▕██████            ▏ 1.2 GB/3.3 GB  5.4 MB/s   6m43s[K[?25h[?2026l[?2026h[?25l[A[1Gpulling manifest [K
pulling aeda25e63ebd:  35% ▕██████            ▏ 1.2 GB/3.3 GB  5.4 MB/s   6m43s[K[?25h[?2026l[?2026h[?25l[A[1Gpulling manifest [K
pulling aeda25e63ebd:  35% ▕██████            ▏ 1.2 GB/3.3 GB  5.4 MB/s   6m43s[K[?25h[?2026l[?2026h[?25l[A[1Gpulling manifest [K
pulling aeda25e63ebd:  35% ▕██████            ▏ 1.2 GB/3.3 GB  5.4 MB/s   6m43s[K[?25h[?2026l[?2026h[?25l[A[1Gpulling manifest [K
pulling aeda25e63ebd:  35% ▕██████            ▏ 1.2 GB/3.3 GB  5.4 MB/s   6m43s[K[?25h[?2026l[?2026h[?25l[A[1Gpulling manifest [K
pulling aeda25e63ebd:  35% ▕██████            ▏ 1.2 GB/3.3 GB  5.4 MB/s   6m43s[K[?25h[?2026l[?2026h[?25l[A[1Gpulling manifest [K
pulling aeda25e63ebd:  35% ▕██████            ▏ 1.2 GB/3.3 GB  5.4 MB/s   6m43s[K[?25h[?2026l[?2026h[?25l[A[1Gpulling manifest [K
pulling aeda25e63ebd:  35% ▕██████            ▏ 1.2 GB/3.3 GB  5.4 MB/s   6m43s[K[?25h[?2026l[?2026h[?25l[A[1Gpulling manifest [K
pulling aeda25e63ebd:  35% ▕██████            ▏ 1.2 GB/3.3 GB  5.4 MB/s   6m43s[K[?25h[?2026l[?2026h[?25l[A[1Gpulling manifest [K
pulling aeda25e63ebd:  35% ▕██████            ▏ 1.2 GB/3.3 GB  5.4 MB/s   6m43s[K[?25h[?2026l[?2026h[?25l[A[1Gpulling manifest [K
pulling aeda25e63ebd:  35% ▕██████            ▏ 1.2 GB/3.3 GB  5.4 MB/s   6m42s[K[?25h[?2026l[?2026h[?25l[A[1Gpulling manifest [K
pulling aeda25e63ebd:  35% ▕██████            ▏ 1.2 GB/3.3 GB  5.4 MB/s   6m42s[K[?25h[?2026l[?2026h[?25l[A[1Gpulling manifest [K
pulling aeda25e63ebd:  35% ▕██████            ▏ 1.2 GB/3.3 GB  5.4 MB/s   6m38s[K[?25h[?2026l[?2026h[?25l[A[1Gpulling manifest [K
pulling aeda25e63ebd:  35% ▕██████            ▏ 1.2 GB/3.3 GB  5.4 MB/s   6m38s[K[?25h[?2026l[?2026h[?25l[A[1Gpulling manifest [K
pulling aeda25e63ebd:  35% ▕██████            ▏ 1.2 GB/3.3 GB  5.4 MB/s   6m38s[K[?25h[?2026l[?2026h[?25l[A[1Gpulling manifest [K
pulling aeda25e63ebd:  35% ▕██████            ▏ 1.2 GB/3.3 GB  5.4 MB/s   6m38s[K[?25h[?2026l[?2026h[?25l[A[1Gpulling manifest [K
pulling aeda25e63ebd:  35% ▕██████            ▏ 1.2 GB/3.3 GB  5.4 MB/s   6m38s[K[?25h[?2026l[?2026h[?25l[A[1Gpulling manifest [K
pulling aeda25e63ebd:  35% ▕██████            ▏ 1.2 GB/3.3 GB  5.4 MB/s   6m38s[K[?25h[?2026l[?2026h[?25l[A[1Gpulling manifest [K
pulling aeda25e63ebd:  35% ▕██████            ▏ 1.2 GB/3.3 GB  5.4 MB/s   6m38s[K[?25h[?2026l[?2026h[?25l[A[1Gpulling manifest [K
pulling aeda25e63ebd:  35% ▕██████            ▏ 1.2 GB/3.3 GB  5.4 MB/s   6m38s[K[?25h[?2026l[?2026h[?25l[A[1Gpulling manifest [K
pulling aeda25e63ebd:  35% ▕██████            ▏ 1.2 GB/3.3 GB  5.4 MB/s   6m37s[K[?25h[?2026l[?2026h[?25l[A[1Gpulling manifest [K
pulling aeda25e63ebd:  35% ▕██████            ▏ 1.2 GB/3.3 GB  5.4 MB/s   6m37s[K[?25h[?2026l[?2026h[?25l[A[1Gpulling manifest [K
pulling aeda25e63ebd:  35% ▕██████            ▏ 1.2 GB/3.3 GB  5.4 MB/s   6m38s[K[?25h[?2026l[?2026h[?25l[A[1Gpulling manifest [K
pulling aeda25e63ebd:  35% ▕██████            ▏ 1.2 GB/3.3 GB  5.4 MB/s   6m38s[K[?25h[?2026l[?2026h[?25l[A[1Gpulling manifest [K
pulling aeda25e63ebd:  35% ▕██████            ▏ 1.2 GB/3.3 GB  5.4 MB/s   6m38s[K[?25h[?2026l[?2026h[?25l[A[1Gpulling manifest [K
pulling aeda25e63ebd:  35% ▕██████            ▏ 1.2 GB/3.3 GB  5.4 MB/s   6m37s[K[?25h[?2026l[?2026h[?25l[A[1Gpulling manifest [K
pulling aeda25e63ebd:  35% ▕██████            ▏ 1.2 GB/3.3 GB  5.4 MB/s   6m37s[K[?25h[?2026l[?2026h[?25l[A[1Gpulling manifest [K
pulling aeda25e63ebd:  35% ▕██████            ▏ 1.2 GB/3.3 GB  5.4 MB/s   6m37s[K[?25h[?2026l[?2026h[?25l[A[1Gpulling manifest [K
pulling aeda25e63ebd:  35% ▕██████            ▏ 1.2 GB/3.3 GB  5.4 MB/s   6m37s[K[?25h[?2026l[?2026h[?25l[A[1Gpulling manifest [K
pulling aeda25e63ebd:  35% ▕██████            ▏ 1.2 GB/3.3 GB  5.4 MB/s   6m37s[K[?25h[?2026l[?2026h[?25l[A[1Gpulling manifest [K
pulling aeda25e63ebd:  35% ▕██████            ▏ 1.2 GB/3.3 GB  5.4 MB/s   6m37s[K[?25h[?2026l[?2026h[?25l[A[1Gpulling manifest [K
pulling aeda25e63ebd:  35% ▕██████            ▏ 1.2 GB/3.3 GB  5.4 MB/s   6m37s[K[?25h[?2026l[?2026h[?25l[A[1Gpulling manifest [K
pulling aeda25e63ebd:  35% ▕██████            ▏ 1.2 GB/3.3 GB  5.5 MB/s   6m35s[K[?25h[?2026l[?2026h[?25l[A[1Gpulling manifest [K
pulling aeda25e63ebd:  35% ▕██████            ▏ 1.2 GB/3.3 GB  5.5 MB/s   6m34s[K[?25h[?2026l[?2026h[?25l[A[1Gpulling manifest [K
pulling aeda25e63ebd:  35% ▕██████            ▏ 1.2 GB/3.3 GB  5.5 MB/s   6m34s[K[?25h[?2026l[?2026h[?25l[A[1Gpulling manifest [K
pulling aeda25e63ebd:  35% ▕██████            ▏ 1.2 GB/3.3 GB  5.5 MB/s   6m34s[K[?25h[?2026l[?2026h[?25l[A[1Gpulling manifest [K
pulling aeda25e63ebd:  35% ▕██████            ▏ 1.2 GB/3.3 GB  5.5 MB/s   6m34s[K[?25h[?2026l[?2026h[?25l[A[1Gpulling manifest [K
pulling aeda25e63ebd:  35% ▕██████            ▏ 1.2 GB/3.3 GB  5.5 MB/s   6m34s[K[?25h[?2026l[?2026h[?25l[A[1Gpulling manifest [K
pulling aeda25e63ebd:  36% ▕██████            ▏ 1.2 GB/3.3 GB  5.5 MB/s   6m34s[K[?25h[?2026l[?2026h[?25l[A[1Gpulling manifest [K
pulling aeda25e63ebd:  36% ▕██████            ▏ 1.2 GB/3.3 GB  5.5 MB/s   6m34s[K[?25h[?2026l[?2026h[?25l[A[1Gpulling manifest [K
pulling aeda25e63ebd:  36% ▕██████            ▏ 1.2 GB/3.3 GB  5.5 MB/s   6m34s[K[?25h[?2026l[?2026h[?25l[A[1Gpulling manifest [K
pulling aeda25e63ebd:  36% ▕██████            ▏ 1.2 GB/3.3 GB  5.5 MB/s   6m34s[K[?25h[?2026l[?2026h[?25l[A[1Gpulling manifest [K
pulling aeda25e63ebd:  36% ▕██████            ▏ 1.2 GB/3.3 GB  5.5 MB/s   6m34s[K[?25h[?2026l[?2026h[?25l[A[1Gpulling manifest [K
pulling aeda25e63ebd:  36% ▕██████            ▏ 1.2 GB/3.3 GB  5.5 MB/s   6m30s[K[?25h[?2026l[?2026h[?25l[A[1Gpulling manifest [K
pulling aeda25e63ebd:  36% ▕██████            ▏ 1.2 GB/3.3 GB  5.5 MB/s   6m30s[K[?25h[?2026l[?2026h[?25l[A[1Gpulling manifest [K
pulling aeda25e63ebd:  36% ▕██████            ▏ 1.2 GB/3.3 GB  5.5 MB/s   6m30s[K[?25h[?2026l[?2026h[?25l[A[1Gpulling manifest [K
pulling aeda25e63ebd:  36% ▕██████            ▏ 1.2 GB/3.3 GB  5.5 MB/s   6m29s[K[?25h[?2026l[?2026h[?25l[A[1Gpulling manifest [K
pulling aeda25e63ebd:  36% ▕██████            ▏ 1.2 GB/3.3 GB  5.5 MB/s   6m29s[K[?25h[?2026l[?2026h[?25l[A[1Gpulling manifest [K
pulling aeda25e63ebd:  36% ▕██████            ▏ 1.2 GB/3.3 GB  5.5 MB/s   6m29s[K[?25h[?2026l[?2026h[?25l[A[1Gpulling manifest [K
pulling aeda25e63ebd:  36% ▕██████            ▏ 1.2 GB/3.3 GB  5.5 MB/s   6m29s[K[?25h[?2026l[?2026h[?25l[A[1Gpulling manifest [K
pulling aeda25e63ebd:  36% ▕██████            ▏ 1.2 GB/3.3 GB  5.5 MB/s   6m29s[K[?25h[?2026l[?2026h[?25l[A[1Gpulling manifest [K
pulling aeda25e63ebd:  36% ▕██████            ▏ 1.2 GB/3.3 GB  5.5 MB/s   6m29s[K[?25h[?2026l[?2026h[?25l[A[1Gpulling manifest [K
pulling aeda25e63ebd:  36% ▕██████            ▏ 1.2 GB/3.3 GB  5.5 MB/s   6m29s[K[?25h[?2026l[?2026h[?25l[A[1Gpulling manifest [K
pulling aeda25e63ebd:  36% ▕██████            ▏ 1.2 GB/3.3 GB  5.5 MB/s   6m27s[K[?25h[?2026l[?2026h[?25l[A[1Gpulling manifest [K
pulling aeda25e63ebd:  36% ▕██████            ▏ 1.2 GB/3.3 GB  5.5 MB/s   6m27s[K[?25h[?2026l[?2026h[?25l[A[1Gpulling manifest [K
pulling aeda25e63ebd:  36% ▕██████            ▏ 1.2 GB/3.3 GB  5.5 MB/s   6m27s[K[?25h[?2026l[?2026h[?25l[A[1Gpulling manifest [K
pulling aeda25e63ebd:  36% ▕██████            ▏ 1.2 GB/3.3 GB  5.5 MB/s   6m26s[K[?25h[?2026l[?2026h[?25l[A[1Gpulling manifest [K
pulling aeda25e63ebd:  36% ▕██████            ▏ 1.2 GB/3.3 GB  5.5 MB/s   6m26s[K[?25h[?2026l[?2026h[?25l[A[1Gpulling manifest [K
pulling aeda25e63ebd:  36% ▕██████            ▏ 1.2 GB/3.3 GB  5.5 MB/s   6m26s[K[?25h[?2026l[?2026h[?25l[A[1Gpulling manifest [K
pulling aeda25e63ebd:  36% ▕██████            ▏ 1.2 GB/3.3 GB  5.5 MB/s   6m26s[K[?25h[?2026l[?2026h[?25l[A[1Gpulling manifest [K
pulling aeda25e63ebd:  36% ▕██████            ▏ 1.2 GB/3.3 GB  5.5 MB/s   6m26s[K[?25h[?2026l[?2026h[?25l[A[1Gpulling manifest [K
pulling aeda25e63ebd:  36% ▕██████            ▏ 1.2 GB/3.3 GB  5.5 MB/s   6m26s[K[?25h[?2026l[?2026h[?25l[A[1Gpulling manifest [K
pulling aeda25e63ebd:  36% ▕██████            ▏ 1.2 GB/3.3 GB  5.5 MB/s   6m26s[K[?25h[?2026l[?2026h[?25l[A[1Gpulling manifest [K
pulling aeda25e63ebd:  36% ▕██████            ▏ 1.2 GB/3.3 GB  5.6 MB/s   6m19s[K[?25h[?2026l[?2026h[?25l[A[1Gpulling manifest [K
pulling aeda25e63ebd:  36% ▕██████            ▏ 1.2 GB/3.3 GB  5.6 MB/s   6m19s[K[?25h[?2026l[?2026h[?25l[A[1Gpulling manifest [K
pulling aeda25e63ebd:  36% ▕██████            ▏ 1.2 GB/3.3 GB  5.6 MB/s   6m19s[K[?25h[?2026l[?2026h[?25l[A[1Gpulling manifest [K
pulling aeda25e63ebd:  36% ▕██████            ▏ 1.2 GB/3.3 GB  5.6 MB/s   6m19s[K[?25h[?2026l[?2026h[?25l[A[1Gpulling manifest [K
pulling aeda25e63ebd:  36% ▕██████            ▏ 1.2 GB/3.3 GB  5.6 MB/s   6m19s[K[?25h[?2026l[?2026h[?25l[A[1Gpulling manifest [K
pulling aeda25e63ebd:  36% ▕██████            ▏ 1.2 GB/3.3 GB  5.6 MB/s   6m19s[K[?25h[?2026l[?2026h[?25l[A[1Gpulling manifest [K
pulling aeda25e63ebd:  36% ▕██████            ▏ 1.2 GB/3.3 GB  5.6 MB/s   6m19s[K[?25h[?2026l[?2026h[?25l[A[1Gpulling manifest [K
pulling aeda25e63ebd:  36% ▕██████            ▏ 1.2 GB/3.3 GB  5.6 MB/s   6m19s[K[?25h[?2026l[?2026h[?25l[A[1Gpulling manifest [K
pulling aeda25e63ebd:  36% ▕██████            ▏ 1.2 GB/3.3 GB  5.6 MB/s   6m19s[K[?25h[?2026l[?2026h[?25l[A[1Gpulling manifest [K
pulling aeda25e63ebd:  36% ▕██████            ▏ 1.2 GB/3.3 GB  5.6 MB/s   6m19s[K[?25h[?2026l[?2026h[?25l[A[1Gpulling manifest [K
pulling aeda25e63ebd:  36% ▕██████            ▏ 1.2 GB/3.3 GB  5.5 MB/s   6m26s[K[?25h[?2026l[?2026h[?25l[A[1Gpulling manifest [K
pulling aeda25e63ebd:  36% ▕██████            ▏ 1.2 GB/3.3 GB  5.5 MB/s   6m26s[K[?25h[?2026l[?2026h[?25l[A[1Gpulling manifest [K
pulling aeda25e63ebd:  36% ▕██████            ▏ 1.2 GB/3.3 GB  5.5 MB/s   6m26s[K[?25h[?2026l[?2026h[?25l[A[1Gpulling manifest [K
pulling aeda25e63ebd:  36% ▕██████            ▏ 1.2 GB/3.3 GB  5.5 MB/s   6m26s[K[?25h[?2026l[?2026h[?25l[A[1Gpulling manifest [K
pulling aeda25e63ebd:  36% ▕██████            ▏ 1.2 GB/3.3 GB  5.5 MB/s   6m26s[K[?25h[?2026l[?2026h[?25l[A[1Gpulling manifest [K
pulling aeda25e63ebd:  36% ▕██████            ▏ 1.2 GB/3.3 GB  5.5 MB/s   6m25s[K[?25h[?2026l[?2026h[?25l[A[1Gpulling manifest [K
pulling aeda25e63ebd:  36% ▕██████            ▏ 1.2 GB/3.3 GB  5.5 MB/s   6m25s[K[?25h[?2026l[?2026h[?25l[A[1Gpulling manifest [K
pulling aeda25e63ebd:  36% ▕██████            ▏ 1.2 GB/3.3 GB  5.5 MB/s   6m25s[K[?25h[?2026l[?2026h[?25l[A[1Gpulling manifest [K
pulling aeda25e63ebd:  36% ▕██████            ▏ 1.2 GB/3.3 GB  5.5 MB/s   6m25s[K[?25h[?2026l[?2026h[?25l[A[1Gpulling manifest [K
pulling aeda25e63ebd:  36% ▕██████            ▏ 1.2 GB/3.3 GB  5.5 MB/s   6m25s[K[?25h[?2026l[?2026h[?25l[A[1Gpulling manifest [K
pulling aeda25e63ebd:  36% ▕██████            ▏ 1.2 GB/3.3 GB  5.5 MB/s   6m25s[K[?25h[?2026l[?2026h[?25l[A[1Gpulling manifest [K
pulling aeda25e63ebd:  36% ▕██████            ▏ 1.2 GB/3.3 GB  5.5 MB/s   6m25s[K[?25h[?2026l[?2026h[?25l[A[1Gpulling manifest [K
pulling aeda25e63ebd:  36% ▕██████            ▏ 1.2 GB/3.3 GB  5.5 MB/s   6m25s[K[?25h[?2026l[?2026h[?25l[A[1Gpulling manifest [K
pulling aeda25e63ebd:  36% ▕██████            ▏ 1.2 GB/3.3 GB  5.5 MB/s   6m25s[K[?25h[?2026l[?2026h[?25l[A[1Gpulling manifest [K
pulling aeda25e63ebd:  36% ▕██████            ▏ 1.2 GB/3.3 GB  5.5 MB/s   6m25s[K[?25h[?2026l[?2026h[?25l[A[1Gpulling manifest [K
pulling aeda25e63ebd:  36% ▕██████            ▏ 1.2 GB/3.3 GB  5.5 MB/s   6m24s[K[?25h[?2026l[?2026h[?25l[A[1Gpulling manifest [K
pulling aeda25e63ebd:  36% ▕██████            ▏ 1.2 GB/3.3 GB  5.5 MB/s   6m24s[K[?25h[?2026l[?2026h[?25l[A[1Gpulling manifest [K
pulling aeda25e63ebd:  36% ▕██████            ▏ 1.2 GB/3.3 GB  5.5 MB/s   6m24s[K[?25h[?2026l[?2026h[?25l[A[1Gpulling manifest [K
pulling aeda25e63ebd:  36% ▕██████            ▏ 1.2 GB/3.3 GB  5.5 MB/s   6m24s[K[?25h[?2026l[?2026h[?25l[A[1Gpulling manifest [K
pulling aeda25e63ebd:  36% ▕██████            ▏ 1.2 GB/3.3 GB  5.5 MB/s   6m24s[K[?25h[?2026l[?2026h[?25l[A[1Gpulling manifest [K
pulling aeda25e63ebd:  36% ▕██████            ▏ 1.2 GB/3.3 GB  5.5 MB/s   6m24s[K[?25h[?2026l[?2026h[?25l[A[1Gpulling manifest [K
pulling aeda25e63ebd:  36% ▕██████            ▏ 1.2 GB/3.3 GB  5.6 MB/s   6m19s[K[?25h[?2026l[?2026h[?25l[A[1Gpulling manifest [K
pulling aeda25e63ebd:  36% ▕██████            ▏ 1.2 GB/3.3 GB  5.6 MB/s   6m19s[K[?25h[?2026l[?2026h[?25l[A[1Gpulling manifest [K
pulling aeda25e63ebd:  36% ▕██████            ▏ 1.2 GB/3.3 GB  5.6 MB/s   6m19s[K[?25h[?2026l[?2026h[?25l[A[1Gpulling manifest [K
pulling aeda25e63ebd:  36% ▕██████            ▏ 1.2 GB/3.3 GB  5.6 MB/s   6m19s[K[?25h[?2026l[?2026h[?25l[A[1Gpulling manifest [K
pulling aeda25e63ebd:  36% ▕██████            ▏ 1.2 GB/3.3 GB  5.6 MB/s   6m19s[K[?25h[?2026l[?2026h[?25l[A[1Gpulling manifest [K
pulling aeda25e63ebd:  36% ▕██████            ▏ 1.2 GB/3.3 GB  5.6 MB/s   6m19s[K[?25h[?2026l[?2026h[?25l[A[1Gpulling manifest [K
pulling aeda25e63ebd:  37% ▕██████            ▏ 1.2 GB/3.3 GB  5.6 MB/s   6m19s[K[?25h[?2026l[?2026h[?25l[A[1Gpulling manifest [K
pulling aeda25e63ebd:  37% ▕██████            ▏ 1.2 GB/3.3 GB  5.6 MB/s   6m19s[K[?25h[?2026l[?2026h[?25l[A[1Gpulling manifest [K
pulling aeda25e63ebd:  37% ▕██████            ▏ 1.2 GB/3.3 GB  5.6 MB/s   6m19s[K[?25h[?2026l[?2026h[?25l[A[1Gpulling manifest [K
pulling aeda25e63ebd:  37% ▕██████            ▏ 1.2 GB/3.3 GB  5.6 MB/s   6m19s[K[?25h[?2026l[?2026h[?25l[A[1Gpulling manifest [K
pulling aeda25e63ebd:  37% ▕██████            ▏ 1.2 GB/3.3 GB  5.5 MB/s   6m22s[K[?25h[?2026l[?2026h[?25l[A[1Gpulling manifest [K
pulling aeda25e63ebd:  37% ▕██████            ▏ 1.2 GB/3.3 GB  5.5 MB/s   6m22s[K[?25h[?2026l[?2026h[?25l[A[1Gpulling manifest [K
pulling aeda25e63ebd:  37% ▕██████            ▏ 1.2 GB/3.3 GB  5.5 MB/s   6m21s[K[?25h[?2026l[?2026h[?25l[A[1Gpulling manifest [K
pulling aeda25e63ebd:  37% ▕██████            ▏ 1.2 GB/3.3 GB  5.5 MB/s   6m21s[K[?25h[?2026l[?2026h[?25l[A[1Gpulling manifest [K
pulling aeda25e63ebd:  37% ▕██████            ▏ 1.2 GB/3.3 GB  5.5 MB/s   6m21s[K[?25h[?2026l[?2026h[?25l[A[1Gpulling manifest [K
pulling aeda25e63ebd:  37% ▕██████            ▏ 1.2 GB/3.3 GB  5.5 MB/s   6m21s[K[?25h[?2026l[?2026h[?25l[A[1Gpulling manifest [K
pulling aeda25e63ebd:  37% ▕██████            ▏ 1.2 GB/3.3 GB  5.5 MB/s   6m21s[K[?25h[?2026l[?2026h[?25l[A[1Gpulling manifest [K
pulling aeda25e63ebd:  37% ▕██████            ▏ 1.2 GB/3.3 GB  5.5 MB/s   6m21s[K[?25h[?2026l[?2026h[?25l[A[1Gpulling manifest [K
pulling aeda25e63ebd:  37% ▕██████            ▏ 1.2 GB/3.3 GB  5.5 MB/s   6m21s[K[?25h[?2026l[?2026h[?25l[A[1Gpulling manifest [K
pulling aeda25e63ebd:  37% ▕██████            ▏ 1.2 GB/3.3 GB  5.5 MB/s   6m21s[K[?25h[?2026l[?2026h[?25l[A[1Gpulling manifest [K
pulling aeda25e63ebd:  37% ▕██████            ▏ 1.2 GB/3.3 GB  5.5 MB/s   6m26s[K[?25h[?2026l[?2026h[?25l[A[1Gpulling manifest [K
pulling aeda25e63ebd:  37% ▕██████            ▏ 1.2 GB/3.3 GB  5.5 MB/s   6m26s[K[?25h[?2026l[?2026h[?25l[A[1Gpulling manifest [K
pulling aeda25e63ebd:  37% ▕██████            ▏ 1.2 GB/3.3 GB  5.5 MB/s   6m26s[K[?25h[?2026l[?2026h[?25l[A[1Gpulling manifest [K
pulling aeda25e63ebd:  37% ▕██████            ▏ 1.2 GB/3.3 GB  5.5 MB/s   6m26s[K[?25h[?2026l[?2026h[?25l[A[1Gpulling manifest [K
pulling aeda25e63ebd:  37% ▕██████            ▏ 1.2 GB/3.3 GB  5.5 MB/s   6m26s[K[?25h[?2026l[?2026h[?25l[A[1Gpulling manifest [K
pulling aeda25e63ebd:  37% ▕██████            ▏ 1.2 GB/3.3 GB  5.5 MB/s   6m25s[K[?25h[?2026l[?2026h[?25l[A[1Gpulling manifest [K
pulling aeda25e63ebd:  37% ▕██████            ▏ 1.2 GB/3.3 GB  5.5 MB/s   6m25s[K[?25h[?2026l[?2026h[?25l[A[1Gpulling manifest [K
pulling aeda25e63ebd:  37% ▕██████            ▏ 1.2 GB/3.3 GB  5.5 MB/s   6m25s[K[?25h[?2026l[?2026h[?25l[A[1Gpulling manifest [K
pulling aeda25e63ebd:  37% ▕██████            ▏ 1.2 GB/3.3 GB  5.5 MB/s   6m25s[K[?25h[?2026l[?2026h[?25l[A[1Gpulling manifest [K
pulling aeda25e63ebd:  37% ▕██████            ▏ 1.2 GB/3.3 GB  5.5 MB/s   6m25s[K[?25h[?2026l[?2026h[?25l[A[1Gpulling manifest [K
pulling aeda25e63ebd:  37% ▕██████            ▏ 1.2 GB/3.3 GB  5.4 MB/s   6m31s[K[?25h[?2026l[?2026h[?25l[A[1Gpulling manifest [K
pulling aeda25e63ebd:  37% ▕██████            ▏ 1.2 GB/3.3 GB  5.4 MB/s   6m31s[K[?25h[?2026l[?2026h[?25l[A[1Gpulling manifest [K
pulling aeda25e63ebd:  37% ▕██████            ▏ 1.2 GB/3.3 GB  5.4 MB/s   6m31s[K[?25h[?2026l[?2026h[?25l[A[1Gpulling manifest [K
pulling aeda25e63ebd:  37% ▕██████            ▏ 1.2 GB/3.3 GB  5.4 MB/s   6m31s[K[?25h[?2026l[?2026h[?25l[A[1Gpulling manifest [K
pulling aeda25e63ebd:  37% ▕██████            ▏ 1.2 GB/3.3 GB  5.4 MB/s   6m31s[K[?25h[?2026l[?2026h[?25l[A[1Gpulling manifest [K
pulling aeda25e63ebd:  37% ▕██████            ▏ 1.2 GB/3.3 GB  5.4 MB/s   6m31s[K[?25h[?2026l[?2026h[?25l[A[1Gpulling manifest [K
pulling aeda25e63ebd:  37% ▕██████            ▏ 1.2 GB/3.3 GB  5.4 MB/s   6m31s[K[?25h[?2026l[?2026h[?25l[A[1Gpulling manifest [K
pulling aeda25e63ebd:  37% ▕██████            ▏ 1.2 GB/3.3 GB  5.4 MB/s   6m31s[K[?25h[?2026l[?2026h[?25l[A[1Gpulling manifest [K
pulling aeda25e63ebd:  37% ▕██████            ▏ 1.2 GB/3.3 GB  5.4 MB/s   6m31s[K[?25h[?2026l[?2026h[?25l[A[1Gpulling manifest [K
pulling aeda25e63ebd:  37% ▕██████            ▏ 1.2 GB/3.3 GB  5.4 MB/s   6m31s[K[?25h[?2026l[?2026h[?25l[A[1Gpulling manifest [K
pulling aeda25e63ebd:  37% ▕██████            ▏ 1.2 GB/3.3 GB  5.3 MB/s   6m36s[K[?25h[?2026l[?2026h[?25l[A[1Gpulling manifest [K
pulling aeda25e63ebd:  37% ▕██████            ▏ 1.2 GB/3.3 GB  5.3 MB/s   6m36s[K[?25h[?2026l[?2026h[?25l[A[1Gpulling manifest [K
pulling aeda25e63ebd:  37% ▕██████            ▏ 1.2 GB/3.3 GB  5.3 MB/s   6m35s[K[?25h[?2026l[?2026h[?25l[A[1Gpulling manifest [K
pulling aeda25e63ebd:  37% ▕██████            ▏ 1.2 GB/3.3 GB  5.3 MB/s   6m35s[K[?25h[?2026l[?2026h[?25l[A[1Gpulling manifest [K
pulling aeda25e63ebd:  37% ▕██████            ▏ 1.2 GB/3.3 GB  5.3 MB/s   6m35s[K[?25h[?2026l[?2026h[?25l[A[1Gpulling manifest [K
pulling aeda25e63ebd:  37% ▕██████            ▏ 1.2 GB/3.3 GB  5.3 MB/s   6m35s[K[?25h[?2026l[?2026h[?25l[A[1Gpulling manifest [K
pulling aeda25e63ebd:  37% ▕██████            ▏ 1.2 GB/3.3 GB  5.3 MB/s   6m35s[K[?25h[?2026l[?2026h[?25l[A[1Gpulling manifest [K
pulling aeda25e63ebd:  37% ▕██████            ▏ 1.2 GB/3.3 GB  5.3 MB/s   6m35s[K[?25h[?2026l[?2026h[?25l[A[1Gpulling manifest [K
pulling aeda25e63ebd:  37% ▕██████            ▏ 1.2 GB/3.3 GB  5.3 MB/s   6m35s[K[?25h[?2026l[?2026h[?25l[A[1Gpulling manifest [K
pulling aeda25e63ebd:  37% ▕██████            ▏ 1.2 GB/3.3 GB  5.3 MB/s   6m35s[K[?25h[?2026l[?2026h[?25l[A[1Gpulling manifest [K
pulling aeda25e63ebd:  37% ▕██████            ▏ 1.2 GB/3.3 GB  5.3 MB/s   6m35s[K[?25h[?2026l[?2026h[?25l[A[1Gpulling manifest [K
pulling aeda25e63ebd:  37% ▕██████            ▏ 1.2 GB/3.3 GB  5.3 MB/s   6m38s[K[?25h[?2026l[?2026h[?25l[A[1Gpulling manifest [K
pulling aeda25e63ebd:  37% ▕██████            ▏ 1.2 GB/3.3 GB  5.3 MB/s   6m38s[K[?25h[?2026l[?2026h[?25l[A[1Gpulling manifest [K
pulling aeda25e63ebd:  37% ▕██████            ▏ 1.2 GB/3.3 GB  5.3 MB/s   6m38s[K[?25h[?2026l[?2026h[?25l[A[1Gpulling manifest [K
pulling aeda25e63ebd:  37% ▕██████            ▏ 1.2 GB/3.3 GB  5.3 MB/s   6m38s[K[?25h[?2026l[?2026h[?25l[A[1Gpulling manifest [K
pulling aeda25e63ebd:  37% ▕██████            ▏ 1.2 GB/3.3 GB  5.3 MB/s   6m38s[K[?25h[?2026l[?2026h[?25l[A[1Gpulling manifest [K
pulling aeda25e63ebd:  37% ▕██████            ▏ 1.2 GB/3.3 GB  5.3 MB/s   6m38s[K[?25h[?2026l[?2026h[?25l[A[1Gpulling manifest [K
pulling aeda25e63ebd:  37% ▕██████            ▏ 1.2 GB/3.3 GB  5.3 MB/s   6m38s[K[?25h[?2026l[?2026h[?25l[A[1Gpulling manifest [K
pulling aeda25e63ebd:  37% ▕██████            ▏ 1.2 GB/3.3 GB  5.3 MB/s   6m37s[K[?25h[?2026l[?2026h[?25l[A[1Gpulling manifest [K
pulling aeda25e63ebd:  37% ▕██████            ▏ 1.2 GB/3.3 GB  5.3 MB/s   6m37s[K[?25h[?2026l[?2026h[?25l[A[1Gpulling manifest [K
pulling aeda25e63ebd:  37% ▕██████            ▏ 1.2 GB/3.3 GB  5.3 MB/s   6m37s[K[?25h[?2026l[?2026h[?25l[A[1Gpulling manifest [K
pulling aeda25e63ebd:  37% ▕██████            ▏ 1.2 GB/3.3 GB  5.3 MB/s   6m36s[K[?25h[?2026l[?2026h[?25l[A[1Gpulling manifest [K
pulling aeda25e63ebd:  37% ▕██████            ▏ 1.2 GB/3.3 GB  5.3 MB/s   6m36s[K[?25h[?2026l[?2026h[?25l[A[1Gpulling manifest [K
pulling aeda25e63ebd:  37% ▕██████            ▏ 1.2 GB/3.3 GB  5.3 MB/s   6m36s[K[?25h[?2026l[?2026h[?25l[A[1Gpulling manifest [K
pulling aeda25e63ebd:  37% ▕██████            ▏ 1.2 GB/3.3 GB  5.3 MB/s   6m36s[K[?25h[?2026l[?2026h[?25l[A[1Gpulling manifest [K
pulling aeda25e63ebd:  37% ▕██████            ▏ 1.2 GB/3.3 GB  5.3 MB/s   6m36s[K[?25h[?2026l[?2026h[?25l[A[1Gpulling manifest [K
pulling aeda25e63ebd:  37% ▕██████            ▏ 1.2 GB/3.3 GB  5.3 MB/s   6m36s[K[?25h[?2026l[?2026h[?25l[A[1Gpulling manifest [K
pulling aeda25e63ebd:  37% ▕██████            ▏ 1.3 GB/3.3 GB  5.3 MB/s   6m36s[K[?25h[?2026l[?2026h[?25l[A[1Gpulling manifest [K
pulling aeda25e63ebd:  37% ▕██████            ▏ 1.3 GB/3.3 GB  5.3 MB/s   6m36s[K[?25h[?2026l[?2026h[?25l[A[1Gpulling manifest [K
pulling aeda25e63ebd:  37% ▕██████            ▏ 1.3 GB/3.3 GB  5.3 MB/s   6m36s[K[?25h[?2026l[?2026h[?25l[A[1Gpulling manifest [K
pulling aeda25e63ebd:  37% ▕██████            ▏ 1.3 GB/3.3 GB  5.3 MB/s   6m36s[K[?25h[?2026l[?2026h[?25l[A[1Gpulling manifest [K
pulling aeda25e63ebd:  38% ▕██████            ▏ 1.3 GB/3.3 GB  5.4 MB/s   6m27s[K[?25h[?2026l[?2026h[?25l[A[1Gpulling manifest [K
pulling aeda25e63ebd:  38% ▕██████            ▏ 1.3 GB/3.3 GB  5.4 MB/s   6m27s[K[?25h[?2026l[?2026h[?25l[A[1Gpulling manifest [K
pulling aeda25e63ebd:  38% ▕██████            ▏ 1.3 GB/3.3 GB  5.4 MB/s   6m27s[K[?25h[?2026l[?2026h[?25l[A[1Gpulling manifest [K
pulling aeda25e63ebd:  38% ▕██████            ▏ 1.3 GB/3.3 GB  5.4 MB/s   6m27s[K[?25h[?2026l[?2026h[?25l[A[1Gpulling manifest [K
pulling aeda25e63ebd:  38% ▕██████            ▏ 1.3 GB/3.3 GB  5.4 MB/s   6m27s[K[?25h[?2026l[?2026h[?25l[A[1Gpulling manifest [K
pulling aeda25e63ebd:  38% ▕██████            ▏ 1.3 GB/3.3 GB  5.4 MB/s   6m27s[K[?25h[?2026l[?2026h[?25l[A[1Gpulling manifest [K
pulling aeda25e63ebd:  38% ▕██████            ▏ 1.3 GB/3.3 GB  5.4 MB/s   6m27s[K[?25h[?2026l[?2026h[?25l[A[1Gpulling manifest [K
pulling aeda25e63ebd:  38% ▕██████            ▏ 1.3 GB/3.3 GB  5.4 MB/s   6m27s[K[?25h[?2026l[?2026h[?25l[A[1Gpulling manifest [K
pulling aeda25e63ebd:  38% ▕██████            ▏ 1.3 GB/3.3 GB  5.4 MB/s   6m27s[K[?25h[?2026l[?2026h[?25l[A[1Gpulling manifest [K
pulling aeda25e63ebd:  38% ▕██████            ▏ 1.3 GB/3.3 GB  5.4 MB/s   6m27s[K[?25h[?2026l[?2026h[?25l[A[1Gpulling manifest [K
pulling aeda25e63ebd:  38% ▕██████            ▏ 1.3 GB/3.3 GB  5.3 MB/s   6m32s[K[?25h[?2026l[?2026h[?25l[A[1Gpulling manifest [K
pulling aeda25e63ebd:  38% ▕██████            ▏ 1.3 GB/3.3 GB  5.3 MB/s   6m32s[K[?25h[?2026l[?2026h[?25l[A[1Gpulling manifest [K
pulling aeda25e63ebd:  38% ▕██████            ▏ 1.3 GB/3.3 GB  5.3 MB/s   6m32s[K[?25h[?2026l[?2026h[?25l[A[1Gpulling manifest [K
pulling aeda25e63ebd:  38% ▕██████            ▏ 1.3 GB/3.3 GB  5.3 MB/s   6m32s[K[?25h[?2026l[?2026h[?25l[A[1Gpulling manifest [K
pulling aeda25e63ebd:  38% ▕██████            ▏ 1.3 GB/3.3 GB  5.3 MB/s   6m32s[K[?25h[?2026l[?2026h[?25l[A[1Gpulling manifest [K
pulling aeda25e63ebd:  38% ▕██████            ▏ 1.3 GB/3.3 GB  5.3 MB/s   6m32s[K[?25h[?2026l[?2026h[?25l[A[1Gpulling manifest [K
pulling aeda25e63ebd:  38% ▕██████            ▏ 1.3 GB/3.3 GB  5.3 MB/s   6m31s[K[?25h[?2026l[?2026h[?25l[A[1Gpulling manifest [K
pulling aeda25e63ebd:  38% ▕██████            ▏ 1.3 GB/3.3 GB  5.3 MB/s   6m31s[K[?25h[?2026l[?2026h[?25l[A[1Gpulling manifest [K
pulling aeda25e63ebd:  38% ▕██████            ▏ 1.3 GB/3.3 GB  5.3 MB/s   6m31s[K[?25h[?2026l[?2026h[?25l[A[1Gpulling manifest [K
pulling aeda25e63ebd:  38% ▕██████            ▏ 1.3 GB/3.3 GB  5.3 MB/s   6m31s[K[?25h[?2026l[?2026h[?25l[A[1Gpulling manifest [K
pulling aeda25e63ebd:  38% ▕██████            ▏ 1.3 GB/3.3 GB  5.3 MB/s   6m31s[K[?25h[?2026l[?2026h[?25l[A[1Gpulling manifest [K
pulling aeda25e63ebd:  38% ▕██████            ▏ 1.3 GB/3.3 GB  5.3 MB/s   6m31s[K[?25h[?2026l[?2026h[?25l[A[1Gpulling manifest [K
pulling aeda25e63ebd:  38% ▕██████            ▏ 1.3 GB/3.3 GB  5.3 MB/s   6m30s[K[?25h[?2026l[?2026h[?25l[A[1Gpulling manifest [K
pulling aeda25e63ebd:  38% ▕██████            ▏ 1.3 GB/3.3 GB  5.3 MB/s   6m30s[K[?25h[?2026l[?2026h[?25l[A[1Gpulling manifest [K
pulling aeda25e63ebd:  38% ▕██████            ▏ 1.3 GB/3.3 GB  5.3 MB/s   6m30s[K[?25h[?2026l[?2026h[?25l[A[1Gpulling manifest [K
pulling aeda25e63ebd:  38% ▕██████            ▏ 1.3 GB/3.3 GB  5.3 MB/s   6m30s[K[?25h[?2026l[?2026h[?25l[A[1Gpulling manifest [K
pulling aeda25e63ebd:  38% ▕██████            ▏ 1.3 GB/3.3 GB  5.3 MB/s   6m30s[K[?25h[?2026l[?2026h[?25l[A[1Gpulling manifest [K
pulling aeda25e63ebd:  38% ▕██████            ▏ 1.3 GB/3.3 GB  5.3 MB/s   6m30s[K[?25h[?2026l[?2026h[?25l[A[1Gpulling manifest [K
pulling aeda25e63ebd:  38% ▕██████            ▏ 1.3 GB/3.3 GB  5.3 MB/s   6m30s[K[?25h[?2026l[?2026h[?25l[A[1Gpulling manifest [K
pulling aeda25e63ebd:  38% ▕██████            ▏ 1.3 GB/3.3 GB  5.3 MB/s   6m30s[K[?25h[?2026l[?2026h[?25l[A[1Gpulling manifest [K
pulling aeda25e63ebd:  38% ▕██████            ▏ 1.3 GB/3.3 GB  5.3 MB/s   6m30s[K[?25h[?2026l[?2026h[?25l[A[1Gpulling manifest [K
pulling aeda25e63ebd:  38% ▕██████            ▏ 1.3 GB/3.3 GB  5.3 MB/s   6m30s[K[?25h[?2026l[?2026h[?25l[A[1Gpulling manifest [K
pulling aeda25e63ebd:  38% ▕██████            ▏ 1.3 GB/3.3 GB  5.3 MB/s   6m30s[K[?25h[?2026l[?2026h[?25l[A[1Gpulling manifest [K
pulling aeda25e63ebd:  38% ▕██████            ▏ 1.3 GB/3.3 GB  5.3 MB/s   6m30s[K[?25h[?2026l[?2026h[?25l[A[1Gpulling manifest [K
pulling aeda25e63ebd:  38% ▕██████            ▏ 1.3 GB/3.3 GB  5.3 MB/s   6m30s[K[?25h[?2026l[?2026h[?25l[A[1Gpulling manifest [K
pulling aeda25e63ebd:  38% ▕██████            ▏ 1.3 GB/3.3 GB  5.3 MB/s   6m30s[K[?25h[?2026l[?2026h[?25l[A[1Gpulling manifest [K
pulling aeda25e63ebd:  38% ▕██████            ▏ 1.3 GB/3.3 GB  5.3 MB/s   6m30s[K[?25h[?2026l[?2026h[?25l[A[1Gpulling manifest [K
pulling aeda25e63ebd:  38% ▕██████            ▏ 1.3 GB/3.3 GB  5.3 MB/s   6m30s[K[?25h[?2026l[?2026h[?25l[A[1Gpulling manifest [K
pulling aeda25e63ebd:  38% ▕██████            ▏ 1.3 GB/3.3 GB  5.3 MB/s   6m30s[K[?25h[?2026l[?2026h[?25l[A[1Gpulling manifest [K
pulling aeda25e63ebd:  38% ▕██████            ▏ 1.3 GB/3.3 GB  5.3 MB/s   6m30s[K[?25h[?2026l[?2026h[?25l[A[1Gpulling manifest [K
pulling aeda25e63ebd:  38% ▕██████            ▏ 1.3 GB/3.3 GB  5.3 MB/s   6m30s[K[?25h[?2026l[?2026h[?25l[A[1Gpulling manifest [K
pulling aeda25e63ebd:  38% ▕██████            ▏ 1.3 GB/3.3 GB  5.3 MB/s   6m29s[K[?25h[?2026l[?2026h[?25l[A[1Gpulling manifest [K
pulling aeda25e63ebd:  38% ▕██████            ▏ 1.3 GB/3.3 GB  5.3 MB/s   6m29s[K[?25h[?2026l[?2026h[?25l[A[1Gpulling manifest [K
pulling aeda25e63ebd:  38% ▕██████            ▏ 1.3 GB/3.3 GB  5.3 MB/s   6m29s[K[?25h[?2026l[?2026h[?25l[A[1Gpulling manifest [K
pulling aeda25e63ebd:  38% ▕██████            ▏ 1.3 GB/3.3 GB  5.3 MB/s   6m29s[K[?25h[?2026l[?2026h[?25l[A[1Gpulling manifest [K
pulling aeda25e63ebd:  38% ▕██████            ▏ 1.3 GB/3.3 GB  5.3 MB/s   6m29s[K[?25h[?2026l[?2026h[?25l[A[1Gpulling manifest [K
pulling aeda25e63ebd:  38% ▕██████            ▏ 1.3 GB/3.3 GB  5.3 MB/s   6m29s[K[?25h[?2026l[?2026h[?25l[A[1Gpulling manifest [K
pulling aeda25e63ebd:  38% ▕██████            ▏ 1.3 GB/3.3 GB  5.3 MB/s   6m29s[K[?25h[?2026l[?2026h[?25l[A[1Gpulling manifest [K
pulling aeda25e63ebd:  38% ▕██████            ▏ 1.3 GB/3.3 GB  5.3 MB/s   6m28s[K[?25h[?2026l[?2026h[?25l[A[1Gpulling manifest [K
pulling aeda25e63ebd:  38% ▕██████            ▏ 1.3 GB/3.3 GB  5.3 MB/s   6m28s[K[?25h[?2026l[?2026h[?25l[A[1Gpulling manifest [K
pulling aeda25e63ebd:  38% ▕██████            ▏ 1.3 GB/3.3 GB  5.3 MB/s   6m28s[K[?25h[?2026l[?2026h[?25l[A[1Gpulling manifest [K
pulling aeda25e63ebd:  38% ▕██████            ▏ 1.3 GB/3.3 GB  5.4 MB/s   6m24s[K[?25h[?2026l[?2026h[?25l[A[1Gpulling manifest [K
pulling aeda25e63ebd:  38% ▕██████            ▏ 1.3 GB/3.3 GB  5.4 MB/s   6m24s[K[?25h[?2026l[?2026h[?25l[A[1Gpulling manifest [K
pulling aeda25e63ebd:  38% ▕██████            ▏ 1.3 GB/3.3 GB  5.4 MB/s   6m24s[K[?25h[?2026l[?2026h[?25l[A[1Gpulling manifest [K
pulling aeda25e63ebd:  38% ▕██████            ▏ 1.3 GB/3.3 GB  5.4 MB/s   6m24s[K[?25h[?2026l[?2026h[?25l[A[1Gpulling manifest [K
pulling aeda25e63ebd:  38% ▕██████            ▏ 1.3 GB/3.3 GB  5.4 MB/s   6m24s[K[?25h[?2026l[?2026h[?25l[A[1Gpulling manifest [K
pulling aeda25e63ebd:  38% ▕██████            ▏ 1.3 GB/3.3 GB  5.4 MB/s   6m23s[K[?25h[?2026l[?2026h[?25l[A[1Gpulling manifest [K
pulling aeda25e63ebd:  38% ▕██████            ▏ 1.3 GB/3.3 GB  5.4 MB/s   6m23s[K[?25h[?2026l[?2026h[?25l[A[1Gpulling manifest [K
pulling aeda25e63ebd:  38% ▕██████            ▏ 1.3 GB/3.3 GB  5.4 MB/s   6m23s[K[?25h[?2026l[?2026h[?25l[A[1Gpulling manifest [K
pulling aeda25e63ebd:  38% ▕██████            ▏ 1.3 GB/3.3 GB  5.4 MB/s   6m23s[K[?25h[?2026l[?2026h[?25l[A[1Gpulling manifest [K
pulling aeda25e63ebd:  38% ▕██████            ▏ 1.3 GB/3.3 GB  5.4 MB/s   6m23s[K[?25h[?2026l[?2026h[?25l[A[1Gpulling manifest [K
pulling aeda25e63ebd:  38% ▕██████            ▏ 1.3 GB/3.3 GB  5.4 MB/s   6m17s[K[?25h[?2026l[?2026h[?25l[A[1Gpulling manifest [K
pulling aeda25e63ebd:  38% ▕██████            ▏ 1.3 GB/3.3 GB  5.4 MB/s   6m17s[K[?25h[?2026l[?2026h[?25l[A[1Gpulling manifest [K
pulling aeda25e63ebd:  39% ▕██████            ▏ 1.3 GB/3.3 GB  5.4 MB/s   6m17s[K[?25h[?2026l[?2026h[?25l[A[1Gpulling manifest [K
pulling aeda25e63ebd:  39% ▕██████            ▏ 1.3 GB/3.3 GB  5.4 MB/s   6m16s[K[?25h[?2026l[?2026h[?25l[A[1Gpulling manifest [K
pulling aeda25e63ebd:  39% ▕██████            ▏ 1.3 GB/3.3 GB  5.4 MB/s   6m16s[K[?25h[?2026l[?2026h[?25l[A[1Gpulling manifest [K
pulling aeda25e63ebd:  39% ▕██████            ▏ 1.3 GB/3.3 GB  5.4 MB/s   6m16s[K[?25h[?2026l[?2026h[?25l[A[1Gpulling manifest [K
pulling aeda25e63ebd:  39% ▕██████            ▏ 1.3 GB/3.3 GB  5.4 MB/s   6m16s[K[?25h[?2026l[?2026h[?25l[A[1Gpulling manifest [K
pulling aeda25e63ebd:  39% ▕██████            ▏ 1.3 GB/3.3 GB  5.4 MB/s   6m16s[K[?25h[?2026l[?2026h[?25l[A[1Gpulling manifest [K
pulling aeda25e63ebd:  39% ▕██████            ▏ 1.3 GB/3.3 GB  5.4 MB/s   6m16s[K[?25h[?2026l[?2026h[?25l[A[1Gpulling manifest [K
pulling aeda25e63ebd:  39% ▕██████            ▏ 1.3 GB/3.3 GB  5.4 MB/s   6m16s[K[?25h[?2026l[?2026h[?25l[A[1Gpulling manifest [K
pulling aeda25e63ebd:  39% ▕██████            ▏ 1.3 GB/3.3 GB  5.5 MB/s   6m15s[K[?25h[?2026l[?2026h[?25l[A[1Gpulling manifest [K
pulling aeda25e63ebd:  39% ▕██████            ▏ 1.3 GB/3.3 GB  5.5 MB/s   6m15s[K[?25h[?2026l[?2026h[?25l[A[1Gpulling manifest [K
pulling aeda25e63ebd:  39% ▕██████            ▏ 1.3 GB/3.3 GB  5.5 MB/s   6m15s[K[?25h[?2026l[?2026h[?25l[A[1Gpulling manifest [K
pulling aeda25e63ebd:  39% ▕██████            ▏ 1.3 GB/3.3 GB  5.5 MB/s   6m15s[K[?25h[?2026l[?2026h[?25l[A[1Gpulling manifest [K
pulling aeda25e63ebd:  39% ▕██████            ▏ 1.3 GB/3.3 GB  5.5 MB/s   6m15s[K[?25h[?2026l[?2026h[?25l[A[1Gpulling manifest [K
pulling aeda25e63ebd:  39% ▕██████            ▏ 1.3 GB/3.3 GB  5.5 MB/s   6m15s[K[?25h[?2026l[?2026h[?25l[A[1Gpulling manifest [K
pulling aeda25e63ebd:  39% ▕██████            ▏ 1.3 GB/3.3 GB  5.5 MB/s   6m15s[K[?25h[?2026l[?2026h[?25l[A[1Gpulling manifest [K
pulling aeda25e63ebd:  39% ▕██████            ▏ 1.3 GB/3.3 GB  5.5 MB/s   6m15s[K[?25h[?2026l[?2026h[?25l[A[1Gpulling manifest [K
pulling aeda25e63ebd:  39% ▕██████            ▏ 1.3 GB/3.3 GB  5.5 MB/s   6m15s[K[?25h[?2026l[?2026h[?25l[A[1Gpulling manifest [K
pulling aeda25e63ebd:  39% ▕██████            ▏ 1.3 GB/3.3 GB  5.5 MB/s   6m15s[K[?25h[?2026l[?2026h[?25l[A[1Gpulling manifest [K
pulling aeda25e63ebd:  39% ▕██████            ▏ 1.3 GB/3.3 GB  5.5 MB/s   6m15s[K[?25h[?2026l[?2026h[?25l[A[1Gpulling manifest [K
pulling aeda25e63ebd:  39% ▕██████            ▏ 1.3 GB/3.3 GB  5.4 MB/s   6m20s[K[?25h[?2026l[?2026h[?25l[A[1Gpulling manifest [K
pulling aeda25e63ebd:  39% ▕██████            ▏ 1.3 GB/3.3 GB  5.4 MB/s   6m20s[K[?25h[?2026l[?2026h[?25l[A[1Gpulling manifest [K
pulling aeda25e63ebd:  39% ▕██████            ▏ 1.3 GB/3.3 GB  5.4 MB/s   6m20s[K[?25h[?2026l[?2026h[?25l[A[1Gpulling manifest [K
pulling aeda25e63ebd:  39% ▕██████            ▏ 1.3 GB/3.3 GB  5.4 MB/s   6m20s[K[?25h[?2026l[?2026h[?25l[A[1Gpulling manifest [K
pulling aeda25e63ebd:  39% ▕██████            ▏ 1.3 GB/3.3 GB  5.4 MB/s   6m20s[K[?25h[?2026l[?2026h[?25l[A[1Gpulling manifest [K
pulling aeda25e63ebd:  39% ▕██████            ▏ 1.3 GB/3.3 GB  5.4 MB/s   6m20s[K[?25h[?2026l[?2026h[?25l[A[1Gpulling manifest [K
pulling aeda25e63ebd:  39% ▕██████            ▏ 1.3 GB/3.3 GB  5.4 MB/s   6m20s[K[?25h[?2026l[?2026h[?25l[A[1Gpulling manifest [K
pulling aeda25e63ebd:  39% ▕███████           ▏ 1.3 GB/3.3 GB  5.4 MB/s   6m20s[K[?25h[?2026l[?2026h[?25l[A[1Gpulling manifest [K
pulling aeda25e63ebd:  39% ▕███████           ▏ 1.3 GB/3.3 GB  5.4 MB/s   6m20s[K[?25h[?2026l[?2026h[?25l[A[1Gpulling manifest [K
pulling aeda25e63ebd:  39% ▕███████           ▏ 1.3 GB/3.3 GB  5.4 MB/s   6m20s[K[?25h[?2026l[?2026h[?25l[A[1Gpulling manifest [K
pulling aeda25e63ebd:  39% ▕███████           ▏ 1.3 GB/3.3 GB  5.3 MB/s   6m24s[K[?25h[?2026l[?2026h[?25l[A[1Gpulling manifest [K
pulling aeda25e63ebd:  39% ▕███████           ▏ 1.3 GB/3.3 GB  5.3 MB/s   6m23s[K[?25h[?2026l[?2026h[?25l[A[1Gpulling manifest [K
pulling aeda25e63ebd:  39% ▕███████           ▏ 1.3 GB/3.3 GB  5.3 MB/s   6m23s[K[?25h[?2026l[?2026h[?25l[A[1Gpulling manifest [K
pulling aeda25e63ebd:  39% ▕███████           ▏ 1.3 GB/3.3 GB  5.3 MB/s   6m23s[K[?25h[?2026l[?2026h[?25l[A[1Gpulling manifest [K
pulling aeda25e63ebd:  39% ▕███████           ▏ 1.3 GB/3.3 GB  5.3 MB/s   6m23s[K[?25h[?2026l[?2026h[?25l[A[1Gpulling manifest [K
pulling aeda25e63ebd:  39% ▕███████           ▏ 1.3 GB/3.3 GB  5.3 MB/s   6m23s[K[?25h[?2026l[?2026h[?25l[A[1Gpulling manifest [K
pulling aeda25e63ebd:  39% ▕███████           ▏ 1.3 GB/3.3 GB  5.3 MB/s   6m23s[K[?25h[?2026l[?2026h[?25l[A[1Gpulling manifest [K
pulling aeda25e63ebd:  39% ▕███████           ▏ 1.3 GB/3.3 GB  5.3 MB/s   6m23s[K[?25h[?2026l[?2026h[?25l[A[1Gpulling manifest [K
pulling aeda25e63ebd:  39% ▕███████           ▏ 1.3 GB/3.3 GB  5.3 MB/s   6m23s[K[?25h[?2026l[?2026h[?25l[A[1Gpulling manifest [K
pulling aeda25e63ebd:  39% ▕███████           ▏ 1.3 GB/3.3 GB  5.3 MB/s   6m23s[K[?25h[?2026l[?2026h[?25l[A[1Gpulling manifest [K
pulling aeda25e63ebd:  39% ▕███████           ▏ 1.3 GB/3.3 GB  5.3 MB/s   6m21s[K[?25h[?2026l[?2026h[?25l[A[1Gpulling manifest [K
pulling aeda25e63ebd:  39% ▕███████           ▏ 1.3 GB/3.3 GB  5.3 MB/s   6m20s[K[?25h[?2026l[?2026h[?25l[A[1Gpulling manifest [K
pulling aeda25e63ebd:  39% ▕███████           ▏ 1.3 GB/3.3 GB  5.3 MB/s   6m20s[K[?25h[?2026l[?2026h[?25l[A[1Gpulling manifest [K
pulling aeda25e63ebd:  39% ▕███████           ▏ 1.3 GB/3.3 GB  5.3 MB/s   6m20s[K[?25h[?2026l[?2026h[?25l[A[1Gpulling manifest [K
pulling aeda25e63ebd:  39% ▕███████           ▏ 1.3 GB/3.3 GB  5.3 MB/s   6m20s[K[?25h[?2026l[?2026h[?25l[A[1Gpulling manifest [K
pulling aeda25e63ebd:  39% ▕███████           ▏ 1.3 GB/3.3 GB  5.3 MB/s   6m20s[K[?25h[?2026l[?2026h[?25l[A[1Gpulling manifest [K
pulling aeda25e63ebd:  39% ▕███████           ▏ 1.3 GB/3.3 GB  5.3 MB/s   6m20s[K[?25h[?2026l[?2026h[?25l[A[1Gpulling manifest [K
pulling aeda25e63ebd:  39% ▕███████           ▏ 1.3 GB/3.3 GB  5.3 MB/s   6m20s[K[?25h[?2026l[?2026h[?25l[A[1Gpulling manifest [K
pulling aeda25e63ebd:  39% ▕███████           ▏ 1.3 GB/3.3 GB  5.3 MB/s   6m20s[K[?25h[?2026l[?2026h[?25l[A[1Gpulling manifest [K
pulling aeda25e63ebd:  39% ▕███████           ▏ 1.3 GB/3.3 GB  5.3 MB/s   6m20s[K[?25h[?2026l[?2026h[?25l[A[1Gpulling manifest [K
pulling aeda25e63ebd:  39% ▕███████           ▏ 1.3 GB/3.3 GB  5.2 MB/s   6m28s[K[?25h[?2026l[?2026h[?25l[A[1Gpulling manifest [K
pulling aeda25e63ebd:  39% ▕███████           ▏ 1.3 GB/3.3 GB  5.2 MB/s   6m28s[K[?25h[?2026l[?2026h[?25l[A[1Gpulling manifest [K
pulling aeda25e63ebd:  39% ▕███████           ▏ 1.3 GB/3.3 GB  5.2 MB/s   6m28s[K[?25h[?2026l[?2026h[?25l[A[1Gpulling manifest [K
pulling aeda25e63ebd:  39% ▕███████           ▏ 1.3 GB/3.3 GB  5.2 MB/s   6m28s[K[?25h[?2026l[?2026h[?25l[A[1Gpulling manifest [K
pulling aeda25e63ebd:  39% ▕███████           ▏ 1.3 GB/3.3 GB  5.2 MB/s   6m28s[K[?25h[?2026l[?2026h[?25l[A[1Gpulling manifest [K
pulling aeda25e63ebd:  39% ▕███████           ▏ 1.3 GB/3.3 GB  5.2 MB/s   6m28s[K[?25h[?2026l[?2026h[?25l[A[1Gpulling manifest [K
pulling aeda25e63ebd:  39% ▕███████           ▏ 1.3 GB/3.3 GB  5.2 MB/s   6m28s[K[?25h[?2026l[?2026h[?25l[A[1Gpulling manifest [K
pulling aeda25e63ebd:  39% ▕███████           ▏ 1.3 GB/3.3 GB  5.2 MB/s   6m28s[K[?25h[?2026l[?2026h[?25l[A[1Gpulling manifest [K
pulling aeda25e63ebd:  39% ▕███████           ▏ 1.3 GB/3.3 GB  5.2 MB/s   6m28s[K[?25h[?2026l[?2026h[?25l[A[1Gpulling manifest [K
pulling aeda25e63ebd:  39% ▕███████           ▏ 1.3 GB/3.3 GB  5.2 MB/s   6m27s[K[?25h[?2026l[?2026h[?25l[A[1Gpulling manifest [K
pulling aeda25e63ebd:  39% ▕███████           ▏ 1.3 GB/3.3 GB  5.1 MB/s   6m38s[K[?25h[?2026l[?2026h[?25l[A[1Gpulling manifest [K
pulling aeda25e63ebd:  39% ▕███████           ▏ 1.3 GB/3.3 GB  5.1 MB/s   6m38s[K[?25h[?2026l[?2026h[?25l[A[1Gpulling manifest [K
pulling aeda25e63ebd:  39% ▕███████           ▏ 1.3 GB/3.3 GB  5.1 MB/s   6m38s[K[?25h[?2026l[?2026h[?25l[A[1Gpulling manifest [K
pulling aeda25e63ebd:  39% ▕███████           ▏ 1.3 GB/3.3 GB  5.1 MB/s   6m38s[K[?25h[?2026l[?2026h[?25l[A[1Gpulling manifest [K
pulling aeda25e63ebd:  39% ▕███████           ▏ 1.3 GB/3.3 GB  5.1 MB/s   6m38s[K[?25h[?2026l[?2026h[?25l[A[1Gpulling manifest [K
pulling aeda25e63ebd:  39% ▕███████           ▏ 1.3 GB/3.3 GB  5.1 MB/s   6m38s[K[?25h[?2026l[?2026h[?25l[A[1Gpulling manifest [K
pulling aeda25e63ebd:  39% ▕███████           ▏ 1.3 GB/3.3 GB  5.1 MB/s   6m37s[K[?25h[?2026l[?2026h[?25l[A[1Gpulling manifest [K
pulling aeda25e63ebd:  39% ▕███████           ▏ 1.3 GB/3.3 GB  5.1 MB/s   6m37s[K[?25h[?2026l[?2026h[?25l[A[1Gpulling manifest [K
pulling aeda25e63ebd:  39% ▕███████           ▏ 1.3 GB/3.3 GB  5.1 MB/s   6m37s[K[?25h[?2026l[?2026h[?25l[A[1Gpulling manifest [K
pulling aeda25e63ebd:  40% ▕███████           ▏ 1.3 GB/3.3 GB  5.1 MB/s   6m37s[K[?25h[?2026l[?2026h[?25l[A[1Gpulling manifest [K
pulling aeda25e63ebd:  40% ▕███████           ▏ 1.3 GB/3.3 GB  5.1 MB/s   6m37s[K[?25h[?2026l[?2026h[?25l[A[1Gpulling manifest [K
pulling aeda25e63ebd:  40% ▕███████           ▏ 1.3 GB/3.3 GB  5.2 MB/s   6m31s[K[?25h[?2026l[?2026h[?25l[A[1Gpulling manifest [K
pulling aeda25e63ebd:  40% ▕███████           ▏ 1.3 GB/3.3 GB  5.2 MB/s   6m30s[K[?25h[?2026l[?2026h[?25l[A[1Gpulling manifest [K
pulling aeda25e63ebd:  40% ▕███████           ▏ 1.3 GB/3.3 GB  5.2 MB/s   6m30s[K[?25h[?2026l[?2026h[?25l[A[1Gpulling manifest [K
pulling aeda25e63ebd:  40% ▕███████           ▏ 1.3 GB/3.3 GB  5.2 MB/s   6m30s[K[?25h[?2026l[?2026h[?25l[A[1Gpulling manifest [K
pulling aeda25e63ebd:  40% ▕███████           ▏ 1.3 GB/3.3 GB  5.2 MB/s   6m30s[K[?25h[?2026l[?2026h[?25l[A[1Gpulling manifest [K
pulling aeda25e63ebd:  40% ▕███████           ▏ 1.3 GB/3.3 GB  5.2 MB/s   6m30s[K[?25h[?2026l[?2026h[?25l[A[1Gpulling manifest [K
pulling aeda25e63ebd:  40% ▕███████           ▏ 1.3 GB/3.3 GB  5.2 MB/s   6m30s[K[?25h[?2026l[?2026h[?25l[A[1Gpulling manifest [K
pulling aeda25e63ebd:  40% ▕███████           ▏ 1.3 GB/3.3 GB  5.2 MB/s   6m30s[K[?25h[?2026l[?2026h[?25l[A[1Gpulling manifest [K
pulling aeda25e63ebd:  40% ▕███████           ▏ 1.3 GB/3.3 GB  5.2 MB/s   6m30s[K[?25h[?2026l[?2026h[?25l[A[1Gpulling manifest [K
pulling aeda25e63ebd:  40% ▕███████           ▏ 1.3 GB/3.3 GB  5.2 MB/s   6m30s[K[?25h[?2026l[?2026h[?25l[A[1Gpulling manifest [K
pulling aeda25e63ebd:  40% ▕███████           ▏ 1.3 GB/3.3 GB  5.1 MB/s   6m37s[K[?25h[?2026l[?2026h[?25l[A[1Gpulling manifest [K
pulling aeda25e63ebd:  40% ▕███████           ▏ 1.3 GB/3.3 GB  5.1 MB/s   6m37s[K[?25h[?2026l[?2026h[?25l[A[1Gpulling manifest [K
pulling aeda25e63ebd:  40% ▕███████           ▏ 1.3 GB/3.3 GB  5.1 MB/s   6m37s[K[?25h[?2026l[?2026h[?25l[A[1Gpulling manifest [K
pulling aeda25e63ebd:  40% ▕███████           ▏ 1.3 GB/3.3 GB  5.1 MB/s   6m37s[K[?25h[?2026l[?2026h[?25l[A[1Gpulling manifest [K
pulling aeda25e63ebd:  40% ▕███████           ▏ 1.3 GB/3.3 GB  5.1 MB/s   6m37s[K[?25h[?2026l[?2026h[?25l[A[1Gpulling manifest [K
pulling aeda25e63ebd:  40% ▕███████           ▏ 1.3 GB/3.3 GB  5.1 MB/s   6m37s[K[?25h[?2026l[?2026h[?25l[A[1Gpulling manifest [K
pulling aeda25e63ebd:  40% ▕███████           ▏ 1.3 GB/3.3 GB  5.1 MB/s   6m37s[K[?25h[?2026l[?2026h[?25l[A[1Gpulling manifest [K
pulling aeda25e63ebd:  40% ▕███████           ▏ 1.3 GB/3.3 GB  5.1 MB/s   6m37s[K[?25h[?2026l[?2026h[?25l[A[1Gpulling manifest [K
pulling aeda25e63ebd:  40% ▕███████           ▏ 1.3 GB/3.3 GB  5.1 MB/s   6m36s[K[?25h[?2026l[?2026h[?25l[A[1Gpulling manifest [K
pulling aeda25e63ebd:  40% ▕███████           ▏ 1.3 GB/3.3 GB  5.1 MB/s   6m36s[K[?25h[?2026l[?2026h[?25l[A[1Gpulling manifest [K
pulling aeda25e63ebd:  40% ▕███████           ▏ 1.3 GB/3.3 GB  5.0 MB/s   6m43s[K[?25h[?2026l[?2026h[?25l[A[1Gpulling manifest [K
pulling aeda25e63ebd:  40% ▕███████           ▏ 1.3 GB/3.3 GB  5.0 MB/s   6m43s[K[?25h[?2026l[?2026h[?25l[A[1Gpulling manifest [K
pulling aeda25e63ebd:  40% ▕███████           ▏ 1.3 GB/3.3 GB  5.0 MB/s   6m43s[K[?25h[?2026l[?2026h[?25l[A[1Gpulling manifest [K
pulling aeda25e63ebd:  40% ▕███████           ▏ 1.3 GB/3.3 GB  5.0 MB/s   6m43s[K[?25h[?2026l[?2026h[?25l[A[1Gpulling manifest [K
pulling aeda25e63ebd:  40% ▕███████           ▏ 1.3 GB/3.3 GB  5.0 MB/s   6m43s[K[?25h[?2026l[?2026h[?25l[A[1Gpulling manifest [K
pulling aeda25e63ebd:  40% ▕███████           ▏ 1.3 GB/3.3 GB  5.0 MB/s   6m43s[K[?25h[?2026l[?2026h[?25l[A[1Gpulling manifest [K
pulling aeda25e63ebd:  40% ▕███████           ▏ 1.3 GB/3.3 GB  5.0 MB/s   6m43s[K[?25h[?2026l[?2026h[?25l[A[1Gpulling manifest [K
pulling aeda25e63ebd:  40% ▕███████           ▏ 1.3 GB/3.3 GB  5.0 MB/s   6m43s[K[?25h[?2026l[?2026h[?25l[A[1Gpulling manifest [K
pulling aeda25e63ebd:  40% ▕███████           ▏ 1.3 GB/3.3 GB  5.0 MB/s   6m43s[K[?25h[?2026l[?2026h[?25l[A[1Gpulling manifest [K
pulling aeda25e63ebd:  40% ▕███████           ▏ 1.3 GB/3.3 GB  5.0 MB/s   6m43s[K[?25h[?2026l[?2026h[?25l[A[1Gpulling manifest [K
pulling aeda25e63ebd:  40% ▕███████           ▏ 1.3 GB/3.3 GB  4.9 MB/s   6m46s[K[?25h[?2026l[?2026h[?25l[A[1Gpulling manifest [K
pulling aeda25e63ebd:  40% ▕███████           ▏ 1.3 GB/3.3 GB  4.9 MB/s   6m46s[K[?25h[?2026l[?2026h[?25l[A[1Gpulling manifest [K
pulling aeda25e63ebd:  40% ▕███████           ▏ 1.3 GB/3.3 GB  4.9 MB/s   6m46s[K[?25h[?2026l[?2026h[?25l[A[1Gpulling manifest [K
pulling aeda25e63ebd:  40% ▕███████           ▏ 1.3 GB/3.3 GB  4.9 MB/s   6m46s[K[?25h[?2026l[?2026h[?25l[A[1Gpulling manifest [K
pulling aeda25e63ebd:  40% ▕███████           ▏ 1.3 GB/3.3 GB  4.9 MB/s   6m46s[K[?25h[?2026l[?2026h[?25l[A[1Gpulling manifest [K
pulling aeda25e63ebd:  40% ▕███████           ▏ 1.3 GB/3.3 GB  4.9 MB/s   6m46s[K[?25h[?2026l[?2026h[?25l[A[1Gpulling manifest [K
pulling aeda25e63ebd:  40% ▕███████           ▏ 1.3 GB/3.3 GB  4.9 MB/s   6m46s[K[?25h[?2026l[?2026h[?25l[A[1Gpulling manifest [K
pulling aeda25e63ebd:  40% ▕███████           ▏ 1.3 GB/3.3 GB  4.9 MB/s   6m46s[K[?25h[?2026l[?2026h[?25l[A[1Gpulling manifest [K
pulling aeda25e63ebd:  40% ▕███████           ▏ 1.3 GB/3.3 GB  4.9 MB/s   6m45s[K[?25h[?2026l[?2026h[?25l[A[1Gpulling manifest [K
pulling aeda25e63ebd:  40% ▕███████           ▏ 1.3 GB/3.3 GB  4.9 MB/s   6m45s[K[?25h[?2026l[?2026h[?25l[A[1Gpulling manifest [K
pulling aeda25e63ebd:  40% ▕███████           ▏ 1.3 GB/3.3 GB  4.9 MB/s   6m47s[K[?25h[?2026l[?2026h[?25l[A[1Gpulling manifest [K
pulling aeda25e63ebd:  40% ▕███████           ▏ 1.3 GB/3.3 GB  4.9 MB/s   6m47s[K[?25h[?2026l[?2026h[?25l[A[1Gpulling manifest [K
pulling aeda25e63ebd:  40% ▕███████           ▏ 1.3 GB/3.3 GB  4.9 MB/s   6m47s[K[?25h[?2026l[?2026h[?25l[A[1Gpulling manifest [K
pulling aeda25e63ebd:  40% ▕███████           ▏ 1.3 GB/3.3 GB  4.9 MB/s   6m47s[K[?25h[?2026l[?2026h[?25l[A[1Gpulling manifest [K
pulling aeda25e63ebd:  40% ▕███████           ▏ 1.3 GB/3.3 GB  4.9 MB/s   6m47s[K[?25h[?2026l[?2026h[?25l[A[1Gpulling manifest [K
pulling aeda25e63ebd:  40% ▕███████           ▏ 1.3 GB/3.3 GB  4.9 MB/s   6m47s[K[?25h[?2026l[?2026h[?25l[A[1Gpulling manifest [K
pulling aeda25e63ebd:  40% ▕███████           ▏ 1.3 GB/3.3 GB  4.9 MB/s   6m46s[K[?25h[?2026l[?2026h[?25l[A[1Gpulling manifest [K
pulling aeda25e63ebd:  40% ▕███████           ▏ 1.3 GB/3.3 GB  4.9 MB/s   6m46s[K[?25h[?2026l[?2026h[?25l[A[1Gpulling manifest [K
pulling aeda25e63ebd:  40% ▕███████           ▏ 1.3 GB/3.3 GB  4.9 MB/s   6m46s[K[?25h[?2026l[?2026h[?25l[A[1Gpulling manifest [K
pulling aeda25e63ebd:  40% ▕███████           ▏ 1.3 GB/3.3 GB  4.9 MB/s   6m46s[K[?25h[?2026l[?2026h[?25l[A[1Gpulling manifest [K
pulling aeda25e63ebd:  40% ▕███████           ▏ 1.3 GB/3.3 GB  4.9 MB/s   6m46s[K[?25h[?2026l[?2026h[?25l[A[1Gpulling manifest [K
pulling aeda25e63ebd:  40% ▕███████           ▏ 1.3 GB/3.3 GB  4.9 MB/s   6m51s[K[?25h[?2026l[?2026h[?25l[A[1Gpulling manifest [K
pulling aeda25e63ebd:  40% ▕███████           ▏ 1.3 GB/3.3 GB  4.9 MB/s   6m50s[K[?25h[?2026l[?2026h[?25l[A[1Gpulling manifest [K
pulling aeda25e63ebd:  40% ▕███████           ▏ 1.3 GB/3.3 GB  4.9 MB/s   6m50s[K[?25h[?2026l[?2026h[?25l[A[1Gpulling manifest [K
pulling aeda25e63ebd:  40% ▕███████           ▏ 1.3 GB/3.3 GB  4.9 MB/s   6m50s[K[?25h[?2026l[?2026h[?25l[A[1Gpulling manifest [K
pulling aeda25e63ebd:  40% ▕███████           ▏ 1.3 GB/3.3 GB  4.9 MB/s   6m50s[K[?25h[?2026l[?2026h[?25l[A[1Gpulling manifest [K
pulling aeda25e63ebd:  40% ▕███████           ▏ 1.3 GB/3.3 GB  4.9 MB/s   6m50s[K[?25h[?2026l[?2026h[?25l[A[1Gpulling manifest [K
pulling aeda25e63ebd:  40% ▕███████           ▏ 1.3 GB/3.3 GB  4.9 MB/s   6m50s[K[?25h[?2026l[?2026h[?25l[A[1Gpulling manifest [K
pulling aeda25e63ebd:  40% ▕███████           ▏ 1.3 GB/3.3 GB  4.9 MB/s   6m50s[K[?25h[?2026l[?2026h[?25l[A[1Gpulling manifest [K
pulling aeda25e63ebd:  40% ▕███████           ▏ 1.3 GB/3.3 GB  4.9 MB/s   6m50s[K[?25h[?2026l[?2026h[?25l[A[1Gpulling manifest [K
pulling aeda25e63ebd:  40% ▕███████           ▏ 1.3 GB/3.3 GB  4.9 MB/s   6m50s[K[?25h[?2026l[?2026h[?25l[A[1Gpulling manifest [K
pulling aeda25e63ebd:  40% ▕███████           ▏ 1.3 GB/3.3 GB  4.8 MB/s   6m55s[K[?25h[?2026l[?2026h[?25l[A[1Gpulling manifest [K
pulling aeda25e63ebd:  40% ▕███████           ▏ 1.3 GB/3.3 GB  4.8 MB/s   6m55s[K[?25h[?2026l[?2026h[?25l[A[1Gpulling manifest [K
pulling aeda25e63ebd:  40% ▕███████           ▏ 1.3 GB/3.3 GB  4.8 MB/s   6m55s[K[?25h[?2026l[?2026h[?25l[A[1Gpulling manifest [K
pulling aeda25e63ebd:  40% ▕███████           ▏ 1.3 GB/3.3 GB  4.8 MB/s   6m55s[K[?25h[?2026l[?2026h[?25l[A[1Gpulling manifest [K
pulling aeda25e63ebd:  40% ▕███████           ▏ 1.3 GB/3.3 GB  4.8 MB/s   6m55s[K[?25h[?2026l[?2026h[?25l[A[1Gpulling manifest [K
pulling aeda25e63ebd:  40% ▕███████           ▏ 1.4 GB/3.3 GB  4.8 MB/s   6m55s[K[?25h[?2026l[?2026h[?25l[A[1Gpulling manifest [K
pulling aeda25e63ebd:  40% ▕███████           ▏ 1.4 GB/3.3 GB  4.8 MB/s   6m55s[K[?25h[?2026l[?2026h[?25l[A[1Gpulling manifest [K
pulling aeda25e63ebd:  40% ▕███████           ▏ 1.4 GB/3.3 GB  4.8 MB/s   6m55s[K[?25h[?2026l[?2026h[?25l[A[1Gpulling manifest [K
pulling aeda25e63ebd:  40% ▕███████           ▏ 1.4 GB/3.3 GB  4.8 MB/s   6m55s[K[?25h[?2026l[?2026h[?25l[A[1Gpulling manifest [K
pulling aeda25e63ebd:  41% ▕███████           ▏ 1.4 GB/3.3 GB  4.8 MB/s   6m55s[K[?25h[?2026l[?2026h[?25l[A[1Gpulling manifest [K
pulling aeda25e63ebd:  41% ▕███████           ▏ 1.4 GB/3.3 GB  4.7 MB/s   6m59s[K[?25h[?2026l[?2026h[?25l[A[1Gpulling manifest [K
pulling aeda25e63ebd:  41% ▕███████           ▏ 1.4 GB/3.3 GB  4.7 MB/s   6m59s[K[?25h[?2026l[?2026h[?25l[A[1Gpulling manifest [K
pulling aeda25e63ebd:  41% ▕███████           ▏ 1.4 GB/3.3 GB  4.7 MB/s   6m59s[K[?25h[?2026l[?2026h[?25l[A[1Gpulling manifest [K
pulling aeda25e63ebd:  41% ▕███████           ▏ 1.4 GB/3.3 GB  4.7 MB/s   6m59s[K[?25h[?2026l[?2026h[?25l[A[1Gpulling manifest [K
pulling aeda25e63ebd:  41% ▕███████           ▏ 1.4 GB/3.3 GB  4.7 MB/s   6m59s[K[?25h[?2026l[?2026h[?25l[A[1Gpulling manifest [K
pulling aeda25e63ebd:  41% ▕███████           ▏ 1.4 GB/3.3 GB  4.7 MB/s   6m59s[K[?25h[?2026l[?2026h[?25l[A[1Gpulling manifest [K
pulling aeda25e63ebd:  41% ▕███████           ▏ 1.4 GB/3.3 GB  4.7 MB/s   6m59s[K[?25h[?2026l[?2026h[?25l[A[1Gpulling manifest [K
pulling aeda25e63ebd:  41% ▕███████           ▏ 1.4 GB/3.3 GB  4.7 MB/s   6m59s[K[?25h[?2026l[?2026h[?25l[A[1Gpulling manifest [K
pulling aeda25e63ebd:  41% ▕███████           ▏ 1.4 GB/3.3 GB  4.7 MB/s   6m59s[K[?25h[?2026l[?2026h[?25l[A[1Gpulling manifest [K
pulling aeda25e63ebd:  41% ▕███████           ▏ 1.4 GB/3.3 GB  4.7 MB/s   6m58s[K[?25h[?2026l[?2026h[?25l[A[1Gpulling manifest [K
pulling aeda25e63ebd:  41% ▕███████           ▏ 1.4 GB/3.3 GB  4.8 MB/s   6m54s[K[?25h[?2026l[?2026h[?25l[A[1Gpulling manifest [K
pulling aeda25e63ebd:  41% ▕███████           ▏ 1.4 GB/3.3 GB  4.8 MB/s   6m54s[K[?25h[?2026l[?2026h[?25l[A[1Gpulling manifest [K
pulling aeda25e63ebd:  41% ▕███████           ▏ 1.4 GB/3.3 GB  4.8 MB/s   6m54s[K[?25h[?2026l[?2026h[?25l[A[1Gpulling manifest [K
pulling aeda25e63ebd:  41% ▕███████           ▏ 1.4 GB/3.3 GB  4.8 MB/s   6m54s[K[?25h[?2026l[?2026h[?25l[A[1Gpulling manifest [K
pulling aeda25e63ebd:  41% ▕███████           ▏ 1.4 GB/3.3 GB  4.8 MB/s   6m54s[K[?25h[?2026l[?2026h[?25l[A[1Gpulling manifest [K
pulling aeda25e63ebd:  41% ▕███████           ▏ 1.4 GB/3.3 GB  4.8 MB/s   6m54s[K[?25h[?2026l[?2026h[?25l[A[1Gpulling manifest [K
pulling aeda25e63ebd:  41% ▕███████           ▏ 1.4 GB/3.3 GB  4.8 MB/s   6m53s[K[?25h[?2026l[?2026h[?25l[A[1Gpulling manifest [K
pulling aeda25e63ebd:  41% ▕███████           ▏ 1.4 GB/3.3 GB  4.8 MB/s   6m53s[K[?25h[?2026l[?2026h[?25l[A[1Gpulling manifest [K
pulling aeda25e63ebd:  41% ▕███████           ▏ 1.4 GB/3.3 GB  4.8 MB/s   6m53s[K[?25h[?2026l[?2026h[?25l[A[1Gpulling manifest [K
pulling aeda25e63ebd:  41% ▕███████           ▏ 1.4 GB/3.3 GB  4.8 MB/s   6m53s[K[?25h[?2026l[?2026h[?25l[A[1Gpulling manifest [K
pulling aeda25e63ebd:  41% ▕███████           ▏ 1.4 GB/3.3 GB  4.6 MB/s    7m5s[K[?25h[?2026l[?2026h[?25l[A[1Gpulling manifest [K
pulling aeda25e63ebd:  41% ▕███████           ▏ 1.4 GB/3.3 GB  4.6 MB/s    7m5s[K[?25h[?2026l[?2026h[?25l[A[1Gpulling manifest [K
pulling aeda25e63ebd:  41% ▕███████           ▏ 1.4 GB/3.3 GB  4.6 MB/s    7m5s[K[?25h[?2026l[?2026h[?25l[A[1Gpulling manifest [K
pulling aeda25e63ebd:  41% ▕███████           ▏ 1.4 GB/3.3 GB  4.6 MB/s    7m5s[K[?25h[?2026l[?2026h[?25l[A[1Gpulling manifest [K
pulling aeda25e63ebd:  41% ▕███████           ▏ 1.4 GB/3.3 GB  4.6 MB/s    7m5s[K[?25h[?2026l[?2026h[?25l[A[1Gpulling manifest [K
pulling aeda25e63ebd:  41% ▕███████           ▏ 1.4 GB/3.3 GB  4.6 MB/s    7m5s[K[?25h[?2026l[?2026h[?25l[A[1Gpulling manifest [K
pulling aeda25e63ebd:  41% ▕███████           ▏ 1.4 GB/3.3 GB  4.6 MB/s    7m5s[K[?25h[?2026l[?2026h[?25l[A[1Gpulling manifest [K
pulling aeda25e63ebd:  41% ▕███████           ▏ 1.4 GB/3.3 GB  4.6 MB/s    7m5s[K[?25h[?2026l[?2026h[?25l[A[1Gpulling manifest [K
pulling aeda25e63ebd:  41% ▕███████           ▏ 1.4 GB/3.3 GB  4.6 MB/s    7m5s[K[?25h[?2026l[?2026h[?25l[A[1Gpulling manifest [K
pulling aeda25e63ebd:  41% ▕███████           ▏ 1.4 GB/3.3 GB  4.6 MB/s    7m5s[K[?25h[?2026l[?2026h[?25l[A[1Gpulling manifest [K
pulling aeda25e63ebd:  41% ▕███████           ▏ 1.4 GB/3.3 GB  4.6 MB/s    7m4s[K[?25h[?2026l[?2026h[?25l[A[1Gpulling manifest [K
pulling aeda25e63ebd:  41% ▕███████           ▏ 1.4 GB/3.3 GB  4.6 MB/s    7m7s[K[?25h[?2026l[?2026h[?25l[A[1Gpulling manifest [K
pulling aeda25e63ebd:  41% ▕███████           ▏ 1.4 GB/3.3 GB  4.6 MB/s    7m7s[K[?25h[?2026l[?2026h[?25l[A[1Gpulling manifest [K
pulling aeda25e63ebd:  41% ▕███████           ▏ 1.4 GB/3.3 GB  4.6 MB/s    7m7s[K[?25h[?2026l[?2026h[?25l[A[1Gpulling manifest [K
pulling aeda25e63ebd:  41% ▕███████           ▏ 1.4 GB/3.3 GB  4.6 MB/s    7m7s[K[?25h[?2026l[?2026h[?25l[A[1Gpulling manifest [K
pulling aeda25e63ebd:  41% ▕███████           ▏ 1.4 GB/3.3 GB  4.6 MB/s    7m7s[K[?25h[?2026l[?2026h[?25l[A[1Gpulling manifest [K
pulling aeda25e63ebd:  41% ▕███████           ▏ 1.4 GB/3.3 GB  4.6 MB/s    7m7s[K[?25h[?2026l[?2026h[?25l[A[1Gpulling manifest [K
pulling aeda25e63ebd:  41% ▕███████           ▏ 1.4 GB/3.3 GB  4.6 MB/s    7m7s[K[?25h[?2026l[?2026h[?25l[A[1Gpulling manifest [K
pulling aeda25e63ebd:  41% ▕███████           ▏ 1.4 GB/3.3 GB  4.6 MB/s    7m7s[K[?25h[?2026l[?2026h[?25l[A[1Gpulling manifest [K
pulling aeda25e63ebd:  41% ▕███████           ▏ 1.4 GB/3.3 GB  4.6 MB/s    7m7s[K[?25h[?2026l[?2026h[?25l[A[1Gpulling manifest [K
pulling aeda25e63ebd:  41% ▕███████           ▏ 1.4 GB/3.3 GB  4.6 MB/s    7m7s[K[?25h[?2026l[?2026h[?25l[A[1Gpulling manifest [K
pulling aeda25e63ebd:  41% ▕███████           ▏ 1.4 GB/3.3 GB  4.5 MB/s   7m16s[K[?25h[?2026l[?2026h[?25l[A[1Gpulling manifest [K
pulling aeda25e63ebd:  41% ▕███████           ▏ 1.4 GB/3.3 GB  4.5 MB/s   7m16s[K[?25h[?2026l[?2026h[?25l[A[1Gpulling manifest [K
pulling aeda25e63ebd:  41% ▕███████           ▏ 1.4 GB/3.3 GB  4.5 MB/s   7m15s[K[?25h[?2026l[?2026h[?25l[A[1Gpulling manifest [K
pulling aeda25e63ebd:  41% ▕███████           ▏ 1.4 GB/3.3 GB  4.5 MB/s   7m15s[K[?25h[?2026l[?2026h[?25l[A[1Gpulling manifest [K
pulling aeda25e63ebd:  41% ▕███████           ▏ 1.4 GB/3.3 GB  4.5 MB/s   7m15s[K[?25h[?2026l[?2026h[?25l[A[1Gpulling manifest [K
pulling aeda25e63ebd:  41% ▕███████           ▏ 1.4 GB/3.3 GB  4.5 MB/s   7m15s[K[?25h[?2026l[?2026h[?25l[A[1Gpulling manifest [K
pulling aeda25e63ebd:  41% ▕███████           ▏ 1.4 GB/3.3 GB  4.5 MB/s   7m15s[K[?25h[?2026l[?2026h[?25l[A[1Gpulling manifest [K
pulling aeda25e63ebd:  41% ▕███████           ▏ 1.4 GB/3.3 GB  4.5 MB/s   7m15s[K[?25h[?2026l[?2026h[?25l[A[1Gpulling manifest [K
pulling aeda25e63ebd:  41% ▕███████           ▏ 1.4 GB/3.3 GB  4.5 MB/s   7m15s[K[?25h[?2026l[?2026h[?25l[A[1Gpulling manifest [K
pulling aeda25e63ebd:  41% ▕███████           ▏ 1.4 GB/3.3 GB  4.5 MB/s   7m15s[K[?25h[?2026l[?2026h[?25l[A[1Gpulling manifest [K
pulling aeda25e63ebd:  41% ▕███████           ▏ 1.4 GB/3.3 GB  4.4 MB/s   7m22s[K[?25h[?2026l[?2026h[?25l[A[1Gpulling manifest [K
pulling aeda25e63ebd:  41% ▕███████           ▏ 1.4 GB/3.3 GB  4.4 MB/s   7m22s[K[?25h[?2026l[?2026h[?25l[A[1Gpulling manifest [K
pulling aeda25e63ebd:  41% ▕███████           ▏ 1.4 GB/3.3 GB  4.4 MB/s   7m22s[K[?25h[?2026l[?2026h[?25l[A[1Gpulling manifest [K
pulling aeda25e63ebd:  41% ▕███████           ▏ 1.4 GB/3.3 GB  4.4 MB/s   7m21s[K[?25h[?2026l[?2026h[?25l[A[1Gpulling manifest [K
pulling aeda25e63ebd:  41% ▕███████           ▏ 1.4 GB/3.3 GB  4.4 MB/s   7m21s[K[?25h[?2026l[?2026h[?25l[A[1Gpulling manifest [K
pulling aeda25e63ebd:  41% ▕███████           ▏ 1.4 GB/3.3 GB  4.4 MB/s   7m21s[K[?25h[?2026l[?2026h[?25l[A[1Gpulling manifest [K
pulling aeda25e63ebd:  41% ▕███████           ▏ 1.4 GB/3.3 GB  4.4 MB/s   7m21s[K[?25h[?2026l[?2026h[?25l[A[1Gpulling manifest [K
pulling aeda25e63ebd:  41% ▕███████           ▏ 1.4 GB/3.3 GB  4.4 MB/s   7m21s[K[?25h[?2026l[?2026h[?25l[A[1Gpulling manifest [K
pulling aeda25e63ebd:  41% ▕███████           ▏ 1.4 GB/3.3 GB  4.4 MB/s   7m21s[K[?25h[?2026l[?2026h[?25l[A[1Gpulling manifest [K
pulling aeda25e63ebd:  41% ▕███████           ▏ 1.4 GB/3.3 GB  4.4 MB/s   7m21s[K[?25h[?2026l[?2026h[?25l[A[1Gpulling manifest [K
pulling aeda25e63ebd:  41% ▕███████           ▏ 1.4 GB/3.3 GB  4.4 MB/s   7m20s[K[?25h[?2026l[?2026h[?25l[A[1Gpulling manifest [K
pulling aeda25e63ebd:  41% ▕███████           ▏ 1.4 GB/3.3 GB  4.4 MB/s   7m20s[K[?25h[?2026l[?2026h[?25l[A[1Gpulling manifest [K
pulling aeda25e63ebd:  41% ▕███████           ▏ 1.4 GB/3.3 GB  4.4 MB/s   7m20s[K[?25h[?2026l[?2026h[?25l[A[1Gpulling manifest [K
pulling aeda25e63ebd:  41% ▕███████           ▏ 1.4 GB/3.3 GB  4.4 MB/s   7m20s[K[?25h[?2026l[?2026h[?25l[A[1Gpulling manifest [K
pulling aeda25e63ebd:  41% ▕███████           ▏ 1.4 GB/3.3 GB  4.4 MB/s   7m20s[K[?25h[?2026l[?2026h[?25l[A[1Gpulling manifest [K
pulling aeda25e63ebd:  41% ▕███████           ▏ 1.4 GB/3.3 GB  4.4 MB/s   7m20s[K[?25h[?2026l[?2026h[?25l[A[1Gpulling manifest [K
pulling aeda25e63ebd:  41% ▕███████           ▏ 1.4 GB/3.3 GB  4.4 MB/s   7m20s[K[?25h[?2026l[?2026h[?25l[A[1Gpulling manifest [K
pulling aeda25e63ebd:  41% ▕███████           ▏ 1.4 GB/3.3 GB  4.4 MB/s   7m20s[K[?25h[?2026l[?2026h[?25l[A[1Gpulling manifest [K
pulling aeda25e63ebd:  41% ▕███████           ▏ 1.4 GB/3.3 GB  4.4 MB/s   7m20s[K[?25h[?2026l[?2026h[?25l[A[1Gpulling manifest [K
pulling aeda25e63ebd:  41% ▕███████           ▏ 1.4 GB/3.3 GB  4.4 MB/s   7m20s[K[?25h[?2026l[?2026h[?25l[A[1Gpulling manifest [K
pulling aeda25e63ebd:  41% ▕███████           ▏ 1.4 GB/3.3 GB  4.4 MB/s   7m23s[K[?25h[?2026l[?2026h[?25l[A[1Gpulling manifest [K
pulling aeda25e63ebd:  41% ▕███████           ▏ 1.4 GB/3.3 GB  4.4 MB/s   7m23s[K[?25h[?2026l[?2026h[?25l[A[1Gpulling manifest [K
pulling aeda25e63ebd:  41% ▕███████           ▏ 1.4 GB/3.3 GB  4.4 MB/s   7m23s[K[?25h[?2026l[?2026h[?25l[A[1Gpulling manifest [K
pulling aeda25e63ebd:  41% ▕███████           ▏ 1.4 GB/3.3 GB  4.4 MB/s   7m23s[K[?25h[?2026l[?2026h[?25l[A[1Gpulling manifest [K
pulling aeda25e63ebd:  41% ▕███████           ▏ 1.4 GB/3.3 GB  4.4 MB/s   7m23s[K[?25h[?2026l[?2026h[?25l[A[1Gpulling manifest [K
pulling aeda25e63ebd:  41% ▕███████           ▏ 1.4 GB/3.3 GB  4.4 MB/s   7m23s[K[?25h[?2026l[?2026h[?25l[A[1Gpulling manifest [K
pulling aeda25e63ebd:  42% ▕███████           ▏ 1.4 GB/3.3 GB  4.4 MB/s   7m23s[K[?25h[?2026l[?2026h[?25l[A[1Gpulling manifest [K
pulling aeda25e63ebd:  42% ▕███████           ▏ 1.4 GB/3.3 GB  4.4 MB/s   7m23s[K[?25h[?2026l[?2026h[?25l[A[1Gpulling manifest [K
pulling aeda25e63ebd:  42% ▕███████           ▏ 1.4 GB/3.3 GB  4.4 MB/s   7m22s[K[?25h[?2026l[?2026h[?25l[A[1Gpulling manifest [K
pulling aeda25e63ebd:  42% ▕███████           ▏ 1.4 GB/3.3 GB  4.4 MB/s   7m22s[K[?25h[?2026l[?2026h[?25l[A[1Gpulling manifest [K
pulling aeda25e63ebd:  42% ▕███████           ▏ 1.4 GB/3.3 GB  4.4 MB/s   7m22s[K[?25h[?2026l[?2026h[?25l[A[1Gpulling manifest [K
pulling aeda25e63ebd:  42% ▕███████           ▏ 1.4 GB/3.3 GB  4.4 MB/s   7m26s[K[?25h[?2026l[?2026h[?25l[A[1Gpulling manifest [K
pulling aeda25e63ebd:  42% ▕███████           ▏ 1.4 GB/3.3 GB  4.4 MB/s   7m26s[K[?25h[?2026l[?2026h[?25l[A[1Gpulling manifest [K
pulling aeda25e63ebd:  42% ▕███████           ▏ 1.4 GB/3.3 GB  4.4 MB/s   7m26s[K[?25h[?2026l[?2026h[?25l[A[1Gpulling manifest [K
pulling aeda25e63ebd:  42% ▕███████           ▏ 1.4 GB/3.3 GB  4.4 MB/s   7m26s[K[?25h[?2026l[?2026h[?25l[A[1Gpulling manifest [K
pulling aeda25e63ebd:  42% ▕███████           ▏ 1.4 GB/3.3 GB  4.4 MB/s   7m26s[K[?25h[?2026l[?2026h[?25l[A[1Gpulling manifest [K
pulling aeda25e63ebd:  42% ▕███████           ▏ 1.4 GB/3.3 GB  4.4 MB/s   7m26s[K[?25h[?2026l[?2026h[?25l[A[1Gpulling manifest [K
pulling aeda25e63ebd:  42% ▕███████           ▏ 1.4 GB/3.3 GB  4.4 MB/s   7m26s[K[?25h[?2026l[?2026h[?25l[A[1Gpulling manifest [K
pulling aeda25e63ebd:  42% ▕███████           ▏ 1.4 GB/3.3 GB  4.4 MB/s   7m26s[K[?25h[?2026l[?2026h[?25l[A[1Gpulling manifest [K
pulling aeda25e63ebd:  42% ▕███████           ▏ 1.4 GB/3.3 GB  4.4 MB/s   7m26s[K[?25h[?2026l[?2026h[?25l[A[1Gpulling manifest [K
pulling aeda25e63ebd:  42% ▕███████           ▏ 1.4 GB/3.3 GB  4.4 MB/s   7m26s[K[?25h[?2026l[?2026h[?25l[A[1Gpulling manifest [K
pulling aeda25e63ebd:  42% ▕███████           ▏ 1.4 GB/3.3 GB  4.2 MB/s   7m46s[K[?25h[?2026l[?2026h[?25l[A[1Gpulling manifest [K
pulling aeda25e63ebd:  42% ▕███████           ▏ 1.4 GB/3.3 GB  4.2 MB/s   7m46s[K[?25h[?2026l[?2026h[?25l[A[1Gpulling manifest [K
pulling aeda25e63ebd:  42% ▕███████           ▏ 1.4 GB/3.3 GB  4.2 MB/s   7m46s[K[?25h[?2026l[?2026h[?25l[A[1Gpulling manifest [K
pulling aeda25e63ebd:  42% ▕███████           ▏ 1.4 GB/3.3 GB  4.2 MB/s   7m46s[K[?25h[?2026l[?2026h[?25l[A[1Gpulling manifest [K
pulling aeda25e63ebd:  42% ▕███████           ▏ 1.4 GB/3.3 GB  4.2 MB/s   7m46s[K[?25h[?2026l[?2026h[?25l[A[1Gpulling manifest [K
pulling aeda25e63ebd:  42% ▕███████           ▏ 1.4 GB/3.3 GB  4.2 MB/s   7m46s[K[?25h[?2026l[?2026h[?25l[A[1Gpulling manifest [K
pulling aeda25e63ebd:  42% ▕███████           ▏ 1.4 GB/3.3 GB  4.2 MB/s   7m45s[K[?25h[?2026l[?2026h[?25l[A[1Gpulling manifest [K
pulling aeda25e63ebd:  42% ▕███████           ▏ 1.4 GB/3.3 GB  4.2 MB/s   7m45s[K[?25h[?2026l[?2026h[?25l[A[1Gpulling manifest [K
pulling aeda25e63ebd:  42% ▕███████           ▏ 1.4 GB/3.3 GB  4.2 MB/s   7m45s[K[?25h[?2026l[?2026h[?25l[A[1Gpulling manifest [K
pulling aeda25e63ebd:  42% ▕███████           ▏ 1.4 GB/3.3 GB  4.2 MB/s   7m45s[K[?25h[?2026l[?2026h[?25l[A[1Gpulling manifest [K
pulling aeda25e63ebd:  42% ▕███████           ▏ 1.4 GB/3.3 GB  4.2 MB/s   7m41s[K[?25h[?2026l[?2026h[?25l[A[1Gpulling manifest [K
pulling aeda25e63ebd:  42% ▕███████           ▏ 1.4 GB/3.3 GB  4.2 MB/s   7m41s[K[?25h[?2026l[?2026h[?25l[A[1Gpulling manifest [K
pulling aeda25e63ebd:  42% ▕███████           ▏ 1.4 GB/3.3 GB  4.2 MB/s   7m41s[K[?25h[?2026l[?2026h[?25l[A[1Gpulling manifest [K
pulling aeda25e63ebd:  42% ▕███████           ▏ 1.4 GB/3.3 GB  4.2 MB/s   7m40s[K[?25h[?2026l[?2026h[?25l[A[1Gpulling manifest [K
pulling aeda25e63ebd:  42% ▕███████           ▏ 1.4 GB/3.3 GB  4.2 MB/s   7m40s[K[?25h[?2026l[?2026h[?25l[A[1Gpulling manifest [K
pulling aeda25e63ebd:  42% ▕███████           ▏ 1.4 GB/3.3 GB  4.2 MB/s   7m40s[K[?25h[?2026l[?2026h[?25l[A[1Gpulling manifest [K
pulling aeda25e63ebd:  42% ▕███████           ▏ 1.4 GB/3.3 GB  4.2 MB/s   7m40s[K[?25h[?2026l[?2026h[?25l[A[1Gpulling manifest [K
pulling aeda25e63ebd:  42% ▕███████           ▏ 1.4 GB/3.3 GB  4.2 MB/s   7m40s[K[?25h[?2026l[?2026h[?25l[A[1Gpulling manifest [K
pulling aeda25e63ebd:  42% ▕███████           ▏ 1.4 GB/3.3 GB  4.2 MB/s   7m40s[K[?25h[?2026l[?2026h[?25l[A[1Gpulling manifest [K
pulling aeda25e63ebd:  42% ▕███████           ▏ 1.4 GB/3.3 GB  4.2 MB/s   7m40s[K[?25h[?2026l[?2026h[?25l[A[1Gpulling manifest [K
pulling aeda25e63ebd:  42% ▕███████           ▏ 1.4 GB/3.3 GB  4.2 MB/s   7m39s[K[?25h[?2026l[?2026h[?25l[A[1Gpulling manifest [K
pulling aeda25e63ebd:  42% ▕███████           ▏ 1.4 GB/3.3 GB  4.2 MB/s   7m39s[K[?25h[?2026l[?2026h[?25l[A[1Gpulling manifest [K
pulling aeda25e63ebd:  42% ▕███████           ▏ 1.4 GB/3.3 GB  4.2 MB/s   7m39s[K[?25h[?2026l[?2026h[?25l[A[1Gpulling manifest [K
pulling aeda25e63ebd:  42% ▕███████           ▏ 1.4 GB/3.3 GB  4.2 MB/s   7m39s[K[?25h[?2026l[?2026h[?25l[A[1Gpulling manifest [K
pulling aeda25e63ebd:  42% ▕███████           ▏ 1.4 GB/3.3 GB  4.2 MB/s   7m39s[K[?25h[?2026l[?2026h[?25l[A[1Gpulling manifest [K
pulling aeda25e63ebd:  42% ▕███████           ▏ 1.4 GB/3.3 GB  4.2 MB/s   7m39s[K[?25h[?2026l[?2026h[?25l[A[1Gpulling manifest [K
pulling aeda25e63ebd:  42% ▕███████           ▏ 1.4 GB/3.3 GB  4.2 MB/s   7m39s[K[?25h[?2026l[?2026h[?25l[A[1Gpulling manifest [K
pulling aeda25e63ebd:  42% ▕███████           ▏ 1.4 GB/3.3 GB  4.2 MB/s   7m39s[K[?25h[?2026l[?2026h[?25l[A[1Gpulling manifest [K
pulling aeda25e63ebd:  42% ▕███████           ▏ 1.4 GB/3.3 GB  4.2 MB/s   7m39s[K[?25h[?2026l[?2026h[?25l[A[1Gpulling manifest [K
pulling aeda25e63ebd:  42% ▕███████           ▏ 1.4 GB/3.3 GB  4.2 MB/s   7m39s[K[?25h[?2026l[?2026h[?25l[A[1Gpulling manifest [K
pulling aeda25e63ebd:  42% ▕███████           ▏ 1.4 GB/3.3 GB  4.2 MB/s   7m36s[K[?25h[?2026l[?2026h[?25l[A[1Gpulling manifest [K
pulling aeda25e63ebd:  42% ▕███████           ▏ 1.4 GB/3.3 GB  4.2 MB/s   7m36s[K[?25h[?2026l[?2026h[?25l[A[1Gpulling manifest [K
pulling aeda25e63ebd:  42% ▕███████           ▏ 1.4 GB/3.3 GB  4.2 MB/s   7m36s[K[?25h[?2026l[?2026h[?25l[A[1Gpulling manifest [K
pulling aeda25e63ebd:  42% ▕███████           ▏ 1.4 GB/3.3 GB  4.2 MB/s   7m36s[K[?25h[?2026l[?2026h[?25l[A[1Gpulling manifest [K
pulling aeda25e63ebd:  42% ▕███████           ▏ 1.4 GB/3.3 GB  4.2 MB/s   7m36s[K[?25h[?2026l[?2026h[?25l[A[1Gpulling manifest [K
pulling aeda25e63ebd:  42% ▕███████           ▏ 1.4 GB/3.3 GB  4.2 MB/s   7m36s[K[?25h[?2026l[?2026h[?25l[A[1Gpulling manifest [K
pulling aeda25e63ebd:  42% ▕███████           ▏ 1.4 GB/3.3 GB  4.2 MB/s   7m36s[K[?25h[?2026l[?2026h[?25l[A[1Gpulling manifest [K
pulling aeda25e63ebd:  42% ▕███████           ▏ 1.4 GB/3.3 GB  4.2 MB/s   7m36s[K[?25h[?2026l[?2026h[?25l[A[1Gpulling manifest [K
pulling aeda25e63ebd:  42% ▕███████           ▏ 1.4 GB/3.3 GB  4.2 MB/s   7m36s[K[?25h[?2026l[?2026h[?25l[A[1Gpulling manifest [K
pulling aeda25e63ebd:  42% ▕███████           ▏ 1.4 GB/3.3 GB  4.2 MB/s   7m35s[K[?25h[?2026l[?2026h[?25l[A[1Gpulling manifest [K
pulling aeda25e63ebd:  42% ▕███████           ▏ 1.4 GB/3.3 GB  4.2 MB/s   7m35s[K[?25h[?2026l[?2026h[?25l[A[1Gpulling manifest [K
pulling aeda25e63ebd:  42% ▕███████           ▏ 1.4 GB/3.3 GB  4.2 MB/s   7m36s[K[?25h[?2026l[?2026h[?25l[A[1Gpulling manifest [K
pulling aeda25e63ebd:  42% ▕███████           ▏ 1.4 GB/3.3 GB  4.2 MB/s   7m35s[K[?25h[?2026l[?2026h[?25l[A[1Gpulling manifest [K
pulling aeda25e63ebd:  42% ▕███████           ▏ 1.4 GB/3.3 GB  4.2 MB/s   7m35s[K[?25h[?2026l[?2026h[?25l[A[1Gpulling manifest [K
pulling aeda25e63ebd:  42% ▕███████           ▏ 1.4 GB/3.3 GB  4.2 MB/s   7m35s[K[?25h[?2026l[?2026h[?25l[A[1Gpulling manifest [K
pulling aeda25e63ebd:  42% ▕███████           ▏ 1.4 GB/3.3 GB  4.2 MB/s   7m35s[K[?25h[?2026l[?2026h[?25l[A[1Gpulling manifest [K
pulling aeda25e63ebd:  42% ▕███████           ▏ 1.4 GB/3.3 GB  4.2 MB/s   7m35s[K[?25h[?2026l[?2026h[?25l[A[1Gpulling manifest [K
pulling aeda25e63ebd:  42% ▕███████           ▏ 1.4 GB/3.3 GB  4.2 MB/s   7m35s[K[?25h[?2026l[?2026h[?25l[A[1Gpulling manifest [K
pulling aeda25e63ebd:  42% ▕███████           ▏ 1.4 GB/3.3 GB  4.2 MB/s   7m35s[K[?25h[?2026l[?2026h[?25l[A[1Gpulling manifest [K
pulling aeda25e63ebd:  42% ▕███████           ▏ 1.4 GB/3.3 GB  4.2 MB/s   7m35s[K[?25h[?2026l[?2026h[?25l[A[1Gpulling manifest [K
pulling aeda25e63ebd:  42% ▕███████           ▏ 1.4 GB/3.3 GB  4.2 MB/s   7m35s[K[?25h[?2026l[?2026h[?25l[A[1Gpulling manifest [K
pulling aeda25e63ebd:  42% ▕███████           ▏ 1.4 GB/3.3 GB  4.2 MB/s   7m37s[K[?25h[?2026l[?2026h[?25l[A[1Gpulling manifest [K
pulling aeda25e63ebd:  42% ▕███████           ▏ 1.4 GB/3.3 GB  4.2 MB/s   7m37s[K[?25h[?2026l[?2026h[?25l[A[1Gpulling manifest [K
pulling aeda25e63ebd:  42% ▕███████           ▏ 1.4 GB/3.3 GB  4.2 MB/s   7m37s[K[?25h[?2026l[?2026h[?25l[A[1Gpulling manifest [K
pulling aeda25e63ebd:  42% ▕███████           ▏ 1.4 GB/3.3 GB  4.2 MB/s   7m37s[K[?25h[?2026l[?2026h[?25l[A[1Gpulling manifest [K
pulling aeda25e63ebd:  42% ▕███████           ▏ 1.4 GB/3.3 GB  4.2 MB/s   7m37s[K[?25h[?2026l[?2026h[?25l[A[1Gpulling manifest [K
pulling aeda25e63ebd:  42% ▕███████           ▏ 1.4 GB/3.3 GB  4.2 MB/s   7m36s[K[?25h[?2026l[?2026h[?25l[A[1Gpulling manifest [K
pulling aeda25e63ebd:  42% ▕███████           ▏ 1.4 GB/3.3 GB  4.2 MB/s   7m36s[K[?25h[?2026l[?2026h[?25l[A[1Gpulling manifest [K
pulling aeda25e63ebd:  42% ▕███████           ▏ 1.4 GB/3.3 GB  4.2 MB/s   7m36s[K[?25h[?2026l[?2026h[?25l[A[1Gpulling manifest [K
pulling aeda25e63ebd:  42% ▕███████           ▏ 1.4 GB/3.3 GB  4.2 MB/s   7m36s[K[?25h[?2026l[?2026h[?25l[A[1Gpulling manifest [K
pulling aeda25e63ebd:  42% ▕███████           ▏ 1.4 GB/3.3 GB  4.2 MB/s   7m36s[K[?25h[?2026l[?2026h[?25l[A[1Gpulling manifest [K
pulling aeda25e63ebd:  42% ▕███████           ▏ 1.4 GB/3.3 GB  4.1 MB/s   7m45s[K[?25h[?2026l[?2026h[?25l[A[1Gpulling manifest [K
pulling aeda25e63ebd:  42% ▕███████           ▏ 1.4 GB/3.3 GB  4.1 MB/s   7m45s[K[?25h[?2026l[?2026h[?25l[A[1Gpulling manifest [K
pulling aeda25e63ebd:  42% ▕███████           ▏ 1.4 GB/3.3 GB  4.1 MB/s   7m45s[K[?25h[?2026l[?2026h[?25l[A[1Gpulling manifest [K
pulling aeda25e63ebd:  42% ▕███████           ▏ 1.4 GB/3.3 GB  4.1 MB/s   7m45s[K[?25h[?2026l[?2026h[?25l[A[1Gpulling manifest [K
pulling aeda25e63ebd:  42% ▕███████           ▏ 1.4 GB/3.3 GB  4.1 MB/s   7m45s[K[?25h[?2026l[?2026h[?25l[A[1Gpulling manifest [K
pulling aeda25e63ebd:  42% ▕███████           ▏ 1.4 GB/3.3 GB  4.1 MB/s   7m45s[K[?25h[?2026l[?2026h[?25l[A[1Gpulling manifest [K
pulling aeda25e63ebd:  42% ▕███████           ▏ 1.4 GB/3.3 GB  4.1 MB/s   7m44s[K[?25h[?2026l[?2026h[?25l[A[1Gpulling manifest [K
pulling aeda25e63ebd:  42% ▕███████           ▏ 1.4 GB/3.3 GB  4.1 MB/s   7m44s[K[?25h[?2026l[?2026h[?25l[A[1Gpulling manifest [K
pulling aeda25e63ebd:  43% ▕███████           ▏ 1.4 GB/3.3 GB  4.1 MB/s   7m44s[K[?25h[?2026l[?2026h[?25l[A[1Gpulling manifest [K
pulling aeda25e63ebd:  43% ▕███████           ▏ 1.4 GB/3.3 GB  4.1 MB/s   7m44s[K[?25h[?2026l[?2026h[?25l[A[1Gpulling manifest [K
pulling aeda25e63ebd:  43% ▕███████           ▏ 1.4 GB/3.3 GB  4.1 MB/s   7m49s[K[?25h[?2026l[?2026h[?25l[A[1Gpulling manifest [K
pulling aeda25e63ebd:  43% ▕███████           ▏ 1.4 GB/3.3 GB  4.1 MB/s   7m49s[K[?25h[?2026l[?2026h[?25l[A[1Gpulling manifest [K
pulling aeda25e63ebd:  43% ▕███████           ▏ 1.4 GB/3.3 GB  4.1 MB/s   7m48s[K[?25h[?2026l[?2026h[?25l[A[1Gpulling manifest [K
pulling aeda25e63ebd:  43% ▕███████           ▏ 1.4 GB/3.3 GB  4.1 MB/s   7m48s[K[?25h[?2026l[?2026h[?25l[A[1Gpulling manifest [K
pulling aeda25e63ebd:  43% ▕███████           ▏ 1.4 GB/3.3 GB  4.1 MB/s   7m48s[K[?25h[?2026l[?2026h[?25l[A[1Gpulling manifest [K
pulling aeda25e63ebd:  43% ▕███████           ▏ 1.4 GB/3.3 GB  4.1 MB/s   7m48s[K[?25h[?2026l[?2026h[?25l[A[1Gpulling manifest [K
pulling aeda25e63ebd:  43% ▕███████           ▏ 1.4 GB/3.3 GB  4.1 MB/s   7m48s[K[?25h[?2026l[?2026h[?25l[A[1Gpulling manifest [K
pulling aeda25e63ebd:  43% ▕███████           ▏ 1.4 GB/3.3 GB  4.1 MB/s   7m48s[K[?25h[?2026l[?2026h[?25l[A[1Gpulling manifest [K
pulling aeda25e63ebd:  43% ▕███████           ▏ 1.4 GB/3.3 GB  4.1 MB/s   7m48s[K[?25h[?2026l[?2026h[?25l[A[1Gpulling manifest [K
pulling aeda25e63ebd:  43% ▕███████           ▏ 1.4 GB/3.3 GB  4.1 MB/s   7m48s[K[?25h[?2026l[?2026h[?25l[A[1Gpulling manifest [K
pulling aeda25e63ebd:  43% ▕███████           ▏ 1.4 GB/3.3 GB  4.2 MB/s   7m38s[K[?25h[?2026l[?2026h[?25l[A[1Gpulling manifest [K
pulling aeda25e63ebd:  43% ▕███████           ▏ 1.4 GB/3.3 GB  4.2 MB/s   7m38s[K[?25h[?2026l[?2026h[?25l[A[1Gpulling manifest [K
pulling aeda25e63ebd:  43% ▕███████           ▏ 1.4 GB/3.3 GB  4.2 MB/s   7m38s[K[?25h[?2026l[?2026h[?25l[A[1Gpulling manifest [K
pulling aeda25e63ebd:  43% ▕███████           ▏ 1.4 GB/3.3 GB  4.2 MB/s   7m38s[K[?25h[?2026l[?2026h[?25l[A[1Gpulling manifest [K
pulling aeda25e63ebd:  43% ▕███████           ▏ 1.4 GB/3.3 GB  4.2 MB/s   7m38s[K[?25h[?2026l[?2026h[?25l[A[1Gpulling manifest [K
pulling aeda25e63ebd:  43% ▕███████           ▏ 1.4 GB/3.3 GB  4.2 MB/s   7m38s[K[?25h[?2026l[?2026h[?25l[A[1Gpulling manifest [K
pulling aeda25e63ebd:  43% ▕███████           ▏ 1.4 GB/3.3 GB  4.2 MB/s   7m38s[K[?25h[?2026l[?2026h[?25l[A[1Gpulling manifest [K
pulling aeda25e63ebd:  43% ▕███████           ▏ 1.4 GB/3.3 GB  4.2 MB/s   7m38s[K[?25h[?2026l[?2026h[?25l[A[1Gpulling manifest [K
pulling aeda25e63ebd:  43% ▕███████           ▏ 1.4 GB/3.3 GB  4.2 MB/s   7m38s[K[?25h[?2026l[?2026h[?25l[A[1Gpulling manifest [K
pulling aeda25e63ebd:  43% ▕███████           ▏ 1.4 GB/3.3 GB  4.2 MB/s   7m37s[K[?25h[?2026l[?2026h[?25l[A[1Gpulling manifest [K
pulling aeda25e63ebd:  43% ▕███████           ▏ 1.4 GB/3.3 GB  4.2 MB/s   7m37s[K[?25h[?2026l[?2026h[?25l[A[1Gpulling manifest [K
pulling aeda25e63ebd:  43% ▕███████           ▏ 1.4 GB/3.3 GB  4.4 MB/s   7m13s[K[?25h[?2026l[?2026h[?25l[A[1Gpulling manifest [K
pulling aeda25e63ebd:  43% ▕███████           ▏ 1.4 GB/3.3 GB  4.4 MB/s   7m13s[K[?25h[?2026l[?2026h[?25l[A[1Gpulling manifest [K
pulling aeda25e63ebd:  43% ▕███████           ▏ 1.4 GB/3.3 GB  4.4 MB/s   7m13s[K[?25h[?2026l[?2026h[?25l[A[1Gpulling manifest [K
pulling aeda25e63ebd:  43% ▕███████           ▏ 1.4 GB/3.3 GB  4.4 MB/s   7m13s[K[?25h[?2026l[?2026h[?25l[A[1Gpulling manifest [K
pulling aeda25e63ebd:  43% ▕███████           ▏ 1.4 GB/3.3 GB  4.4 MB/s   7m12s[K[?25h[?2026l[?2026h[?25l[A[1Gpulling manifest [K
pulling aeda25e63ebd:  43% ▕███████           ▏ 1.4 GB/3.3 GB  4.4 MB/s   7m12s[K[?25h[?2026l[?2026h[?25l[A[1Gpulling manifest [K
pulling aeda25e63ebd:  43% ▕███████           ▏ 1.4 GB/3.3 GB  4.4 MB/s   7m12s[K[?25h[?2026l[?2026h[?25l[A[1Gpulling manifest [K
pulling aeda25e63ebd:  43% ▕███████           ▏ 1.4 GB/3.3 GB  4.4 MB/s   7m12s[K[?25h[?2026l[?2026h[?25l[A[1Gpulling manifest [K
pulling aeda25e63ebd:  43% ▕███████           ▏ 1.4 GB/3.3 GB  4.4 MB/s   7m12s[K[?25h[?2026l[?2026h[?25l[A[1Gpulling manifest [K
pulling aeda25e63ebd:  43% ▕███████           ▏ 1.4 GB/3.3 GB  4.4 MB/s   7m12s[K[?25h[?2026l[?2026h[?25l[A[1Gpulling manifest [K
pulling aeda25e63ebd:  43% ▕███████           ▏ 1.4 GB/3.3 GB  4.4 MB/s   7m13s[K[?25h[?2026l[?2026h[?25l[A[1Gpulling manifest [K
pulling aeda25e63ebd:  43% ▕███████           ▏ 1.4 GB/3.3 GB  4.4 MB/s   7m13s[K[?25h[?2026l[?2026h[?25l[A[1Gpulling manifest [K
pulling aeda25e63ebd:  43% ▕███████           ▏ 1.4 GB/3.3 GB  4.4 MB/s   7m13s[K[?25h[?2026l[?2026h[?25l[A[1Gpulling manifest [K
pulling aeda25e63ebd:  43% ▕███████           ▏ 1.4 GB/3.3 GB  4.4 MB/s   7m13s[K[?25h[?2026l[?2026h[?25l[A[1Gpulling manifest [K
pulling aeda25e63ebd:  43% ▕███████           ▏ 1.4 GB/3.3 GB  4.4 MB/s   7m13s[K[?25h[?2026l[?2026h[?25l[A[1Gpulling manifest [K
pulling aeda25e63ebd:  43% ▕███████           ▏ 1.4 GB/3.3 GB  4.4 MB/s   7m12s[K[?25h[?2026l[?2026h[?25l[A[1Gpulling manifest [K
pulling aeda25e63ebd:  43% ▕███████           ▏ 1.4 GB/3.3 GB  4.4 MB/s   7m12s[K[?25h[?2026l[?2026h[?25l[A[1Gpulling manifest [K
pulling aeda25e63ebd:  43% ▕███████           ▏ 1.4 GB/3.3 GB  4.4 MB/s   7m12s[K[?25h[?2026l[?2026h[?25l[A[1Gpulling manifest [K
pulling aeda25e63ebd:  43% ▕███████           ▏ 1.4 GB/3.3 GB  4.4 MB/s   7m12s[K[?25h[?2026l[?2026h[?25l[A[1Gpulling manifest [K
pulling aeda25e63ebd:  43% ▕███████           ▏ 1.4 GB/3.3 GB  4.4 MB/s   7m12s[K[?25h[?2026l[?2026h[?25l[A[1Gpulling manifest [K
pulling aeda25e63ebd:  43% ▕███████           ▏ 1.4 GB/3.3 GB  4.4 MB/s   7m12s[K[?25h[?2026l[?2026h[?25l[A[1Gpulling manifest [K
pulling aeda25e63ebd:  43% ▕███████           ▏ 1.4 GB/3.3 GB  4.4 MB/s   7m12s[K[?25h[?2026l[?2026h[?25l[A[1Gpulling manifest [K
pulling aeda25e63ebd:  43% ▕███████           ▏ 1.4 GB/3.3 GB  4.4 MB/s   7m12s[K[?25h[?2026l[?2026h[?25l[A[1Gpulling manifest [K
pulling aeda25e63ebd:  43% ▕███████           ▏ 1.4 GB/3.3 GB  4.4 MB/s   7m12s[K[?25h[?2026l[?2026h[?25l[A[1Gpulling manifest [K
pulling aeda25e63ebd:  43% ▕███████           ▏ 1.4 GB/3.3 GB  4.4 MB/s   7m12s[K[?25h[?2026l[?2026h[?25l[A[1Gpulling manifest [K
pulling aeda25e63ebd:  43% ▕███████           ▏ 1.4 GB/3.3 GB  4.4 MB/s   7m12s[K[?25h[?2026l[?2026h[?25l[A[1Gpulling manifest [K
pulling aeda25e63ebd:  43% ▕███████           ▏ 1.4 GB/3.3 GB  4.4 MB/s   7m12s[K[?25h[?2026l[?2026h[?25l[A[1Gpulling manifest [K
pulling aeda25e63ebd:  43% ▕███████           ▏ 1.4 GB/3.3 GB  4.4 MB/s   7m12s[K[?25h[?2026l[?2026h[?25l[A[1Gpulling manifest [K
pulling aeda25e63ebd:  43% ▕███████           ▏ 1.4 GB/3.3 GB  4.4 MB/s   7m12s[K[?25h[?2026l[?2026h[?25l[A[1Gpulling manifest [K
pulling aeda25e63ebd:  43% ▕███████           ▏ 1.4 GB/3.3 GB  4.4 MB/s   7m12s[K[?25h[?2026l[?2026h[?25l[A[1Gpulling manifest [K
pulling aeda25e63ebd:  43% ▕███████           ▏ 1.4 GB/3.3 GB  4.3 MB/s   7m18s[K[?25h[?2026l[?2026h[?25l[A[1Gpulling manifest [K
pulling aeda25e63ebd:  43% ▕███████           ▏ 1.4 GB/3.3 GB  4.3 MB/s   7m18s[K[?25h[?2026l[?2026h[?25l[A[1Gpulling manifest [K
pulling aeda25e63ebd:  43% ▕███████           ▏ 1.4 GB/3.3 GB  4.3 MB/s   7m18s[K[?25h[?2026l[?2026h[?25l[A[1Gpulling manifest [K
pulling aeda25e63ebd:  43% ▕███████           ▏ 1.4 GB/3.3 GB  4.3 MB/s   7m18s[K[?25h[?2026l[?2026h[?25l[A[1Gpulling manifest [K
pulling aeda25e63ebd:  43% ▕███████           ▏ 1.4 GB/3.3 GB  4.3 MB/s   7m18s[K[?25h[?2026l[?2026h[?25l[A[1Gpulling manifest [K
pulling aeda25e63ebd:  43% ▕███████           ▏ 1.4 GB/3.3 GB  4.3 MB/s   7m18s[K[?25h[?2026l[?2026h[?25l[A[1Gpulling manifest [K
pulling aeda25e63ebd:  43% ▕███████           ▏ 1.4 GB/3.3 GB  4.3 MB/s   7m18s[K[?25h[?2026l[?2026h[?25l[A[1Gpulling manifest [K
pulling aeda25e63ebd:  43% ▕███████           ▏ 1.4 GB/3.3 GB  4.3 MB/s   7m18s[K[?25h[?2026l[?2026h[?25l[A[1Gpulling manifest [K
pulling aeda25e63ebd:  43% ▕███████           ▏ 1.4 GB/3.3 GB  4.3 MB/s   7m18s[K[?25h[?2026l[?2026h[?25l[A[1Gpulling manifest [K
pulling aeda25e63ebd:  43% ▕███████           ▏ 1.4 GB/3.3 GB  4.3 MB/s   7m18s[K[?25h[?2026l[?2026h[?25l[A[1Gpulling manifest [K
pulling aeda25e63ebd:  43% ▕███████           ▏ 1.4 GB/3.3 GB  4.3 MB/s   7m25s[K[?25h[?2026l[?2026h[?25l[A[1Gpulling manifest [K
pulling aeda25e63ebd:  43% ▕███████           ▏ 1.4 GB/3.3 GB  4.3 MB/s   7m25s[K[?25h[?2026l[?2026h[?25l[A[1Gpulling manifest [K
pulling aeda25e63ebd:  43% ▕███████           ▏ 1.4 GB/3.3 GB  4.3 MB/s   7m25s[K[?25h[?2026l[?2026h[?25l[A[1Gpulling manifest [K
pulling aeda25e63ebd:  43% ▕███████           ▏ 1.4 GB/3.3 GB  4.3 MB/s   7m24s[K[?25h[?2026l[?2026h[?25l[A[1Gpulling manifest [K
pulling aeda25e63ebd:  43% ▕███████           ▏ 1.4 GB/3.3 GB  4.3 MB/s   7m24s[K[?25h[?2026l[?2026h[?25l[A[1Gpulling manifest [K
pulling aeda25e63ebd:  43% ▕███████           ▏ 1.4 GB/3.3 GB  4.3 MB/s   7m24s[K[?25h[?2026l[?2026h[?25l[A[1Gpulling manifest [K
pulling aeda25e63ebd:  43% ▕███████           ▏ 1.4 GB/3.3 GB  4.3 MB/s   7m24s[K[?25h[?2026l[?2026h[?25l[A[1Gpulling manifest [K
pulling aeda25e63ebd:  43% ▕███████           ▏ 1.4 GB/3.3 GB  4.3 MB/s   7m24s[K[?25h[?2026l[?2026h[?25l[A[1Gpulling manifest [K
pulling aeda25e63ebd:  43% ▕███████           ▏ 1.4 GB/3.3 GB  4.3 MB/s   7m24s[K[?25h[?2026l[?2026h[?25l[A[1Gpulling manifest [K
pulling aeda25e63ebd:  43% ▕███████           ▏ 1.5 GB/3.3 GB  4.3 MB/s   7m24s[K[?25h[?2026l[?2026h[?25l[A[1Gpulling manifest [K
pulling aeda25e63ebd:  43% ▕███████           ▏ 1.5 GB/3.3 GB  4.3 MB/s   7m24s[K[?25h[?2026l[?2026h[?25l[A[1Gpulling manifest [K
pulling aeda25e63ebd:  43% ▕███████           ▏ 1.5 GB/3.3 GB  4.3 MB/s   7m21s[K[?25h[?2026l[?2026h[?25l[A[1Gpulling manifest [K
pulling aeda25e63ebd:  43% ▕███████           ▏ 1.5 GB/3.3 GB  4.3 MB/s   7m21s[K[?25h[?2026l[?2026h[?25l[A[1Gpulling manifest [K
pulling aeda25e63ebd:  43% ▕███████           ▏ 1.5 GB/3.3 GB  4.3 MB/s   7m21s[K[?25h[?2026l[?2026h[?25l[A[1Gpulling manifest [K
pulling aeda25e63ebd:  43% ▕███████           ▏ 1.5 GB/3.3 GB  4.3 MB/s   7m21s[K[?25h[?2026l[?2026h[?25l[A[1Gpulling manifest [K
pulling aeda25e63ebd:  44% ▕███████           ▏ 1.5 GB/3.3 GB  4.3 MB/s   7m21s[K[?25h[?2026l[?2026h[?25l[A[1Gpulling manifest [K
pulling aeda25e63ebd:  44% ▕███████           ▏ 1.5 GB/3.3 GB  4.3 MB/s   7m21s[K[?25h[?2026l[?2026h[?25l[A[1Gpulling manifest [K
pulling aeda25e63ebd:  44% ▕███████           ▏ 1.5 GB/3.3 GB  4.3 MB/s   7m20s[K[?25h[?2026l[?2026h[?25l[A[1Gpulling manifest [K
pulling aeda25e63ebd:  44% ▕███████           ▏ 1.5 GB/3.3 GB  4.3 MB/s   7m20s[K[?25h[?2026l[?2026h[?25l[A[1Gpulling manifest [K
pulling aeda25e63ebd:  44% ▕███████           ▏ 1.5 GB/3.3 GB  4.3 MB/s   7m20s[K[?25h[?2026l[?2026h[?25l[A[1Gpulling manifest [K
pulling aeda25e63ebd:  44% ▕███████           ▏ 1.5 GB/3.3 GB  4.3 MB/s   7m20s[K[?25h[?2026l[?2026h[?25l[A[1Gpulling manifest [K
pulling aeda25e63ebd:  44% ▕███████           ▏ 1.5 GB/3.3 GB  4.3 MB/s   7m15s[K[?25h[?2026l[?2026h[?25l[A[1Gpulling manifest [K
pulling aeda25e63ebd:  44% ▕███████           ▏ 1.5 GB/3.3 GB  4.3 MB/s   7m15s[K[?25h[?2026l[?2026h[?25l[A[1Gpulling manifest [K
pulling aeda25e63ebd:  44% ▕███████           ▏ 1.5 GB/3.3 GB  4.3 MB/s   7m15s[K[?25h[?2026l[?2026h[?25l[A[1Gpulling manifest [K
pulling aeda25e63ebd:  44% ▕███████           ▏ 1.5 GB/3.3 GB  4.3 MB/s   7m14s[K[?25h[?2026l[?2026h[?25l[A[1Gpulling manifest [K
pulling aeda25e63ebd:  44% ▕███████           ▏ 1.5 GB/3.3 GB  4.3 MB/s   7m14s[K[?25h[?2026l[?2026h[?25l[A[1Gpulling manifest [K
pulling aeda25e63ebd:  44% ▕███████           ▏ 1.5 GB/3.3 GB  4.3 MB/s   7m14s[K[?25h[?2026l[?2026h[?25l[A[1Gpulling manifest [K
pulling aeda25e63ebd:  44% ▕███████           ▏ 1.5 GB/3.3 GB  4.3 MB/s   7m14s[K[?25h[?2026l[?2026h[?25l[A[1Gpulling manifest [K
pulling aeda25e63ebd:  44% ▕███████           ▏ 1.5 GB/3.3 GB  4.3 MB/s   7m14s[K[?25h[?2026l[?2026h[?25l[A[1Gpulling manifest [K
pulling aeda25e63ebd:  44% ▕███████           ▏ 1.5 GB/3.3 GB  4.3 MB/s   7m14s[K[?25h[?2026l[?2026h[?25l[A[1Gpulling manifest [K
pulling aeda25e63ebd:  44% ▕███████           ▏ 1.5 GB/3.3 GB  4.3 MB/s   7m14s[K[?25h[?2026l[?2026h[?25l[A[1Gpulling manifest [K
pulling aeda25e63ebd:  44% ▕███████           ▏ 1.5 GB/3.3 GB  4.2 MB/s   7m24s[K[?25h[?2026l[?2026h[?25l[A[1Gpulling manifest [K
pulling aeda25e63ebd:  44% ▕███████           ▏ 1.5 GB/3.3 GB  4.2 MB/s   7m23s[K[?25h[?2026l[?2026h[?25l[A[1Gpulling manifest [K
pulling aeda25e63ebd:  44% ▕███████           ▏ 1.5 GB/3.3 GB  4.2 MB/s   7m23s[K[?25h[?2026l[?2026h[?25l[A[1Gpulling manifest [K
pulling aeda25e63ebd:  44% ▕███████           ▏ 1.5 GB/3.3 GB  4.2 MB/s   7m23s[K[?25h[?2026l[?2026h[?25l[A[1Gpulling manifest [K
pulling aeda25e63ebd:  44% ▕███████           ▏ 1.5 GB/3.3 GB  4.2 MB/s   7m23s[K[?25h[?2026l[?2026h[?25l[A[1Gpulling manifest [K
pulling aeda25e63ebd:  44% ▕███████           ▏ 1.5 GB/3.3 GB  4.2 MB/s   7m23s[K[?25h[?2026l[?2026h[?25l[A[1Gpulling manifest [K
pulling aeda25e63ebd:  44% ▕███████           ▏ 1.5 GB/3.3 GB  4.2 MB/s   7m23s[K[?25h[?2026l[?2026h[?25l[A[1Gpulling manifest [K
pulling aeda25e63ebd:  44% ▕███████           ▏ 1.5 GB/3.3 GB  4.2 MB/s   7m23s[K[?25h[?2026l[?2026h[?25l[A[1Gpulling manifest [K
pulling aeda25e63ebd:  44% ▕███████           ▏ 1.5 GB/3.3 GB  4.2 MB/s   7m23s[K[?25h[?2026l[?2026h[?25l[A[1Gpulling manifest [K
pulling aeda25e63ebd:  44% ▕███████           ▏ 1.5 GB/3.3 GB  4.2 MB/s   7m23s[K[?25h[?2026l[?2026h[?25l[A[1Gpulling manifest [K
pulling aeda25e63ebd:  44% ▕███████           ▏ 1.5 GB/3.3 GB  4.2 MB/s   7m30s[K[?25h[?2026l[?2026h[?25l[A[1Gpulling manifest [K
pulling aeda25e63ebd:  44% ▕███████           ▏ 1.5 GB/3.3 GB  4.2 MB/s   7m30s[K[?25h[?2026l[?2026h[?25l[A[1Gpulling manifest [K
pulling aeda25e63ebd:  44% ▕███████           ▏ 1.5 GB/3.3 GB  4.2 MB/s   7m30s[K[?25h[?2026l[?2026h[?25l[A[1Gpulling manifest [K
pulling aeda25e63ebd:  44% ▕███████           ▏ 1.5 GB/3.3 GB  4.2 MB/s   7m30s[K[?25h[?2026l[?2026h[?25l[A[1Gpulling manifest [K
pulling aeda25e63ebd:  44% ▕███████           ▏ 1.5 GB/3.3 GB  4.2 MB/s   7m30s[K[?25h[?2026l[?2026h[?25l[A[1Gpulling manifest [K
pulling aeda25e63ebd:  44% ▕███████           ▏ 1.5 GB/3.3 GB  4.2 MB/s   7m30s[K[?25h[?2026l[?2026h[?25l[A[1Gpulling manifest [K
pulling aeda25e63ebd:  44% ▕███████           ▏ 1.5 GB/3.3 GB  4.2 MB/s   7m30s[K[?25h[?2026l[?2026h[?25l[A[1Gpulling manifest [K
pulling aeda25e63ebd:  44% ▕███████           ▏ 1.5 GB/3.3 GB  4.2 MB/s   7m29s[K[?25h[?2026l[?2026h[?25l[A[1Gpulling manifest [K
pulling aeda25e63ebd:  44% ▕███████           ▏ 1.5 GB/3.3 GB  4.2 MB/s   7m29s[K[?25h[?2026l[?2026h[?25l[A[1Gpulling manifest [K
pulling aeda25e63ebd:  44% ▕███████           ▏ 1.5 GB/3.3 GB  4.2 MB/s   7m29s[K[?25h[?2026l[?2026h[?25l[A[1Gpulling manifest [K
pulling aeda25e63ebd:  44% ▕███████           ▏ 1.5 GB/3.3 GB  4.1 MB/s   7m35s[K[?25h[?2026l[?2026h[?25l[A[1Gpulling manifest [K
pulling aeda25e63ebd:  44% ▕███████           ▏ 1.5 GB/3.3 GB  4.1 MB/s   7m35s[K[?25h[?2026l[?2026h[?25l[A[1Gpulling manifest [K
pulling aeda25e63ebd:  44% ▕███████           ▏ 1.5 GB/3.3 GB  4.1 MB/s   7m35s[K[?25h[?2026l[?2026h[?25l[A[1Gpulling manifest [K
pulling aeda25e63ebd:  44% ▕███████           ▏ 1.5 GB/3.3 GB  4.1 MB/s   7m35s[K[?25h[?2026l[?2026h[?25l[A[1Gpulling manifest [K
pulling aeda25e63ebd:  44% ▕███████           ▏ 1.5 GB/3.3 GB  4.1 MB/s   7m35s[K[?25h[?2026l[?2026h[?25l[A[1Gpulling manifest [K
pulling aeda25e63ebd:  44% ▕███████           ▏ 1.5 GB/3.3 GB  4.1 MB/s   7m35s[K[?25h[?2026l[?2026h[?25l[A[1Gpulling manifest [K
pulling aeda25e63ebd:  44% ▕███████           ▏ 1.5 GB/3.3 GB  4.1 MB/s   7m35s[K[?25h[?2026l[?2026h[?25l[A[1Gpulling manifest [K
pulling aeda25e63ebd:  44% ▕███████           ▏ 1.5 GB/3.3 GB  4.1 MB/s   7m35s[K[?25h[?2026l[?2026h[?25l[A[1Gpulling manifest [K
pulling aeda25e63ebd:  44% ▕███████           ▏ 1.5 GB/3.3 GB  4.1 MB/s   7m34s[K[?25h[?2026l[?2026h[?25l[A[1Gpulling manifest [K
pulling aeda25e63ebd:  44% ▕███████           ▏ 1.5 GB/3.3 GB  4.1 MB/s   7m34s[K[?25h[?2026l[?2026h[?25l[A[1Gpulling manifest [K
pulling aeda25e63ebd:  44% ▕███████           ▏ 1.5 GB/3.3 GB  4.1 MB/s   7m34s[K[?25h[?2026l[?2026h[?25l[A[1Gpulling manifest [K
pulling aeda25e63ebd:  44% ▕███████           ▏ 1.5 GB/3.3 GB  4.0 MB/s   7m41s[K[?25h[?2026l[?2026h[?25l[A[1Gpulling manifest [K
pulling aeda25e63ebd:  44% ▕███████           ▏ 1.5 GB/3.3 GB  4.0 MB/s   7m41s[K[?25h[?2026l[?2026h[?25l[A[1Gpulling manifest [K
pulling aeda25e63ebd:  44% ▕███████           ▏ 1.5 GB/3.3 GB  4.0 MB/s   7m41s[K[?25h[?2026l[?2026h[?25l[A[1Gpulling manifest [K
pulling aeda25e63ebd:  44% ▕███████           ▏ 1.5 GB/3.3 GB  4.0 MB/s   7m41s[K[?25h[?2026l[?2026h[?25l[A[1Gpulling manifest [K
pulling aeda25e63ebd:  44% ▕███████           ▏ 1.5 GB/3.3 GB  4.0 MB/s   7m41s[K[?25h[?2026l[?2026h[?25l[A[1Gpulling manifest [K
pulling aeda25e63ebd:  44% ▕███████           ▏ 1.5 GB/3.3 GB  4.0 MB/s   7m41s[K[?25h[?2026l[?2026h[?25l[A[1Gpulling manifest [K
pulling aeda25e63ebd:  44% ▕███████           ▏ 1.5 GB/3.3 GB  4.0 MB/s   7m41s[K[?25h[?2026l[?2026h[?25l[A[1Gpulling manifest [K
pulling aeda25e63ebd:  44% ▕███████           ▏ 1.5 GB/3.3 GB  4.0 MB/s   7m40s[K[?25h[?2026l[?2026h[?25l[A[1Gpulling manifest [K
pulling aeda25e63ebd:  44% ▕███████           ▏ 1.5 GB/3.3 GB  4.0 MB/s   7m40s[K[?25h[?2026l[?2026h[?25l[A[1Gpulling manifest [K
pulling aeda25e63ebd:  44% ▕███████           ▏ 1.5 GB/3.3 GB  4.0 MB/s   7m40s[K[?25h[?2026l[?2026h[?25l[A[1Gpulling manifest [K
pulling aeda25e63ebd:  44% ▕███████           ▏ 1.5 GB/3.3 GB  4.1 MB/s   7m38s[K[?25h[?2026l[?2026h[?25l[A[1Gpulling manifest [K
pulling aeda25e63ebd:  44% ▕███████           ▏ 1.5 GB/3.3 GB  4.1 MB/s   7m38s[K[?25h[?2026l[?2026h[?25l[A[1Gpulling manifest [K
pulling aeda25e63ebd:  44% ▕███████           ▏ 1.5 GB/3.3 GB  4.1 MB/s   7m38s[K[?25h[?2026l[?2026h[?25l[A[1Gpulling manifest [K
pulling aeda25e63ebd:  44% ▕███████           ▏ 1.5 GB/3.3 GB  4.1 MB/s   7m38s[K[?25h[?2026l[?2026h[?25l[A[1Gpulling manifest [K
pulling aeda25e63ebd:  44% ▕███████           ▏ 1.5 GB/3.3 GB  4.1 MB/s   7m38s[K[?25h[?2026l[?2026h[?25l[A[1Gpulling manifest [K
pulling aeda25e63ebd:  44% ▕███████           ▏ 1.5 GB/3.3 GB  4.1 MB/s   7m38s[K[?25h[?2026l[?2026h[?25l[A[1Gpulling manifest [K
pulling aeda25e63ebd:  44% ▕███████           ▏ 1.5 GB/3.3 GB  4.1 MB/s   7m38s[K[?25h[?2026l[?2026h[?25l[A[1Gpulling manifest [K
pulling aeda25e63ebd:  44% ▕███████           ▏ 1.5 GB/3.3 GB  4.1 MB/s   7m38s[K[?25h[?2026l[?2026h[?25l[A[1Gpulling manifest [K
pulling aeda25e63ebd:  44% ▕███████           ▏ 1.5 GB/3.3 GB  4.1 MB/s   7m37s[K[?25h[?2026l[?2026h[?25l[A[1Gpulling manifest [K
pulling aeda25e63ebd:  44% ▕███████           ▏ 1.5 GB/3.3 GB  4.1 MB/s   7m37s[K[?25h[?2026l[?2026h[?25l[A[1Gpulling manifest [K
pulling aeda25e63ebd:  44% ▕███████           ▏ 1.5 GB/3.3 GB  4.1 MB/s   7m33s[K[?25h[?2026l[?2026h[?25l[A[1Gpulling manifest [K
pulling aeda25e63ebd:  44% ▕███████           ▏ 1.5 GB/3.3 GB  4.1 MB/s   7m33s[K[?25h[?2026l[?2026h[?25l[A[1Gpulling manifest [K
pulling aeda25e63ebd:  44% ▕███████           ▏ 1.5 GB/3.3 GB  4.1 MB/s   7m33s[K[?25h[?2026l[?2026h[?25l[A[1Gpulling manifest [K
pulling aeda25e63ebd:  44% ▕███████           ▏ 1.5 GB/3.3 GB  4.1 MB/s   7m32s[K[?25h[?2026l[?2026h[?25l[A[1Gpulling manifest [K
pulling aeda25e63ebd:  44% ▕███████           ▏ 1.5 GB/3.3 GB  4.1 MB/s   7m32s[K[?25h[?2026l[?2026h[?25l[A[1Gpulling manifest [K
pulling aeda25e63ebd:  44% ▕███████           ▏ 1.5 GB/3.3 GB  4.1 MB/s   7m32s[K[?25h[?2026l[?2026h[?25l[A[1Gpulling manifest [K
pulling aeda25e63ebd:  44% ▕███████           ▏ 1.5 GB/3.3 GB  4.1 MB/s   7m32s[K[?25h[?2026l[?2026h[?25l[A[1Gpulling manifest [K
pulling aeda25e63ebd:  44% ▕███████           ▏ 1.5 GB/3.3 GB  4.1 MB/s   7m32s[K[?25h[?2026l[?2026h[?25l[A[1Gpulling manifest [K
pulling aeda25e63ebd:  44% ▕███████           ▏ 1.5 GB/3.3 GB  4.1 MB/s   7m32s[K[?25h[?2026l[?2026h[?25l[A[1Gpulling manifest [K
pulling aeda25e63ebd:  44% ▕███████           ▏ 1.5 GB/3.3 GB  4.1 MB/s   7m32s[K[?25h[?2026l[?2026h[?25l[A[1Gpulling manifest [K
pulling aeda25e63ebd:  44% ▕███████           ▏ 1.5 GB/3.3 GB  4.1 MB/s   7m27s[K[?25h[?2026l[?2026h[?25l[A[1Gpulling manifest [K
pulling aeda25e63ebd:  44% ▕███████           ▏ 1.5 GB/3.3 GB  4.1 MB/s   7m27s[K[?25h[?2026l[?2026h[?25l[A[1Gpulling manifest [K
pulling aeda25e63ebd:  44% ▕████████          ▏ 1.5 GB/3.3 GB  4.1 MB/s   7m27s[K[?25h[?2026l[?2026h[?25l[A[1Gpulling manifest [K
pulling aeda25e63ebd:  44% ▕████████          ▏ 1.5 GB/3.3 GB  4.1 MB/s   7m26s[K[?25h[?2026l[?2026h[?25l[A[1Gpulling manifest [K
pulling aeda25e63ebd:  44% ▕████████          ▏ 1.5 GB/3.3 GB  4.1 MB/s   7m26s[K[?25h[?2026l[?2026h[?25l[A[1Gpulling manifest [K
pulling aeda25e63ebd:  44% ▕████████          ▏ 1.5 GB/3.3 GB  4.1 MB/s   7m26s[K[?25h[?2026l[?2026h[?25l[A[1Gpulling manifest [K
pulling aeda25e63ebd:  44% ▕████████          ▏ 1.5 GB/3.3 GB  4.1 MB/s   7m26s[K[?25h[?2026l[?2026h[?25l[A[1Gpulling manifest [K
pulling aeda25e63ebd:  45% ▕████████          ▏ 1.5 GB/3.3 GB  4.1 MB/s   7m26s[K[?25h[?2026l[?2026h[?25l[A[1Gpulling manifest [K
pulling aeda25e63ebd:  45% ▕████████          ▏ 1.5 GB/3.3 GB  4.1 MB/s   7m26s[K[?25h[?2026l[?2026h[?25l[A[1Gpulling manifest [K
pulling aeda25e63ebd:  45% ▕████████          ▏ 1.5 GB/3.3 GB  4.1 MB/s   7m26s[K[?25h[?2026l[?2026h[?25l[A[1Gpulling manifest [K
pulling aeda25e63ebd:  45% ▕████████          ▏ 1.5 GB/3.3 GB  4.0 MB/s   7m38s[K[?25h[?2026l[?2026h[?25l[A[1Gpulling manifest [K
pulling aeda25e63ebd:  45% ▕████████          ▏ 1.5 GB/3.3 GB  4.0 MB/s   7m38s[K[?25h[?2026l[?2026h[?25l[A[1Gpulling manifest [K
pulling aeda25e63ebd:  45% ▕████████          ▏ 1.5 GB/3.3 GB  4.0 MB/s   7m38s[K[?25h[?2026l[?2026h[?25l[A[1Gpulling manifest [K
pulling aeda25e63ebd:  45% ▕████████          ▏ 1.5 GB/3.3 GB  4.0 MB/s   7m38s[K[?25h[?2026l[?2026h[?25l[A[1Gpulling manifest [K
pulling aeda25e63ebd:  45% ▕████████          ▏ 1.5 GB/3.3 GB  4.0 MB/s   7m38s[K[?25h[?2026l[?2026h[?25l[A[1Gpulling manifest [K
pulling aeda25e63ebd:  45% ▕████████          ▏ 1.5 GB/3.3 GB  4.0 MB/s   7m38s[K[?25h[?2026l[?2026h[?25l[A[1Gpulling manifest [K
pulling aeda25e63ebd:  45% ▕████████          ▏ 1.5 GB/3.3 GB  4.0 MB/s   7m38s[K[?25h[?2026l[?2026h[?25l[A[1Gpulling manifest [K
pulling aeda25e63ebd:  45% ▕████████          ▏ 1.5 GB/3.3 GB  4.0 MB/s   7m37s[K[?25h[?2026l[?2026h[?25l[A[1Gpulling manifest [K
pulling aeda25e63ebd:  45% ▕████████          ▏ 1.5 GB/3.3 GB  4.0 MB/s   7m37s[K[?25h[?2026l[?2026h[?25l[A[1Gpulling manifest [K
pulling aeda25e63ebd:  45% ▕████████          ▏ 1.5 GB/3.3 GB  4.0 MB/s   7m37s[K[?25h[?2026l[?2026h[?25l[A[1Gpulling manifest [K
pulling aeda25e63ebd:  45% ▕████████          ▏ 1.5 GB/3.3 GB  4.0 MB/s   7m37s[K[?25h[?2026l[?2026h[?25l[A[1Gpulling manifest [K
pulling aeda25e63ebd:  45% ▕████████          ▏ 1.5 GB/3.3 GB  3.9 MB/s   7m48s[K[?25h[?2026l[?2026h[?25l[A[1Gpulling manifest [K
pulling aeda25e63ebd:  45% ▕████████          ▏ 1.5 GB/3.3 GB  3.9 MB/s   7m48s[K[?25h[?2026l[?2026h[?25l[A[1Gpulling manifest [K
pulling aeda25e63ebd:  45% ▕████████          ▏ 1.5 GB/3.3 GB  3.9 MB/s   7m47s[K[?25h[?2026l[?2026h[?25l[A[1Gpulling manifest [K
pulling aeda25e63ebd:  45% ▕████████          ▏ 1.5 GB/3.3 GB  3.9 MB/s   7m47s[K[?25h[?2026l[?2026h[?25l[A[1Gpulling manifest [K
pulling aeda25e63ebd:  45% ▕████████          ▏ 1.5 GB/3.3 GB  3.9 MB/s   7m47s[K[?25h[?2026l[?2026h[?25l[A[1Gpulling manifest [K
pulling aeda25e63ebd:  45% ▕████████          ▏ 1.5 GB/3.3 GB  3.9 MB/s   7m47s[K[?25h[?2026l[?2026h[?25l[A[1Gpulling manifest [K
pulling aeda25e63ebd:  45% ▕████████          ▏ 1.5 GB/3.3 GB  3.9 MB/s   7m47s[K[?25h[?2026l[?2026h[?25l[A[1Gpulling manifest [K
pulling aeda25e63ebd:  45% ▕████████          ▏ 1.5 GB/3.3 GB  3.9 MB/s   7m47s[K[?25h[?2026l[?2026h[?25l[A[1Gpulling manifest [K
pulling aeda25e63ebd:  45% ▕████████          ▏ 1.5 GB/3.3 GB  3.9 MB/s   7m47s[K[?25h[?2026l[?2026h[?25l[A[1Gpulling manifest [K
pulling aeda25e63ebd:  45% ▕████████          ▏ 1.5 GB/3.3 GB  3.9 MB/s   7m47s[K[?25h[?2026l[?2026h[?25l[A[1Gpulling manifest [K
pulling aeda25e63ebd:  45% ▕████████          ▏ 1.5 GB/3.3 GB  4.0 MB/s   7m40s[K[?25h[?2026l[?2026h[?25l[A[1Gpulling manifest [K
pulling aeda25e63ebd:  45% ▕████████          ▏ 1.5 GB/3.3 GB  4.0 MB/s   7m40s[K[?25h[?2026l[?2026h[?25l[A[1Gpulling manifest [K
pulling aeda25e63ebd:  45% ▕████████          ▏ 1.5 GB/3.3 GB  4.0 MB/s   7m40s[K[?25h[?2026l[?2026h[?25l[A[1Gpulling manifest [K
pulling aeda25e63ebd:  45% ▕████████          ▏ 1.5 GB/3.3 GB  4.0 MB/s   7m39s[K[?25h[?2026l[?2026h[?25l[A[1Gpulling manifest [K
pulling aeda25e63ebd:  45% ▕████████          ▏ 1.5 GB/3.3 GB  4.0 MB/s   7m39s[K[?25h[?2026l[?2026h[?25l[A[1Gpulling manifest [K
pulling aeda25e63ebd:  45% ▕████████          ▏ 1.5 GB/3.3 GB  4.0 MB/s   7m39s[K[?25h[?2026l[?2026h[?25l[A[1Gpulling manifest [K
pulling aeda25e63ebd:  45% ▕████████          ▏ 1.5 GB/3.3 GB  4.0 MB/s   7m39s[K[?25h[?2026l[?2026h[?25l[A[1Gpulling manifest [K
pulling aeda25e63ebd:  45% ▕████████          ▏ 1.5 GB/3.3 GB  4.0 MB/s   7m39s[K[?25h[?2026l[?2026h[?25l[A[1Gpulling manifest [K
pulling aeda25e63ebd:  45% ▕████████          ▏ 1.5 GB/3.3 GB  4.0 MB/s   7m39s[K[?25h[?2026l[?2026h[?25l[A[1Gpulling manifest [K
pulling aeda25e63ebd:  45% ▕████████          ▏ 1.5 GB/3.3 GB  4.0 MB/s   7m39s[K[?25h[?2026l[?2026h[?25l[A[1Gpulling manifest [K
pulling aeda25e63ebd:  45% ▕████████          ▏ 1.5 GB/3.3 GB  3.9 MB/s   7m48s[K[?25h[?2026l[?2026h[?25l[A[1Gpulling manifest [K
pulling aeda25e63ebd:  45% ▕████████          ▏ 1.5 GB/3.3 GB  3.9 MB/s   7m48s[K[?25h[?2026l[?2026h[?25l[A[1Gpulling manifest [K
pulling aeda25e63ebd:  45% ▕████████          ▏ 1.5 GB/3.3 GB  3.9 MB/s   7m47s[K[?25h[?2026l[?2026h[?25l[A[1Gpulling manifest [K
pulling aeda25e63ebd:  45% ▕████████          ▏ 1.5 GB/3.3 GB  3.9 MB/s   7m47s[K[?25h[?2026l[?2026h[?25l[A[1Gpulling manifest [K
pulling aeda25e63ebd:  45% ▕████████          ▏ 1.5 GB/3.3 GB  3.9 MB/s   7m47s[K[?25h[?2026l[?2026h[?25l[A[1Gpulling manifest [K
pulling aeda25e63ebd:  45% ▕████████          ▏ 1.5 GB/3.3 GB  3.9 MB/s   7m47s[K[?25h[?2026l[?2026h[?25l[A[1Gpulling manifest [K
pulling aeda25e63ebd:  45% ▕████████          ▏ 1.5 GB/3.3 GB  3.9 MB/s   7m47s[K[?25h[?2026l[?2026h[?25l[A[1Gpulling manifest [K
pulling aeda25e63ebd:  45% ▕████████          ▏ 1.5 GB/3.3 GB  3.9 MB/s   7m47s[K[?25h[?2026l[?2026h[?25l[A[1Gpulling manifest [K
pulling aeda25e63ebd:  45% ▕████████          ▏ 1.5 GB/3.3 GB  3.9 MB/s   7m47s[K[?25h[?2026l[?2026h[?25l[A[1Gpulling manifest [K
pulling aeda25e63ebd:  45% ▕████████          ▏ 1.5 GB/3.3 GB  3.9 MB/s   7m47s[K[?25h[?2026l[?2026h[?25l[A[1Gpulling manifest [K
pulling aeda25e63ebd:  45% ▕████████          ▏ 1.5 GB/3.3 GB  3.9 MB/s   7m55s[K[?25h[?2026l[?2026h[?25l[A[1Gpulling manifest [K
pulling aeda25e63ebd:  45% ▕████████          ▏ 1.5 GB/3.3 GB  3.9 MB/s   7m55s[K[?25h[?2026l[?2026h[?25l[A[1Gpulling manifest [K
pulling aeda25e63ebd:  45% ▕████████          ▏ 1.5 GB/3.3 GB  3.9 MB/s   7m55s[K[?25h[?2026l[?2026h[?25l[A[1Gpulling manifest [K
pulling aeda25e63ebd:  45% ▕████████          ▏ 1.5 GB/3.3 GB  3.9 MB/s   7m54s[K[?25h[?2026l[?2026h[?25l[A[1Gpulling manifest [K
pulling aeda25e63ebd:  45% ▕████████          ▏ 1.5 GB/3.3 GB  3.9 MB/s   7m54s[K[?25h[?2026l[?2026h[?25l[A[1Gpulling manifest [K
pulling aeda25e63ebd:  45% ▕████████          ▏ 1.5 GB/3.3 GB  3.9 MB/s   7m54s[K[?25h[?2026l[?2026h[?25l[A[1Gpulling manifest [K
pulling aeda25e63ebd:  45% ▕████████          ▏ 1.5 GB/3.3 GB  3.9 MB/s   7m54s[K[?25h[?2026l[?2026h[?25l[A[1Gpulling manifest [K
pulling aeda25e63ebd:  45% ▕████████          ▏ 1.5 GB/3.3 GB  3.9 MB/s   7m54s[K[?25h[?2026l[?2026h[?25l[A[1Gpulling manifest [K
pulling aeda25e63ebd:  45% ▕████████          ▏ 1.5 GB/3.3 GB  3.9 MB/s   7m54s[K[?25h[?2026l[?2026h[?25l[A[1Gpulling manifest [K
pulling aeda25e63ebd:  45% ▕████████          ▏ 1.5 GB/3.3 GB  3.9 MB/s   7m54s[K[?25h[?2026l[?2026h[?25l[A[1Gpulling manifest [K
pulling aeda25e63ebd:  45% ▕████████          ▏ 1.5 GB/3.3 GB  3.8 MB/s   7m58s[K[?25h[?2026l[?2026h[?25l[A[1Gpulling manifest [K
pulling aeda25e63ebd:  45% ▕████████          ▏ 1.5 GB/3.3 GB  3.8 MB/s   7m58s[K[?25h[?2026l[?2026h[?25l[A[1Gpulling manifest [K
pulling aeda25e63ebd:  45% ▕████████          ▏ 1.5 GB/3.3 GB  3.8 MB/s   7m58s[K[?25h[?2026l[?2026h[?25l[A[1Gpulling manifest [K
pulling aeda25e63ebd:  45% ▕████████          ▏ 1.5 GB/3.3 GB  3.8 MB/s   7m58s[K[?25h[?2026l[?2026h[?25l[A[1Gpulling manifest [K
pulling aeda25e63ebd:  45% ▕████████          ▏ 1.5 GB/3.3 GB  3.8 MB/s   7m58s[K[?25h[?2026l[?2026h[?25l[A[1Gpulling manifest [K
pulling aeda25e63ebd:  45% ▕████████          ▏ 1.5 GB/3.3 GB  3.8 MB/s   7m58s[K[?25h[?2026l[?2026h[?25l[A[1Gpulling manifest [K
pulling aeda25e63ebd:  45% ▕████████          ▏ 1.5 GB/3.3 GB  3.8 MB/s   7m58s[K[?25h[?2026l[?2026h[?25l[A[1Gpulling manifest [K
pulling aeda25e63ebd:  45% ▕████████          ▏ 1.5 GB/3.3 GB  3.8 MB/s   7m57s[K[?25h[?2026l[?2026h[?25l[A[1Gpulling manifest [K
pulling aeda25e63ebd:  45% ▕████████          ▏ 1.5 GB/3.3 GB  3.8 MB/s   7m57s[K[?25h[?2026l[?2026h[?25l[A[1Gpulling manifest [K
pulling aeda25e63ebd:  45% ▕████████          ▏ 1.5 GB/3.3 GB  3.8 MB/s   7m57s[K[?25h[?2026l[?2026h[?25l[A[1Gpulling manifest [K
pulling aeda25e63ebd:  45% ▕████████          ▏ 1.5 GB/3.3 GB  3.8 MB/s   7m57s[K[?25h[?2026l[?2026h[?25l[A[1Gpulling manifest [K
pulling aeda25e63ebd:  45% ▕████████          ▏ 1.5 GB/3.3 GB  3.8 MB/s    8m2s[K[?25h[?2026l[?2026h[?25l[A[1Gpulling manifest [K
pulling aeda25e63ebd:  45% ▕████████          ▏ 1.5 GB/3.3 GB  3.8 MB/s    8m2s[K[?25h[?2026l[?2026h[?25l[A[1Gpulling manifest [K
pulling aeda25e63ebd:  45% ▕████████          ▏ 1.5 GB/3.3 GB  3.8 MB/s    8m2s[K[?25h[?2026l[?2026h[?25l[A[1Gpulling manifest [K
pulling aeda25e63ebd:  45% ▕████████          ▏ 1.5 GB/3.3 GB  3.8 MB/s    8m2s[K[?25h[?2026l[?2026h[?25l[A[1Gpulling manifest [K
pulling aeda25e63ebd:  45% ▕████████          ▏ 1.5 GB/3.3 GB  3.8 MB/s    8m2s[K[?25h[?2026l[?2026h[?25l[A[1Gpulling manifest [K
pulling aeda25e63ebd:  45% ▕████████          ▏ 1.5 GB/3.3 GB  3.8 MB/s    8m2s[K[?25h[?2026l[?2026h[?25l[A[1Gpulling manifest [K
pulling aeda25e63ebd:  45% ▕████████          ▏ 1.5 GB/3.3 GB  3.8 MB/s    8m2s[K[?25h[?2026l[?2026h[?25l[A[1Gpulling manifest [K
pulling aeda25e63ebd:  45% ▕████████          ▏ 1.5 GB/3.3 GB  3.8 MB/s    8m2s[K[?25h[?2026l[?2026h[?25l[A[1Gpulling manifest [K
pulling aeda25e63ebd:  45% ▕████████          ▏ 1.5 GB/3.3 GB  3.8 MB/s    8m2s[K[?25h[?2026l[?2026h[?25l[A[1Gpulling manifest [K
pulling aeda25e63ebd:  45% ▕████████          ▏ 1.5 GB/3.3 GB  3.8 MB/s    8m1s[K[?25h[?2026l[?2026h[?25l[A[1Gpulling manifest [K
pulling aeda25e63ebd:  45% ▕████████          ▏ 1.5 GB/3.3 GB  3.8 MB/s   7m58s[K[?25h[?2026l[?2026h[?25l[A[1Gpulling manifest [K
pulling aeda25e63ebd:  45% ▕████████          ▏ 1.5 GB/3.3 GB  3.8 MB/s   7m58s[K[?25h[?2026l[?2026h[?25l[A[1Gpulling manifest [K
pulling aeda25e63ebd:  45% ▕████████          ▏ 1.5 GB/3.3 GB  3.8 MB/s   7m58s[K[?25h[?2026l[?2026h[?25l[A[1Gpulling manifest [K
pulling aeda25e63ebd:  45% ▕████████          ▏ 1.5 GB/3.3 GB  3.8 MB/s   7m58s[K[?25h[?2026l[?2026h[?25l[A[1Gpulling manifest [K
pulling aeda25e63ebd:  45% ▕████████          ▏ 1.5 GB/3.3 GB  3.8 MB/s   7m57s[K[?25h[?2026l[?2026h[?25l[A[1Gpulling manifest [K
pulling aeda25e63ebd:  45% ▕████████          ▏ 1.5 GB/3.3 GB  3.8 MB/s   7m57s[K[?25h[?2026l[?2026h[?25l[A[1Gpulling manifest [K
pulling aeda25e63ebd:  45% ▕████████          ▏ 1.5 GB/3.3 GB  3.8 MB/s   7m57s[K[?25h[?2026l[?2026h[?25l[A[1Gpulling manifest [K
pulling aeda25e63ebd:  45% ▕████████          ▏ 1.5 GB/3.3 GB  3.8 MB/s   7m57s[K[?25h[?2026l[?2026h[?25l[A[1Gpulling manifest [K
pulling aeda25e63ebd:  45% ▕████████          ▏ 1.5 GB/3.3 GB  3.8 MB/s   7m57s[K[?25h[?2026l[?2026h[?25l[A[1Gpulling manifest [K
pulling aeda25e63ebd:  45% ▕████████          ▏ 1.5 GB/3.3 GB  3.8 MB/s   7m57s[K[?25h[?2026l[?2026h[?25l[A[1Gpulling manifest [K
pulling aeda25e63ebd:  45% ▕████████          ▏ 1.5 GB/3.3 GB  3.9 MB/s   7m49s[K[?25h[?2026l[?2026h[?25l[A[1Gpulling manifest [K
pulling aeda25e63ebd:  45% ▕████████          ▏ 1.5 GB/3.3 GB  3.9 MB/s   7m49s[K[?25h[?2026l[?2026h[?25l[A[1Gpulling manifest [K
pulling aeda25e63ebd:  46% ▕████████          ▏ 1.5 GB/3.3 GB  3.9 MB/s   7m49s[K[?25h[?2026l[?2026h[?25l[A[1Gpulling manifest [K
pulling aeda25e63ebd:  46% ▕████████          ▏ 1.5 GB/3.3 GB  3.9 MB/s   7m49s[K[?25h[?2026l[?2026h[?25l[A[1Gpulling manifest [K
pulling aeda25e63ebd:  46% ▕████████          ▏ 1.5 GB/3.3 GB  3.9 MB/s   7m48s[K[?25h[?2026l[?2026h[?25l[A[1Gpulling manifest [K
pulling aeda25e63ebd:  46% ▕████████          ▏ 1.5 GB/3.3 GB  3.9 MB/s   7m48s[K[?25h[?2026l[?2026h[?25l[A[1Gpulling manifest [K
pulling aeda25e63ebd:  46% ▕████████          ▏ 1.5 GB/3.3 GB  3.9 MB/s   7m48s[K[?25h[?2026l[?2026h[?25l[A[1Gpulling manifest [K
pulling aeda25e63ebd:  46% ▕████████          ▏ 1.5 GB/3.3 GB  3.9 MB/s   7m48s[K[?25h[?2026l[?2026h[?25l[A[1Gpulling manifest [K
pulling aeda25e63ebd:  46% ▕████████          ▏ 1.5 GB/3.3 GB  3.9 MB/s   7m48s[K[?25h[?2026l[?2026h[?25l[A[1Gpulling manifest [K
pulling aeda25e63ebd:  46% ▕████████          ▏ 1.5 GB/3.3 GB  3.9 MB/s   7m48s[K[?25h[?2026l[?2026h[?25l[A[1Gpulling manifest [K
pulling aeda25e63ebd:  46% ▕████████          ▏ 1.5 GB/3.3 GB  4.0 MB/s   7m36s[K[?25h[?2026l[?2026h[?25l[A[1Gpulling manifest [K
pulling aeda25e63ebd:  46% ▕████████          ▏ 1.5 GB/3.3 GB  4.0 MB/s   7m36s[K[?25h[?2026l[?2026h[?25l[A[1Gpulling manifest [K
pulling aeda25e63ebd:  46% ▕████████          ▏ 1.5 GB/3.3 GB  4.0 MB/s   7m36s[K[?25h[?2026l[?2026h[?25l[A[1Gpulling manifest [K
pulling aeda25e63ebd:  46% ▕████████          ▏ 1.5 GB/3.3 GB  4.0 MB/s   7m36s[K[?25h[?2026l[?2026h[?25l[A[1Gpulling manifest [K
pulling aeda25e63ebd:  46% ▕████████          ▏ 1.5 GB/3.3 GB  4.0 MB/s   7m36s[K[?25h[?2026l[?2026h[?25l[A[1Gpulling manifest [K
pulling aeda25e63ebd:  46% ▕████████          ▏ 1.5 GB/3.3 GB  4.0 MB/s   7m36s[K[?25h[?2026l[?2026h[?25l[A[1Gpulling manifest [K
pulling aeda25e63ebd:  46% ▕████████          ▏ 1.5 GB/3.3 GB  4.0 MB/s   7m36s[K[?25h[?2026l[?2026h[?25l[A[1Gpulling manifest [K
pulling aeda25e63ebd:  46% ▕████████          ▏ 1.5 GB/3.3 GB  4.0 MB/s   7m36s[K[?25h[?2026l[?2026h[?25l[A[1Gpulling manifest [K
pulling aeda25e63ebd:  46% ▕████████          ▏ 1.5 GB/3.3 GB  4.0 MB/s   7m36s[K[?25h[?2026l[?2026h[?25l[A[1Gpulling manifest [K
pulling aeda25e63ebd:  46% ▕████████          ▏ 1.5 GB/3.3 GB  4.0 MB/s   7m35s[K[?25h[?2026l[?2026h[?25l[A[1Gpulling manifest [K
pulling aeda25e63ebd:  46% ▕████████          ▏ 1.5 GB/3.3 GB  4.0 MB/s   7m32s[K[?25h[?2026l[?2026h[?25l[A[1Gpulling manifest [K
pulling aeda25e63ebd:  46% ▕████████          ▏ 1.5 GB/3.3 GB  4.0 MB/s   7m32s[K[?25h[?2026l[?2026h[?25l[A[1Gpulling manifest [K
pulling aeda25e63ebd:  46% ▕████████          ▏ 1.5 GB/3.3 GB  4.0 MB/s   7m32s[K[?25h[?2026l[?2026h[?25l[A[1Gpulling manifest [K
pulling aeda25e63ebd:  46% ▕████████          ▏ 1.5 GB/3.3 GB  4.0 MB/s   7m32s[K[?25h[?2026l[?2026h[?25l[A[1Gpulling manifest [K
pulling aeda25e63ebd:  46% ▕████████          ▏ 1.5 GB/3.3 GB  4.0 MB/s   7m32s[K[?25h[?2026l[?2026h[?25l[A[1Gpulling manifest [K
pulling aeda25e63ebd:  46% ▕████████          ▏ 1.5 GB/3.3 GB  4.0 MB/s   7m32s[K[?25h[?2026l[?2026h[?25l[A[1Gpulling manifest [K
pulling aeda25e63ebd:  46% ▕████████          ▏ 1.5 GB/3.3 GB  4.0 MB/s   7m32s[K[?25h[?2026l[?2026h[?25l[A[1Gpulling manifest [K
pulling aeda25e63ebd:  46% ▕████████          ▏ 1.5 GB/3.3 GB  4.0 MB/s   7m31s[K[?25h[?2026l[?2026h[?25l[A[1Gpulling manifest [K
pulling aeda25e63ebd:  46% ▕████████          ▏ 1.5 GB/3.3 GB  4.0 MB/s   7m31s[K[?25h[?2026l[?2026h[?25l[A[1Gpulling manifest [K
pulling aeda25e63ebd:  46% ▕████████          ▏ 1.5 GB/3.3 GB  4.0 MB/s   7m31s[K[?25h[?2026l[?2026h[?25l[A[1Gpulling manifest [K
pulling aeda25e63ebd:  46% ▕████████          ▏ 1.5 GB/3.3 GB  4.0 MB/s   7m31s[K[?25h[?2026l[?2026h[?25l[A[1Gpulling manifest [K
pulling aeda25e63ebd:  46% ▕████████          ▏ 1.5 GB/3.3 GB  4.1 MB/s   7m25s[K[?25h[?2026l[?2026h[?25l[A[1Gpulling manifest [K
pulling aeda25e63ebd:  46% ▕████████          ▏ 1.5 GB/3.3 GB  4.1 MB/s   7m25s[K[?25h[?2026l[?2026h[?25l[A[1Gpulling manifest [K
pulling aeda25e63ebd:  46% ▕████████          ▏ 1.5 GB/3.3 GB  4.1 MB/s   7m25s[K[?25h[?2026l[?2026h[?25l[A[1Gpulling manifest [K
pulling aeda25e63ebd:  46% ▕████████          ▏ 1.5 GB/3.3 GB  4.1 MB/s   7m25s[K[?25h[?2026l[?2026h[?25l[A[1Gpulling manifest [K
pulling aeda25e63ebd:  46% ▕████████          ▏ 1.5 GB/3.3 GB  4.1 MB/s   7m25s[K[?25h[?2026l[?2026h[?25l[A[1Gpulling manifest [K
pulling aeda25e63ebd:  46% ▕████████          ▏ 1.5 GB/3.3 GB  4.1 MB/s   7m25s[K[?25h[?2026l[?2026h[?25l[A[1Gpulling manifest [K
pulling aeda25e63ebd:  46% ▕████████          ▏ 1.5 GB/3.3 GB  4.1 MB/s   7m25s[K[?25h[?2026l[?2026h[?25l[A[1Gpulling manifest [K
pulling aeda25e63ebd:  46% ▕████████          ▏ 1.5 GB/3.3 GB  4.1 MB/s   7m25s[K[?25h[?2026l[?2026h[?25l[A[1Gpulling manifest [K
pulling aeda25e63ebd:  46% ▕████████          ▏ 1.5 GB/3.3 GB  4.1 MB/s   7m25s[K[?25h[?2026l[?2026h[?25l[A[1Gpulling manifest [K
pulling aeda25e63ebd:  46% ▕████████          ▏ 1.5 GB/3.3 GB  4.1 MB/s   7m24s[K[?25h[?2026l[?2026h[?25l[A[1Gpulling manifest [K
pulling aeda25e63ebd:  46% ▕████████          ▏ 1.5 GB/3.3 GB  4.1 MB/s   7m22s[K[?25h[?2026l[?2026h[?25l[A[1Gpulling manifest [K
pulling aeda25e63ebd:  46% ▕████████          ▏ 1.5 GB/3.3 GB  4.1 MB/s   7m22s[K[?25h[?2026l[?2026h[?25l[A[1Gpulling manifest [K
pulling aeda25e63ebd:  46% ▕████████          ▏ 1.5 GB/3.3 GB  4.1 MB/s   7m22s[K[?25h[?2026l[?2026h[?25l[A[1Gpulling manifest [K
pulling aeda25e63ebd:  46% ▕████████          ▏ 1.5 GB/3.3 GB  4.1 MB/s   7m22s[K[?25h[?2026l[?2026h[?25l[A[1Gpulling manifest [K
pulling aeda25e63ebd:  46% ▕████████          ▏ 1.5 GB/3.3 GB  4.1 MB/s   7m22s[K[?25h[?2026l[?2026h[?25l[A[1Gpulling manifest [K
pulling aeda25e63ebd:  46% ▕████████          ▏ 1.5 GB/3.3 GB  4.1 MB/s   7m22s[K[?25h[?2026l[?2026h[?25l[A[1Gpulling manifest [K
pulling aeda25e63ebd:  46% ▕████████          ▏ 1.5 GB/3.3 GB  4.1 MB/s   7m22s[K[?25h[?2026l[?2026h[?25l[A[1Gpulling manifest [K
pulling aeda25e63ebd:  46% ▕████████          ▏ 1.5 GB/3.3 GB  4.1 MB/s   7m21s[K[?25h[?2026l[?2026h[?25l[A[1Gpulling manifest [K
pulling aeda25e63ebd:  46% ▕████████          ▏ 1.5 GB/3.3 GB  4.1 MB/s   7m21s[K[?25h[?2026l[?2026h[?25l[A[1Gpulling manifest [K
pulling aeda25e63ebd:  46% ▕████████          ▏ 1.5 GB/3.3 GB  4.1 MB/s   7m21s[K[?25h[?2026l[?2026h[?25l[A[1Gpulling manifest [K
pulling aeda25e63ebd:  46% ▕████████          ▏ 1.5 GB/3.3 GB  4.1 MB/s   7m18s[K[?25h[?2026l[?2026h[?25l[A[1Gpulling manifest [K
pulling aeda25e63ebd:  46% ▕████████          ▏ 1.5 GB/3.3 GB  4.1 MB/s   7m18s[K[?25h[?2026l[?2026h[?25l[A[1Gpulling manifest [K
pulling aeda25e63ebd:  46% ▕████████          ▏ 1.5 GB/3.3 GB  4.1 MB/s   7m18s[K[?25h[?2026l[?2026h[?25l[A[1Gpulling manifest [K
pulling aeda25e63ebd:  46% ▕████████          ▏ 1.5 GB/3.3 GB  4.1 MB/s   7m18s[K[?25h[?2026l[?2026h[?25l[A[1Gpulling manifest [K
pulling aeda25e63ebd:  46% ▕████████          ▏ 1.5 GB/3.3 GB  4.1 MB/s   7m17s[K[?25h[?2026l[?2026h[?25l[A[1Gpulling manifest [K
pulling aeda25e63ebd:  46% ▕████████          ▏ 1.5 GB/3.3 GB  4.1 MB/s   7m17s[K[?25h[?2026l[?2026h[?25l[A[1Gpulling manifest [K
pulling aeda25e63ebd:  46% ▕████████          ▏ 1.5 GB/3.3 GB  4.1 MB/s   7m17s[K[?25h[?2026l[?2026h[?25l[A[1Gpulling manifest [K
pulling aeda25e63ebd:  46% ▕████████          ▏ 1.5 GB/3.3 GB  4.1 MB/s   7m17s[K[?25h[?2026l[?2026h[?25l[A[1Gpulling manifest [K
pulling aeda25e63ebd:  46% ▕████████          ▏ 1.5 GB/3.3 GB  4.1 MB/s   7m17s[K[?25h[?2026l[?2026h[?25l[A[1Gpulling manifest [K
pulling aeda25e63ebd:  46% ▕████████          ▏ 1.5 GB/3.3 GB  4.1 MB/s   7m17s[K[?25h[?2026l[?2026h[?25l[A[1Gpulling manifest [K
pulling aeda25e63ebd:  46% ▕████████          ▏ 1.5 GB/3.3 GB  4.2 MB/s    7m3s[K[?25h[?2026l[?2026h[?25l[A[1Gpulling manifest [K
pulling aeda25e63ebd:  46% ▕████████          ▏ 1.5 GB/3.3 GB  4.2 MB/s    7m3s[K[?25h[?2026l[?2026h[?25l[A[1Gpulling manifest [K
pulling aeda25e63ebd:  46% ▕████████          ▏ 1.5 GB/3.3 GB  4.2 MB/s    7m3s[K[?25h[?2026l[?2026h[?25l[A[1Gpulling manifest [K
pulling aeda25e63ebd:  46% ▕████████          ▏ 1.5 GB/3.3 GB  4.2 MB/s    7m3s[K[?25h[?2026l[?2026h[?25l[A[1Gpulling manifest [K
pulling aeda25e63ebd:  46% ▕████████          ▏ 1.5 GB/3.3 GB  4.2 MB/s    7m3s[K[?25h[?2026l[?2026h[?25l[A[1Gpulling manifest [K
pulling aeda25e63ebd:  46% ▕████████          ▏ 1.5 GB/3.3 GB  4.2 MB/s    7m3s[K[?25h[?2026l[?2026h[?25l[A[1Gpulling manifest [K
pulling aeda25e63ebd:  46% ▕████████          ▏ 1.5 GB/3.3 GB  4.2 MB/s    7m3s[K[?25h[?2026l[?2026h[?25l[A[1Gpulling manifest [K
pulling aeda25e63ebd:  46% ▕████████          ▏ 1.5 GB/3.3 GB  4.2 MB/s    7m3s[K[?25h[?2026l[?2026h[?25l[A[1Gpulling manifest [K
pulling aeda25e63ebd:  46% ▕████████          ▏ 1.5 GB/3.3 GB  4.2 MB/s    7m3s[K[?25h[?2026l[?2026h[?25l[A[1Gpulling manifest [K
pulling aeda25e63ebd:  46% ▕████████          ▏ 1.5 GB/3.3 GB  4.2 MB/s    7m3s[K[?25h[?2026l[?2026h[?25l[A[1Gpulling manifest [K
pulling aeda25e63ebd:  46% ▕████████          ▏ 1.5 GB/3.3 GB  4.3 MB/s   6m59s[K[?25h[?2026l[?2026h[?25l[A[1Gpulling manifest [K
pulling aeda25e63ebd:  46% ▕████████          ▏ 1.5 GB/3.3 GB  4.3 MB/s   6m59s[K[?25h[?2026l[?2026h[?25l[A[1Gpulling manifest [K
pulling aeda25e63ebd:  46% ▕████████          ▏ 1.5 GB/3.3 GB  4.3 MB/s   6m59s[K[?25h[?2026l[?2026h[?25l[A[1Gpulling manifest [K
pulling aeda25e63ebd:  46% ▕████████          ▏ 1.5 GB/3.3 GB  4.3 MB/s   6m59s[K[?25h[?2026l[?2026h[?25l[A[1Gpulling manifest [K
pulling aeda25e63ebd:  46% ▕████████          ▏ 1.5 GB/3.3 GB  4.3 MB/s   6m59s[K[?25h[?2026l[?2026h[?25l[A[1Gpulling manifest [K
pulling aeda25e63ebd:  46% ▕████████          ▏ 1.6 GB/3.3 GB  4.3 MB/s   6m59s[K[?25h[?2026l[?2026h[?25l[A[1Gpulling manifest [K
pulling aeda25e63ebd:  46% ▕████████          ▏ 1.6 GB/3.3 GB  4.3 MB/s   6m59s[K[?25h[?2026l[?2026h[?25l[A[1Gpulling manifest [K
pulling aeda25e63ebd:  46% ▕████████          ▏ 1.6 GB/3.3 GB  4.3 MB/s   6m59s[K[?25h[?2026l[?2026h[?25l[A[1Gpulling manifest [K
pulling aeda25e63ebd:  46% ▕████████          ▏ 1.6 GB/3.3 GB  4.3 MB/s   6m59s[K[?25h[?2026l[?2026h[?25l[A[1Gpulling manifest [K
pulling aeda25e63ebd:  46% ▕████████          ▏ 1.6 GB/3.3 GB  4.3 MB/s   6m59s[K[?25h[?2026l[?2026h[?25l[A[1Gpulling manifest [K
pulling aeda25e63ebd:  46% ▕████████          ▏ 1.6 GB/3.3 GB  4.3 MB/s   6m58s[K[?25h[?2026l[?2026h[?25l[A[1Gpulling manifest [K
pulling aeda25e63ebd:  46% ▕████████          ▏ 1.6 GB/3.3 GB  4.3 MB/s   6m59s[K[?25h[?2026l[?2026h[?25l[A[1Gpulling manifest [K
pulling aeda25e63ebd:  47% ▕████████          ▏ 1.6 GB/3.3 GB  4.3 MB/s   6m59s[K[?25h[?2026l[?2026h[?25l[A[1Gpulling manifest [K
pulling aeda25e63ebd:  47% ▕████████          ▏ 1.6 GB/3.3 GB  4.3 MB/s   6m59s[K[?25h[?2026l[?2026h[?25l[A[1Gpulling manifest [K
pulling aeda25e63ebd:  47% ▕████████          ▏ 1.6 GB/3.3 GB  4.3 MB/s   6m59s[K[?25h[?2026l[?2026h[?25l[A[1Gpulling manifest [K
pulling aeda25e63ebd:  47% ▕████████          ▏ 1.6 GB/3.3 GB  4.3 MB/s   6m59s[K[?25h[?2026l[?2026h[?25l[A[1Gpulling manifest [K
pulling aeda25e63ebd:  47% ▕████████          ▏ 1.6 GB/3.3 GB  4.3 MB/s   6m58s[K[?25h[?2026l[?2026h[?25l[A[1Gpulling manifest [K
pulling aeda25e63ebd:  47% ▕████████          ▏ 1.6 GB/3.3 GB  4.3 MB/s   6m58s[K[?25h[?2026l[?2026h[?25l[A[1Gpulling manifest [K
pulling aeda25e63ebd:  47% ▕████████          ▏ 1.6 GB/3.3 GB  4.3 MB/s   6m58s[K[?25h[?2026l[?2026h[?25l[A[1Gpulling manifest [K
pulling aeda25e63ebd:  47% ▕████████          ▏ 1.6 GB/3.3 GB  4.3 MB/s   6m58s[K[?25h[?2026l[?2026h[?25l[A[1Gpulling manifest [K
pulling aeda25e63ebd:  47% ▕████████          ▏ 1.6 GB/3.3 GB  4.3 MB/s   6m58s[K[?25h[?2026l[?2026h[?25l[A[1Gpulling manifest [K
pulling aeda25e63ebd:  47% ▕████████          ▏ 1.6 GB/3.3 GB  4.3 MB/s   6m57s[K[?25h[?2026l[?2026h[?25l[A[1Gpulling manifest [K
pulling aeda25e63ebd:  47% ▕████████          ▏ 1.6 GB/3.3 GB  4.3 MB/s   6m57s[K[?25h[?2026l[?2026h[?25l[A[1Gpulling manifest [K
pulling aeda25e63ebd:  47% ▕████████          ▏ 1.6 GB/3.3 GB  4.3 MB/s   6m57s[K[?25h[?2026l[?2026h[?25l[A[1Gpulling manifest [K
pulling aeda25e63ebd:  47% ▕████████          ▏ 1.6 GB/3.3 GB  4.3 MB/s   6m57s[K[?25h[?2026l[?2026h[?25l[A[1Gpulling manifest [K
pulling aeda25e63ebd:  47% ▕████████          ▏ 1.6 GB/3.3 GB  4.3 MB/s   6m57s[K[?25h[?2026l[?2026h[?25l[A[1Gpulling manifest [K
pulling aeda25e63ebd:  47% ▕████████          ▏ 1.6 GB/3.3 GB  4.3 MB/s   6m57s[K[?25h[?2026l[?2026h[?25l[A[1Gpulling manifest [K
pulling aeda25e63ebd:  47% ▕████████          ▏ 1.6 GB/3.3 GB  4.3 MB/s   6m56s[K[?25h[?2026l[?2026h[?25l[A[1Gpulling manifest [K
pulling aeda25e63ebd:  47% ▕████████          ▏ 1.6 GB/3.3 GB  4.3 MB/s   6m56s[K[?25h[?2026l[?2026h[?25l[A[1Gpulling manifest [K
pulling aeda25e63ebd:  47% ▕████████          ▏ 1.6 GB/3.3 GB  4.3 MB/s   6m56s[K[?25h[?2026l[?2026h[?25l[A[1Gpulling manifest [K
pulling aeda25e63ebd:  47% ▕████████          ▏ 1.6 GB/3.3 GB  4.3 MB/s   6m56s[K[?25h[?2026l[?2026h[?25l[A[1Gpulling manifest [K
pulling aeda25e63ebd:  47% ▕████████          ▏ 1.6 GB/3.3 GB  4.3 MB/s   6m54s[K[?25h[?2026l[?2026h[?25l[A[1Gpulling manifest [K
pulling aeda25e63ebd:  47% ▕████████          ▏ 1.6 GB/3.3 GB  4.3 MB/s   6m54s[K[?25h[?2026l[?2026h[?25l[A[1Gpulling manifest [K
pulling aeda25e63ebd:  47% ▕████████          ▏ 1.6 GB/3.3 GB  4.3 MB/s   6m54s[K[?25h[?2026l[?2026h[?25l[A[1Gpulling manifest [K
pulling aeda25e63ebd:  47% ▕████████          ▏ 1.6 GB/3.3 GB  4.3 MB/s   6m53s[K[?25h[?2026l[?2026h[?25l[A[1Gpulling manifest [K
pulling aeda25e63ebd:  47% ▕████████          ▏ 1.6 GB/3.3 GB  4.3 MB/s   6m53s[K[?25h[?2026l[?2026h[?25l[A[1Gpulling manifest [K
pulling aeda25e63ebd:  47% ▕████████          ▏ 1.6 GB/3.3 GB  4.3 MB/s   6m53s[K[?25h[?2026l[?2026h[?25l[A[1Gpulling manifest [K
pulling aeda25e63ebd:  47% ▕████████          ▏ 1.6 GB/3.3 GB  4.3 MB/s   6m53s[K[?25h[?2026l[?2026h[?25l[A[1Gpulling manifest [K
pulling aeda25e63ebd:  47% ▕████████          ▏ 1.6 GB/3.3 GB  4.3 MB/s   6m53s[K[?25h[?2026l[?2026h[?25l[A[1Gpulling manifest [K
pulling aeda25e63ebd:  47% ▕████████          ▏ 1.6 GB/3.3 GB  4.3 MB/s   6m53s[K[?25h[?2026l[?2026h[?25l[A[1Gpulling manifest [K
pulling aeda25e63ebd:  47% ▕████████          ▏ 1.6 GB/3.3 GB  4.3 MB/s   6m53s[K[?25h[?2026l[?2026h[?25l[A[1Gpulling manifest [K
pulling aeda25e63ebd:  47% ▕████████          ▏ 1.6 GB/3.3 GB  4.4 MB/s   6m46s[K[?25h[?2026l[?2026h[?25l[A[1Gpulling manifest [K
pulling aeda25e63ebd:  47% ▕████████          ▏ 1.6 GB/3.3 GB  4.4 MB/s   6m46s[K[?25h[?2026l[?2026h[?25l[A[1Gpulling manifest [K
pulling aeda25e63ebd:  47% ▕████████          ▏ 1.6 GB/3.3 GB  4.4 MB/s   6m46s[K[?25h[?2026l[?2026h[?25l[A[1Gpulling manifest [K
pulling aeda25e63ebd:  47% ▕████████          ▏ 1.6 GB/3.3 GB  4.4 MB/s   6m46s[K[?25h[?2026l[?2026h[?25l[A[1Gpulling manifest [K
pulling aeda25e63ebd:  47% ▕████████          ▏ 1.6 GB/3.3 GB  4.4 MB/s   6m46s[K[?25h[?2026l[?2026h[?25l[A[1Gpulling manifest [K
pulling aeda25e63ebd:  47% ▕████████          ▏ 1.6 GB/3.3 GB  4.4 MB/s   6m46s[K[?25h[?2026l[?2026h[?25l[A[1Gpulling manifest [K
pulling aeda25e63ebd:  47% ▕████████          ▏ 1.6 GB/3.3 GB  4.4 MB/s   6m46s[K[?25h[?2026l[?2026h[?25l[A[1Gpulling manifest [K
pulling aeda25e63ebd:  47% ▕████████          ▏ 1.6 GB/3.3 GB  4.4 MB/s   6m45s[K[?25h[?2026l[?2026h[?25l[A[1Gpulling manifest [K
pulling aeda25e63ebd:  47% ▕████████          ▏ 1.6 GB/3.3 GB  4.4 MB/s   6m45s[K[?25h[?2026l[?2026h[?25l[A[1Gpulling manifest [K
pulling aeda25e63ebd:  47% ▕████████          ▏ 1.6 GB/3.3 GB  4.4 MB/s   6m45s[K[?25h[?2026l[?2026h[?25l[A[1Gpulling manifest [K
pulling aeda25e63ebd:  47% ▕████████          ▏ 1.6 GB/3.3 GB  4.4 MB/s   6m43s[K[?25h[?2026l[?2026h[?25l[A[1Gpulling manifest [K
pulling aeda25e63ebd:  47% ▕████████          ▏ 1.6 GB/3.3 GB  4.4 MB/s   6m43s[K[?25h[?2026l[?2026h[?25l[A[1Gpulling manifest [K
pulling aeda25e63ebd:  47% ▕████████          ▏ 1.6 GB/3.3 GB  4.4 MB/s   6m43s[K[?25h[?2026l[?2026h[?25l[A[1Gpulling manifest [K
pulling aeda25e63ebd:  47% ▕████████          ▏ 1.6 GB/3.3 GB  4.4 MB/s   6m43s[K[?25h[?2026l[?2026h[?25l[A[1Gpulling manifest [K
pulling aeda25e63ebd:  47% ▕████████          ▏ 1.6 GB/3.3 GB  4.4 MB/s   6m43s[K[?25h[?2026l[?2026h[?25l[A[1Gpulling manifest [K
pulling aeda25e63ebd:  47% ▕████████          ▏ 1.6 GB/3.3 GB  4.4 MB/s   6m43s[K[?25h[?2026l[?2026h[?25l[A[1Gpulling manifest [K
pulling aeda25e63ebd:  47% ▕████████          ▏ 1.6 GB/3.3 GB  4.4 MB/s   6m42s[K[?25h[?2026l[?2026h[?25l[A[1Gpulling manifest [K
pulling aeda25e63ebd:  47% ▕████████          ▏ 1.6 GB/3.3 GB  4.4 MB/s   6m42s[K[?25h[?2026l[?2026h[?25l[A[1Gpulling manifest [K
pulling aeda25e63ebd:  47% ▕████████          ▏ 1.6 GB/3.3 GB  4.4 MB/s   6m42s[K[?25h[?2026l[?2026h[?25l[A[1Gpulling manifest [K
pulling aeda25e63ebd:  47% ▕████████          ▏ 1.6 GB/3.3 GB  4.4 MB/s   6m42s[K[?25h[?2026l[?2026h[?25l[A[1Gpulling manifest [K
pulling aeda25e63ebd:  47% ▕████████          ▏ 1.6 GB/3.3 GB  4.4 MB/s   6m42s[K[?25h[?2026l[?2026h[?25l[A[1Gpulling manifest [K
pulling aeda25e63ebd:  47% ▕████████          ▏ 1.6 GB/3.3 GB  4.5 MB/s   6m35s[K[?25h[?2026l[?2026h[?25l[A[1Gpulling manifest [K
pulling aeda25e63ebd:  47% ▕████████          ▏ 1.6 GB/3.3 GB  4.5 MB/s   6m35s[K[?25h[?2026l[?2026h[?25l[A[1Gpulling manifest [K
pulling aeda25e63ebd:  47% ▕████████          ▏ 1.6 GB/3.3 GB  4.5 MB/s   6m35s[K[?25h[?2026l[?2026h[?25l[A[1Gpulling manifest [K
pulling aeda25e63ebd:  47% ▕████████          ▏ 1.6 GB/3.3 GB  4.5 MB/s   6m35s[K[?25h[?2026l[?2026h[?25l[A[1Gpulling manifest [K
pulling aeda25e63ebd:  47% ▕████████          ▏ 1.6 GB/3.3 GB  4.5 MB/s   6m35s[K[?25h[?2026l[?2026h[?25l[A[1Gpulling manifest [K
pulling aeda25e63ebd:  47% ▕████████          ▏ 1.6 GB/3.3 GB  4.5 MB/s   6m35s[K[?25h[?2026l[?2026h[?25l[A[1Gpulling manifest [K
pulling aeda25e63ebd:  47% ▕████████          ▏ 1.6 GB/3.3 GB  4.5 MB/s   6m34s[K[?25h[?2026l[?2026h[?25l[A[1Gpulling manifest [K
pulling aeda25e63ebd:  47% ▕████████          ▏ 1.6 GB/3.3 GB  4.5 MB/s   6m34s[K[?25h[?2026l[?2026h[?25l[A[1Gpulling manifest [K
pulling aeda25e63ebd:  47% ▕████████          ▏ 1.6 GB/3.3 GB  4.5 MB/s   6m34s[K[?25h[?2026l[?2026h[?25l[A[1Gpulling manifest [K
pulling aeda25e63ebd:  47% ▕████████          ▏ 1.6 GB/3.3 GB  4.5 MB/s   6m34s[K[?25h[?2026l[?2026h[?25l[A[1Gpulling manifest [K
pulling aeda25e63ebd:  47% ▕████████          ▏ 1.6 GB/3.3 GB  4.5 MB/s   6m33s[K[?25h[?2026l[?2026h[?25l[A[1Gpulling manifest [K
pulling aeda25e63ebd:  47% ▕████████          ▏ 1.6 GB/3.3 GB  4.5 MB/s   6m33s[K[?25h[?2026l[?2026h[?25l[A[1Gpulling manifest [K
pulling aeda25e63ebd:  47% ▕████████          ▏ 1.6 GB/3.3 GB  4.5 MB/s   6m32s[K[?25h[?2026l[?2026h[?25l[A[1Gpulling manifest [K
pulling aeda25e63ebd:  47% ▕████████          ▏ 1.6 GB/3.3 GB  4.5 MB/s   6m32s[K[?25h[?2026l[?2026h[?25l[A[1Gpulling manifest [K
pulling aeda25e63ebd:  47% ▕████████          ▏ 1.6 GB/3.3 GB  4.5 MB/s   6m32s[K[?25h[?2026l[?2026h[?25l[A[1Gpulling manifest [K
pulling aeda25e63ebd:  47% ▕████████          ▏ 1.6 GB/3.3 GB  4.5 MB/s   6m32s[K[?25h[?2026l[?2026h[?25l[A[1Gpulling manifest [K
pulling aeda25e63ebd:  47% ▕████████          ▏ 1.6 GB/3.3 GB  4.5 MB/s   6m32s[K[?25h[?2026l[?2026h[?25l[A[1Gpulling manifest [K
pulling aeda25e63ebd:  47% ▕████████          ▏ 1.6 GB/3.3 GB  4.5 MB/s   6m32s[K[?25h[?2026l[?2026h[?25l[A[1Gpulling manifest [K
pulling aeda25e63ebd:  47% ▕████████          ▏ 1.6 GB/3.3 GB  4.5 MB/s   6m32s[K[?25h[?2026l[?2026h[?25l[A[1Gpulling manifest [K
pulling aeda25e63ebd:  47% ▕████████          ▏ 1.6 GB/3.3 GB  4.5 MB/s   6m32s[K[?25h[?2026l[?2026h[?25l[A[1Gpulling manifest [K
pulling aeda25e63ebd:  47% ▕████████          ▏ 1.6 GB/3.3 GB  4.4 MB/s   6m35s[K[?25h[?2026l[?2026h[?25l[A[1Gpulling manifest [K
pulling aeda25e63ebd:  47% ▕████████          ▏ 1.6 GB/3.3 GB  4.4 MB/s   6m35s[K[?25h[?2026l[?2026h[?25l[A[1Gpulling manifest [K
pulling aeda25e63ebd:  47% ▕████████          ▏ 1.6 GB/3.3 GB  4.4 MB/s   6m35s[K[?25h[?2026l[?2026h[?25l[A[1Gpulling manifest [K
pulling aeda25e63ebd:  47% ▕████████          ▏ 1.6 GB/3.3 GB  4.4 MB/s   6m35s[K[?25h[?2026l[?2026h[?25l[A[1Gpulling manifest [K
pulling aeda25e63ebd:  47% ▕████████          ▏ 1.6 GB/3.3 GB  4.4 MB/s   6m35s[K[?25h[?2026l[?2026h[?25l[A[1Gpulling manifest [K
pulling aeda25e63ebd:  47% ▕████████          ▏ 1.6 GB/3.3 GB  4.4 MB/s   6m35s[K[?25h[?2026l[?2026h[?25l[A[1Gpulling manifest [K
pulling aeda25e63ebd:  48% ▕████████          ▏ 1.6 GB/3.3 GB  4.4 MB/s   6m35s[K[?25h[?2026l[?2026h[?25l[A[1Gpulling manifest [K
pulling aeda25e63ebd:  48% ▕████████          ▏ 1.6 GB/3.3 GB  4.4 MB/s   6m34s[K[?25h[?2026l[?2026h[?25l[A[1Gpulling manifest [K
pulling aeda25e63ebd:  48% ▕████████          ▏ 1.6 GB/3.3 GB  4.4 MB/s   6m34s[K[?25h[?2026l[?2026h[?25l[A[1Gpulling manifest [K
pulling aeda25e63ebd:  48% ▕████████          ▏ 1.6 GB/3.3 GB  4.4 MB/s   6m34s[K[?25h[?2026l[?2026h[?25l[A[1Gpulling manifest [K
pulling aeda25e63ebd:  48% ▕████████          ▏ 1.6 GB/3.3 GB  4.5 MB/s   6m32s[K[?25h[?2026l[?2026h[?25l[A[1Gpulling manifest [K
pulling aeda25e63ebd:  48% ▕████████          ▏ 1.6 GB/3.3 GB  4.5 MB/s   6m32s[K[?25h[?2026l[?2026h[?25l[A[1Gpulling manifest [K
pulling aeda25e63ebd:  48% ▕████████          ▏ 1.6 GB/3.3 GB  4.5 MB/s   6m32s[K[?25h[?2026l[?2026h[?25l[A[1Gpulling manifest [K
pulling aeda25e63ebd:  48% ▕████████          ▏ 1.6 GB/3.3 GB  4.5 MB/s   6m31s[K[?25h[?2026l[?2026h[?25l[A[1Gpulling manifest [K
pulling aeda25e63ebd:  48% ▕████████          ▏ 1.6 GB/3.3 GB  4.5 MB/s   6m31s[K[?25h[?2026l[?2026h[?25l[A[1Gpulling manifest [K
pulling aeda25e63ebd:  48% ▕████████          ▏ 1.6 GB/3.3 GB  4.5 MB/s   6m31s[K[?25h[?2026l[?2026h[?25l[A[1Gpulling manifest [K
pulling aeda25e63ebd:  48% ▕████████          ▏ 1.6 GB/3.3 GB  4.5 MB/s   6m31s[K[?25h[?2026l[?2026h[?25l[A[1Gpulling manifest [K
pulling aeda25e63ebd:  48% ▕████████          ▏ 1.6 GB/3.3 GB  4.5 MB/s   6m31s[K[?25h[?2026l[?2026h[?25l[A[1Gpulling manifest [K
pulling aeda25e63ebd:  48% ▕████████          ▏ 1.6 GB/3.3 GB  4.5 MB/s   6m31s[K[?25h[?2026l[?2026h[?25l[A[1Gpulling manifest [K
pulling aeda25e63ebd:  48% ▕████████          ▏ 1.6 GB/3.3 GB  4.5 MB/s   6m31s[K[?25h[?2026l[?2026h[?25l[A[1Gpulling manifest [K
pulling aeda25e63ebd:  48% ▕████████          ▏ 1.6 GB/3.3 GB  4.5 MB/s   6m24s[K[?25h[?2026l[?2026h[?25l[A[1Gpulling manifest [K
pulling aeda25e63ebd:  48% ▕████████          ▏ 1.6 GB/3.3 GB  4.5 MB/s   6m24s[K[?25h[?2026l[?2026h[?25l[A[1Gpulling manifest [K
pulling aeda25e63ebd:  48% ▕████████          ▏ 1.6 GB/3.3 GB  4.5 MB/s   6m24s[K[?25h[?2026l[?2026h[?25l[A[1Gpulling manifest [K
pulling aeda25e63ebd:  48% ▕████████          ▏ 1.6 GB/3.3 GB  4.5 MB/s   6m24s[K[?25h[?2026l[?2026h[?25l[A[1Gpulling manifest [K
pulling aeda25e63ebd:  48% ▕████████          ▏ 1.6 GB/3.3 GB  4.5 MB/s   6m24s[K[?25h[?2026l[?2026h[?25l[A[1Gpulling manifest [K
pulling aeda25e63ebd:  48% ▕████████          ▏ 1.6 GB/3.3 GB  4.5 MB/s   6m24s[K[?25h[?2026l[?2026h[?25l[A[1Gpulling manifest [K
pulling aeda25e63ebd:  48% ▕████████          ▏ 1.6 GB/3.3 GB  4.5 MB/s   6m23s[K[?25h[?2026l[?2026h[?25l[A[1Gpulling manifest [K
pulling aeda25e63ebd:  48% ▕████████          ▏ 1.6 GB/3.3 GB  4.5 MB/s   6m23s[K[?25h[?2026l[?2026h[?25l[A[1Gpulling manifest [K
pulling aeda25e63ebd:  48% ▕████████          ▏ 1.6 GB/3.3 GB  4.5 MB/s   6m23s[K[?25h[?2026l[?2026h[?25l[A[1Gpulling manifest [K
pulling aeda25e63ebd:  48% ▕████████          ▏ 1.6 GB/3.3 GB  4.5 MB/s   6m23s[K[?25h[?2026l[?2026h[?25l[A[1Gpulling manifest [K
pulling aeda25e63ebd:  48% ▕████████          ▏ 1.6 GB/3.3 GB  4.5 MB/s   6m23s[K[?25h[?2026l[?2026h[?25l[A[1Gpulling manifest [K
pulling aeda25e63ebd:  48% ▕████████          ▏ 1.6 GB/3.3 GB  4.5 MB/s   6m23s[K[?25h[?2026l[?2026h[?25l[A[1Gpulling manifest [K
pulling aeda25e63ebd:  48% ▕████████          ▏ 1.6 GB/3.3 GB  4.5 MB/s   6m23s[K[?25h[?2026l[?2026h[?25l[A[1Gpulling manifest [K
pulling aeda25e63ebd:  48% ▕████████          ▏ 1.6 GB/3.3 GB  4.5 MB/s   6m22s[K[?25h[?2026l[?2026h[?25l[A[1Gpulling manifest [K
pulling aeda25e63ebd:  48% ▕████████          ▏ 1.6 GB/3.3 GB  4.5 MB/s   6m22s[K[?25h[?2026l[?2026h[?25l[A[1Gpulling manifest [K
pulling aeda25e63ebd:  48% ▕████████          ▏ 1.6 GB/3.3 GB  4.5 MB/s   6m22s[K[?25h[?2026l[?2026h[?25l[A[1Gpulling manifest [K
pulling aeda25e63ebd:  48% ▕████████          ▏ 1.6 GB/3.3 GB  4.5 MB/s   6m22s[K[?25h[?2026l[?2026h[?25l[A[1Gpulling manifest [K
pulling aeda25e63ebd:  48% ▕████████          ▏ 1.6 GB/3.3 GB  4.5 MB/s   6m22s[K[?25h[?2026l[?2026h[?25l[A[1Gpulling manifest [K
pulling aeda25e63ebd:  48% ▕████████          ▏ 1.6 GB/3.3 GB  4.5 MB/s   6m22s[K[?25h[?2026l[?2026h[?25l[A[1Gpulling manifest [K
pulling aeda25e63ebd:  48% ▕████████          ▏ 1.6 GB/3.3 GB  4.5 MB/s   6m22s[K[?25h[?2026l[?2026h[?25l[A[1Gpulling manifest [K
pulling aeda25e63ebd:  48% ▕████████          ▏ 1.6 GB/3.3 GB  4.5 MB/s   6m22s[K[?25h[?2026l[?2026h[?25l[A[1Gpulling manifest [K
pulling aeda25e63ebd:  48% ▕████████          ▏ 1.6 GB/3.3 GB  4.5 MB/s   6m25s[K[?25h[?2026l[?2026h[?25l[A[1Gpulling manifest [K
pulling aeda25e63ebd:  48% ▕████████          ▏ 1.6 GB/3.3 GB  4.5 MB/s   6m25s[K[?25h[?2026l[?2026h[?25l[A[1Gpulling manifest [K
pulling aeda25e63ebd:  48% ▕████████          ▏ 1.6 GB/3.3 GB  4.5 MB/s   6m24s[K[?25h[?2026l[?2026h[?25l[A[1Gpulling manifest [K
pulling aeda25e63ebd:  48% ▕████████          ▏ 1.6 GB/3.3 GB  4.5 MB/s   6m24s[K[?25h[?2026l[?2026h[?25l[A[1Gpulling manifest [K
pulling aeda25e63ebd:  48% ▕████████          ▏ 1.6 GB/3.3 GB  4.5 MB/s   6m24s[K[?25h[?2026l[?2026h[?25l[A[1Gpulling manifest [K
pulling aeda25e63ebd:  48% ▕████████          ▏ 1.6 GB/3.3 GB  4.5 MB/s   6m24s[K[?25h[?2026l[?2026h[?25l[A[1Gpulling manifest [K
pulling aeda25e63ebd:  48% ▕████████          ▏ 1.6 GB/3.3 GB  4.5 MB/s   6m24s[K[?25h[?2026l[?2026h[?25l[A[1Gpulling manifest [K
pulling aeda25e63ebd:  48% ▕████████          ▏ 1.6 GB/3.3 GB  4.5 MB/s   6m24s[K[?25h[?2026l[?2026h[?25l[A[1Gpulling manifest [K
pulling aeda25e63ebd:  48% ▕████████          ▏ 1.6 GB/3.3 GB  4.5 MB/s   6m24s[K[?25h[?2026l[?2026h[?25l[A[1Gpulling manifest [K
pulling aeda25e63ebd:  48% ▕████████          ▏ 1.6 GB/3.3 GB  4.5 MB/s   6m23s[K[?25h[?2026l[?2026h[?25l[A[1Gpulling manifest [K
pulling aeda25e63ebd:  48% ▕████████          ▏ 1.6 GB/3.3 GB  4.7 MB/s   6m11s[K[?25h[?2026l[?2026h[?25l[A[1Gpulling manifest [K
pulling aeda25e63ebd:  48% ▕████████          ▏ 1.6 GB/3.3 GB  4.7 MB/s   6m11s[K[?25h[?2026l[?2026h[?25l[A[1Gpulling manifest [K
pulling aeda25e63ebd:  48% ▕████████          ▏ 1.6 GB/3.3 GB  4.7 MB/s   6m11s[K[?25h[?2026l[?2026h[?25l[A[1Gpulling manifest [K
pulling aeda25e63ebd:  48% ▕████████          ▏ 1.6 GB/3.3 GB  4.7 MB/s   6m11s[K[?25h[?2026l[?2026h[?25l[A[1Gpulling manifest [K
pulling aeda25e63ebd:  48% ▕████████          ▏ 1.6 GB/3.3 GB  4.7 MB/s   6m11s[K[?25h[?2026l[?2026h[?25l[A[1Gpulling manifest [K
pulling aeda25e63ebd:  48% ▕████████          ▏ 1.6 GB/3.3 GB  4.7 MB/s   6m10s[K[?25h[?2026l[?2026h[?25l[A[1Gpulling manifest [K
pulling aeda25e63ebd:  48% ▕████████          ▏ 1.6 GB/3.3 GB  4.7 MB/s   6m10s[K[?25h[?2026l[?2026h[?25l[A[1Gpulling manifest [K
pulling aeda25e63ebd:  48% ▕████████          ▏ 1.6 GB/3.3 GB  4.7 MB/s   6m10s[K[?25h[?2026l[?2026h[?25l[A[1Gpulling manifest [K
pulling aeda25e63ebd:  48% ▕████████          ▏ 1.6 GB/3.3 GB  4.7 MB/s   6m10s[K[?25h[?2026l[?2026h[?25l[A[1Gpulling manifest [K
pulling aeda25e63ebd:  48% ▕████████          ▏ 1.6 GB/3.3 GB  4.7 MB/s   6m10s[K[?25h[?2026l[?2026h[?25l[A[1Gpulling manifest [K
pulling aeda25e63ebd:  48% ▕████████          ▏ 1.6 GB/3.3 GB  4.8 MB/s   5m58s[K[?25h[?2026l[?2026h[?25l[A[1Gpulling manifest [K
pulling aeda25e63ebd:  48% ▕████████          ▏ 1.6 GB/3.3 GB  4.8 MB/s   5m58s[K[?25h[?2026l[?2026h[?25l[A[1Gpulling manifest [K
pulling aeda25e63ebd:  48% ▕████████          ▏ 1.6 GB/3.3 GB  4.8 MB/s   5m58s[K[?25h[?2026l[?2026h[?25l[A[1Gpulling manifest [K
pulling aeda25e63ebd:  48% ▕████████          ▏ 1.6 GB/3.3 GB  4.8 MB/s   5m58s[K[?25h[?2026l[?2026h[?25l[A[1Gpulling manifest [K
pulling aeda25e63ebd:  48% ▕████████          ▏ 1.6 GB/3.3 GB  4.8 MB/s   5m58s[K[?25h[?2026l[?2026h[?25l[A[1Gpulling manifest [K
pulling aeda25e63ebd:  48% ▕████████          ▏ 1.6 GB/3.3 GB  4.8 MB/s   5m58s[K[?25h[?2026l[?2026h[?25l[A[1Gpulling manifest [K
pulling aeda25e63ebd:  48% ▕████████          ▏ 1.6 GB/3.3 GB  4.8 MB/s   5m57s[K[?25h[?2026l[?2026h[?25l[A[1Gpulling manifest [K
pulling aeda25e63ebd:  48% ▕████████          ▏ 1.6 GB/3.3 GB  4.8 MB/s   5m57s[K[?25h[?2026l[?2026h[?25l[A[1Gpulling manifest [K
pulling aeda25e63ebd:  48% ▕████████          ▏ 1.6 GB/3.3 GB  4.8 MB/s   5m57s[K[?25h[?2026l[?2026h[?25l[A[1Gpulling manifest [K
pulling aeda25e63ebd:  48% ▕████████          ▏ 1.6 GB/3.3 GB  4.8 MB/s   5m57s[K[?25h[?2026l[?2026h[?25l[A[1Gpulling manifest [K
pulling aeda25e63ebd:  48% ▕████████          ▏ 1.6 GB/3.3 GB  4.9 MB/s   5m51s[K[?25h[?2026l[?2026h[?25l[A[1Gpulling manifest [K
pulling aeda25e63ebd:  48% ▕████████          ▏ 1.6 GB/3.3 GB  4.9 MB/s   5m51s[K[?25h[?2026l[?2026h[?25l[A[1Gpulling manifest [K
pulling aeda25e63ebd:  48% ▕████████          ▏ 1.6 GB/3.3 GB  4.9 MB/s   5m51s[K[?25h[?2026l[?2026h[?25l[A[1Gpulling manifest [K
pulling aeda25e63ebd:  49% ▕████████          ▏ 1.6 GB/3.3 GB  4.9 MB/s   5m51s[K[?25h[?2026l[?2026h[?25l[A[1Gpulling manifest [K
pulling aeda25e63ebd:  49% ▕████████          ▏ 1.6 GB/3.3 GB  4.9 MB/s   5m51s[K[?25h[?2026l[?2026h[?25l[A[1Gpulling manifest [K
pulling aeda25e63ebd:  49% ▕████████          ▏ 1.6 GB/3.3 GB  4.9 MB/s   5m51s[K[?25h[?2026l[?2026h[?25l[A[1Gpulling manifest [K
pulling aeda25e63ebd:  49% ▕████████          ▏ 1.6 GB/3.3 GB  4.9 MB/s   5m51s[K[?25h[?2026l[?2026h[?25l[A[1Gpulling manifest [K
pulling aeda25e63ebd:  49% ▕████████          ▏ 1.6 GB/3.3 GB  4.9 MB/s   5m51s[K[?25h[?2026l[?2026h[?25l[A[1Gpulling manifest [K
pulling aeda25e63ebd:  49% ▕████████          ▏ 1.6 GB/3.3 GB  4.9 MB/s   5m51s[K[?25h[?2026l[?2026h[?25l[A[1Gpulling manifest [K
pulling aeda25e63ebd:  49% ▕████████          ▏ 1.6 GB/3.3 GB  4.9 MB/s   5m51s[K[?25h[?2026l[?2026h[?25l[A[1Gpulling manifest [K
pulling aeda25e63ebd:  49% ▕████████          ▏ 1.6 GB/3.3 GB  4.9 MB/s   5m50s[K[?25h[?2026l[?2026h[?25l[A[1Gpulling manifest [K
pulling aeda25e63ebd:  49% ▕████████          ▏ 1.6 GB/3.3 GB  5.0 MB/s   5m41s[K[?25h[?2026l[?2026h[?25l[A[1Gpulling manifest [K
pulling aeda25e63ebd:  49% ▕████████          ▏ 1.6 GB/3.3 GB  5.0 MB/s   5m41s[K[?25h[?2026l[?2026h[?25l[A[1Gpulling manifest [K
pulling aeda25e63ebd:  49% ▕████████          ▏ 1.6 GB/3.3 GB  5.0 MB/s   5m40s[K[?25h[?2026l[?2026h[?25l[A[1Gpulling manifest [K
pulling aeda25e63ebd:  49% ▕████████          ▏ 1.6 GB/3.3 GB  5.0 MB/s   5m40s[K[?25h[?2026l[?2026h[?25l[A[1Gpulling manifest [K
pulling aeda25e63ebd:  49% ▕████████          ▏ 1.6 GB/3.3 GB  5.0 MB/s   5m40s[K[?25h[?2026l[?2026h[?25l[A[1Gpulling manifest [K
pulling aeda25e63ebd:  49% ▕████████          ▏ 1.6 GB/3.3 GB  5.0 MB/s   5m40s[K[?25h[?2026l[?2026h[?25l[A[1Gpulling manifest [K
pulling aeda25e63ebd:  49% ▕████████          ▏ 1.6 GB/3.3 GB  5.0 MB/s   5m40s[K[?25h[?2026l[?2026h[?25l[A[1Gpulling manifest [K
pulling aeda25e63ebd:  49% ▕████████          ▏ 1.6 GB/3.3 GB  5.0 MB/s   5m40s[K[?25h[?2026l[?2026h[?25l[A[1Gpulling manifest [K
pulling aeda25e63ebd:  49% ▕████████          ▏ 1.6 GB/3.3 GB  5.0 MB/s   5m40s[K[?25h[?2026l[?2026h[?25l[A[1Gpulling manifest [K
pulling aeda25e63ebd:  49% ▕████████          ▏ 1.6 GB/3.3 GB  5.0 MB/s   5m40s[K[?25h[?2026l[?2026h[?25l[A[1Gpulling manifest [K
pulling aeda25e63ebd:  49% ▕████████          ▏ 1.6 GB/3.3 GB  5.2 MB/s   5m31s[K[?25h[?2026l[?2026h[?25l[A[1Gpulling manifest [K
pulling aeda25e63ebd:  49% ▕████████          ▏ 1.6 GB/3.3 GB  5.2 MB/s   5m31s[K[?25h[?2026l[?2026h[?25l[A[1Gpulling manifest [K
pulling aeda25e63ebd:  49% ▕████████          ▏ 1.6 GB/3.3 GB  5.2 MB/s   5m31s[K[?25h[?2026l[?2026h[?25l[A[1Gpulling manifest [K
pulling aeda25e63ebd:  49% ▕████████          ▏ 1.6 GB/3.3 GB  5.2 MB/s   5m31s[K[?25h[?2026l[?2026h[?25l[A[1Gpulling manifest [K
pulling aeda25e63ebd:  49% ▕████████          ▏ 1.6 GB/3.3 GB  5.2 MB/s   5m31s[K[?25h[?2026l[?2026h[?25l[A[1Gpulling manifest [K
pulling aeda25e63ebd:  49% ▕████████          ▏ 1.6 GB/3.3 GB  5.2 MB/s   5m31s[K[?25h[?2026l[?2026h[?25l[A[1Gpulling manifest [K
pulling aeda25e63ebd:  49% ▕████████          ▏ 1.6 GB/3.3 GB  5.2 MB/s   5m30s[K[?25h[?2026l[?2026h[?25l[A[1Gpulling manifest [K
pulling aeda25e63ebd:  49% ▕████████          ▏ 1.6 GB/3.3 GB  5.2 MB/s   5m30s[K[?25h[?2026l[?2026h[?25l[A[1Gpulling manifest [K
pulling aeda25e63ebd:  49% ▕████████          ▏ 1.6 GB/3.3 GB  5.2 MB/s   5m30s[K[?25h[?2026l[?2026h[?25l[A[1Gpulling manifest [K
pulling aeda25e63ebd:  49% ▕████████          ▏ 1.6 GB/3.3 GB  5.2 MB/s   5m30s[K[?25h[?2026l[?2026h[?25l[A[1Gpulling manifest [K
pulling aeda25e63ebd:  49% ▕████████          ▏ 1.6 GB/3.3 GB  5.2 MB/s   5m29s[K[?25h[?2026l[?2026h[?25l[A[1Gpulling manifest [K
pulling aeda25e63ebd:  49% ▕████████          ▏ 1.6 GB/3.3 GB  5.2 MB/s   5m28s[K[?25h[?2026l[?2026h[?25l[A[1Gpulling manifest [K
pulling aeda25e63ebd:  49% ▕████████          ▏ 1.6 GB/3.3 GB  5.2 MB/s   5m28s[K[?25h[?2026l[?2026h[?25l[A[1Gpulling manifest [K
pulling aeda25e63ebd:  49% ▕████████          ▏ 1.6 GB/3.3 GB  5.2 MB/s   5m28s[K[?25h[?2026l[?2026h[?25l[A[1Gpulling manifest [K
pulling aeda25e63ebd:  49% ▕████████          ▏ 1.6 GB/3.3 GB  5.2 MB/s   5m28s[K[?25h[?2026l[?2026h[?25l[A[1Gpulling manifest [K
pulling aeda25e63ebd:  49% ▕████████          ▏ 1.6 GB/3.3 GB  5.2 MB/s   5m28s[K[?25h[?2026l[?2026h[?25l[A[1Gpulling manifest [K
pulling aeda25e63ebd:  49% ▕████████          ▏ 1.6 GB/3.3 GB  5.2 MB/s   5m28s[K[?25h[?2026l[?2026h[?25l[A[1Gpulling manifest [K
pulling aeda25e63ebd:  49% ▕████████          ▏ 1.6 GB/3.3 GB  5.2 MB/s   5m28s[K[?25h[?2026l[?2026h[?25l[A[1Gpulling manifest [K
pulling aeda25e63ebd:  49% ▕████████          ▏ 1.6 GB/3.3 GB  5.2 MB/s   5m28s[K[?25h[?2026l[?2026h[?25l[A[1Gpulling manifest [K
pulling aeda25e63ebd:  49% ▕████████          ▏ 1.6 GB/3.3 GB  5.2 MB/s   5m28s[K[?25h[?2026l[?2026h[?25l[A[1Gpulling manifest [K
pulling aeda25e63ebd:  49% ▕████████          ▏ 1.6 GB/3.3 GB  5.2 MB/s   5m26s[K[?25h[?2026l[?2026h[?25l[A[1Gpulling manifest [K
pulling aeda25e63ebd:  49% ▕████████          ▏ 1.6 GB/3.3 GB  5.2 MB/s   5m26s[K[?25h[?2026l[?2026h[?25l[A[1Gpulling manifest [K
pulling aeda25e63ebd:  49% ▕████████          ▏ 1.6 GB/3.3 GB  5.2 MB/s   5m26s[K[?25h[?2026l[?2026h[?25l[A[1Gpulling manifest [K
pulling aeda25e63ebd:  49% ▕████████          ▏ 1.6 GB/3.3 GB  5.2 MB/s   5m26s[K[?25h[?2026l[?2026h[?25l[A[1Gpulling manifest [K
pulling aeda25e63ebd:  49% ▕████████          ▏ 1.6 GB/3.3 GB  5.2 MB/s   5m26s[K[?25h[?2026l[?2026h[?25l[A[1Gpulling manifest [K
pulling aeda25e63ebd:  49% ▕████████          ▏ 1.6 GB/3.3 GB  5.2 MB/s   5m26s[K[?25h[?2026l[?2026h[?25l[A[1Gpulling manifest [K
pulling aeda25e63ebd:  49% ▕████████          ▏ 1.6 GB/3.3 GB  5.2 MB/s   5m26s[K[?25h[?2026l[?2026h[?25l[A[1Gpulling manifest [K
pulling aeda25e63ebd:  49% ▕████████          ▏ 1.6 GB/3.3 GB  5.2 MB/s   5m25s[K[?25h[?2026l[?2026h[?25l[A[1Gpulling manifest [K
pulling aeda25e63ebd:  49% ▕████████          ▏ 1.6 GB/3.3 GB  5.2 MB/s   5m25s[K[?25h[?2026l[?2026h[?25l[A[1Gpulling manifest [K
pulling aeda25e63ebd:  49% ▕████████          ▏ 1.6 GB/3.3 GB  5.2 MB/s   5m25s[K[?25h[?2026l[?2026h[?25l[A[1Gpulling manifest [K
pulling aeda25e63ebd:  49% ▕████████          ▏ 1.6 GB/3.3 GB  5.2 MB/s   5m22s[K[?25h[?2026l[?2026h[?25l[A[1Gpulling manifest [K
pulling aeda25e63ebd:  49% ▕████████          ▏ 1.6 GB/3.3 GB  5.2 MB/s   5m22s[K[?25h[?2026l[?2026h[?25l[A[1Gpulling manifest [K
pulling aeda25e63ebd:  49% ▕████████          ▏ 1.6 GB/3.3 GB  5.2 MB/s   5m22s[K[?25h[?2026l[?2026h[?25l[A[1Gpulling manifest [K
pulling aeda25e63ebd:  49% ▕████████          ▏ 1.6 GB/3.3 GB  5.2 MB/s   5m22s[K[?25h[?2026l[?2026h[?25l[A[1Gpulling manifest [K
pulling aeda25e63ebd:  49% ▕████████          ▏ 1.6 GB/3.3 GB  5.2 MB/s   5m22s[K[?25h[?2026l[?2026h[?25l[A[1Gpulling manifest [K
pulling aeda25e63ebd:  49% ▕████████          ▏ 1.6 GB/3.3 GB  5.2 MB/s   5m22s[K[?25h[?2026l[?2026h[?25l[A[1Gpulling manifest [K
pulling aeda25e63ebd:  49% ▕████████          ▏ 1.6 GB/3.3 GB  5.2 MB/s   5m22s[K[?25h[?2026l[?2026h[?25l[A[1Gpulling manifest [K
pulling aeda25e63ebd:  49% ▕████████          ▏ 1.6 GB/3.3 GB  5.2 MB/s   5m22s[K[?25h[?2026l[?2026h[?25l[A[1Gpulling manifest [K
pulling aeda25e63ebd:  49% ▕████████          ▏ 1.6 GB/3.3 GB  5.2 MB/s   5m21s[K[?25h[?2026l[?2026h[?25l[A[1Gpulling manifest [K
pulling aeda25e63ebd:  49% ▕████████          ▏ 1.6 GB/3.3 GB  5.2 MB/s   5m21s[K[?25h[?2026l[?2026h[?25l[A[1Gpulling manifest [K
pulling aeda25e63ebd:  49% ▕████████          ▏ 1.6 GB/3.3 GB  5.2 MB/s   5m21s[K[?25h[?2026l[?2026h[?25l[A[1Gpulling manifest [K
pulling aeda25e63ebd:  49% ▕████████          ▏ 1.7 GB/3.3 GB  5.4 MB/s   5m15s[K[?25h[?2026l[?2026h[?25l[A[1Gpulling manifest [K
pulling aeda25e63ebd:  49% ▕████████          ▏ 1.7 GB/3.3 GB  5.4 MB/s   5m15s[K[?25h[?2026l[?2026h[?25l[A[1Gpulling manifest [K
pulling aeda25e63ebd:  49% ▕████████          ▏ 1.7 GB/3.3 GB  5.4 MB/s   5m15s[K[?25h[?2026l[?2026h[?25l[A[1Gpulling manifest [K
pulling aeda25e63ebd:  49% ▕████████          ▏ 1.7 GB/3.3 GB  5.4 MB/s   5m14s[K[?25h[?2026l[?2026h[?25l[A[1Gpulling manifest [K
pulling aeda25e63ebd:  50% ▕████████          ▏ 1.7 GB/3.3 GB  5.4 MB/s   5m14s[K[?25h[?2026l[?2026h[?25l[A[1Gpulling manifest [K
pulling aeda25e63ebd:  50% ▕████████          ▏ 1.7 GB/3.3 GB  5.4 MB/s   5m14s[K[?25h[?2026l[?2026h[?25l[A[1Gpulling manifest [K
pulling aeda25e63ebd:  50% ▕████████          ▏ 1.7 GB/3.3 GB  5.4 MB/s   5m14s[K[?25h[?2026l[?2026h[?25l[A[1Gpulling manifest [K
pulling aeda25e63ebd:  50% ▕████████          ▏ 1.7 GB/3.3 GB  5.4 MB/s   5m14s[K[?25h[?2026l[?2026h[?25l[A[1Gpulling manifest [K
pulling aeda25e63ebd:  50% ▕████████          ▏ 1.7 GB/3.3 GB  5.4 MB/s   5m14s[K[?25h[?2026l[?2026h[?25l[A[1Gpulling manifest [K
pulling aeda25e63ebd:  50% ▕████████          ▏ 1.7 GB/3.3 GB  5.4 MB/s   5m14s[K[?25h[?2026l[?2026h[?25l[A[1Gpulling manifest [K
pulling aeda25e63ebd:  50% ▕████████          ▏ 1.7 GB/3.3 GB  5.3 MB/s   5m16s[K[?25h[?2026l[?2026h[?25l[A[1Gpulling manifest [K
pulling aeda25e63ebd:  50% ▕████████          ▏ 1.7 GB/3.3 GB  5.3 MB/s   5m16s[K[?25h[?2026l[?2026h[?25l[A[1Gpulling manifest [K
pulling aeda25e63ebd:  50% ▕████████          ▏ 1.7 GB/3.3 GB  5.3 MB/s   5m16s[K[?25h[?2026l[?2026h[?25l[A[1Gpulling manifest [K
pulling aeda25e63ebd:  50% ▕████████          ▏ 1.7 GB/3.3 GB  5.3 MB/s   5m16s[K[?25h[?2026l[?2026h[?25l[A[1Gpulling manifest [K
pulling aeda25e63ebd:  50% ▕████████          ▏ 1.7 GB/3.3 GB  5.3 MB/s   5m16s[K[?25h[?2026l[?2026h[?25l[A[1Gpulling manifest [K
pulling aeda25e63ebd:  50% ▕████████          ▏ 1.7 GB/3.3 GB  5.3 MB/s   5m15s[K[?25h[?2026l[?2026h[?25l[A[1Gpulling manifest [K
pulling aeda25e63ebd:  50% ▕████████          ▏ 1.7 GB/3.3 GB  5.3 MB/s   5m15s[K[?25h[?2026l[?2026h[?25l[A[1Gpulling manifest [K
pulling aeda25e63ebd:  50% ▕████████          ▏ 1.7 GB/3.3 GB  5.3 MB/s   5m15s[K[?25h[?2026l[?2026h[?25l[A[1Gpulling manifest [K
pulling aeda25e63ebd:  50% ▕████████          ▏ 1.7 GB/3.3 GB  5.3 MB/s   5m15s[K[?25h[?2026l[?2026h[?25l[A[1Gpulling manifest [K
pulling aeda25e63ebd:  50% ▕████████          ▏ 1.7 GB/3.3 GB  5.3 MB/s   5m15s[K[?25h[?2026l[?2026h[?25l[A[1Gpulling manifest [K
pulling aeda25e63ebd:  50% ▕████████          ▏ 1.7 GB/3.3 GB  5.3 MB/s   5m18s[K[?25h[?2026l[?2026h[?25l[A[1Gpulling manifest [K
pulling aeda25e63ebd:  50% ▕████████          ▏ 1.7 GB/3.3 GB  5.3 MB/s   5m18s[K[?25h[?2026l[?2026h[?25l[A[1Gpulling manifest [K
pulling aeda25e63ebd:  50% ▕████████          ▏ 1.7 GB/3.3 GB  5.3 MB/s   5m18s[K[?25h[?2026l[?2026h[?25l[A[1Gpulling manifest [K
pulling aeda25e63ebd:  50% ▕████████          ▏ 1.7 GB/3.3 GB  5.3 MB/s   5m18s[K[?25h[?2026l[?2026h[?25l[A[1Gpulling manifest [K
pulling aeda25e63ebd:  50% ▕████████          ▏ 1.7 GB/3.3 GB  5.3 MB/s   5m18s[K[?25h[?2026l[?2026h[?25l[A[1Gpulling manifest [K
pulling aeda25e63ebd:  50% ▕████████          ▏ 1.7 GB/3.3 GB  5.3 MB/s   5m18s[K[?25h[?2026l[?2026h[?25l[A[1Gpulling manifest [K
pulling aeda25e63ebd:  50% ▕████████          ▏ 1.7 GB/3.3 GB  5.3 MB/s   5m18s[K[?25h[?2026l[?2026h[?25l[A[1Gpulling manifest [K
pulling aeda25e63ebd:  50% ▕████████          ▏ 1.7 GB/3.3 GB  5.3 MB/s   5m17s[K[?25h[?2026l[?2026h[?25l[A[1Gpulling manifest [K
pulling aeda25e63ebd:  50% ▕████████          ▏ 1.7 GB/3.3 GB  5.3 MB/s   5m17s[K[?25h[?2026l[?2026h[?25l[A[1Gpulling manifest [K
pulling aeda25e63ebd:  50% ▕████████          ▏ 1.7 GB/3.3 GB  5.3 MB/s   5m17s[K[?25h[?2026l[?2026h[?25l[A[1Gpulling manifest [K
pulling aeda25e63ebd:  50% ▕████████          ▏ 1.7 GB/3.3 GB  5.2 MB/s   5m20s[K[?25h[?2026l[?2026h[?25l[A[1Gpulling manifest [K
pulling aeda25e63ebd:  50% ▕████████          ▏ 1.7 GB/3.3 GB  5.2 MB/s   5m20s[K[?25h[?2026l[?2026h[?25l[A[1Gpulling manifest [K
pulling aeda25e63ebd:  50% ▕████████          ▏ 1.7 GB/3.3 GB  5.2 MB/s   5m20s[K[?25h[?2026l[?2026h[?25l[A[1Gpulling manifest [K
pulling aeda25e63ebd:  50% ▕████████          ▏ 1.7 GB/3.3 GB  5.2 MB/s   5m20s[K[?25h[?2026l[?2026h[?25l[A[1Gpulling manifest [K
pulling aeda25e63ebd:  50% ▕████████          ▏ 1.7 GB/3.3 GB  5.2 MB/s   5m20s[K[?25h[?2026l[?2026h[?25l[A[1Gpulling manifest [K
pulling aeda25e63ebd:  50% ▕████████          ▏ 1.7 GB/3.3 GB  5.2 MB/s   5m20s[K[?25h[?2026l[?2026h[?25l[A[1Gpulling manifest [K
pulling aeda25e63ebd:  50% ▕████████          ▏ 1.7 GB/3.3 GB  5.2 MB/s   5m20s[K[?25h[?2026l[?2026h[?25l[A[1Gpulling manifest [K
pulling aeda25e63ebd:  50% ▕████████          ▏ 1.7 GB/3.3 GB  5.2 MB/s   5m20s[K[?25h[?2026l[?2026h[?25l[A[1Gpulling manifest [K
pulling aeda25e63ebd:  50% ▕█████████         ▏ 1.7 GB/3.3 GB  5.2 MB/s   5m20s[K[?25h[?2026l[?2026h[?25l[A[1Gpulling manifest [K
pulling aeda25e63ebd:  50% ▕█████████         ▏ 1.7 GB/3.3 GB  5.2 MB/s   5m20s[K[?25h[?2026l[?2026h[?25l[A[1Gpulling manifest [K
pulling aeda25e63ebd:  50% ▕█████████         ▏ 1.7 GB/3.3 GB  5.2 MB/s   5m20s[K[?25h[?2026l[?2026h[?25l[A[1Gpulling manifest [K
pulling aeda25e63ebd:  50% ▕█████████         ▏ 1.7 GB/3.3 GB  5.2 MB/s   5m20s[K[?25h[?2026l[?2026h[?25l[A[1Gpulling manifest [K
pulling aeda25e63ebd:  50% ▕█████████         ▏ 1.7 GB/3.3 GB  5.2 MB/s   5m20s[K[?25h[?2026l[?2026h[?25l[A[1Gpulling manifest [K
pulling aeda25e63ebd:  50% ▕█████████         ▏ 1.7 GB/3.3 GB  5.2 MB/s   5m20s[K[?25h[?2026l[?2026h[?25l[A[1Gpulling manifest [K
pulling aeda25e63ebd:  50% ▕█████████         ▏ 1.7 GB/3.3 GB  5.2 MB/s   5m20s[K[?25h[?2026l[?2026h[?25l[A[1Gpulling manifest [K
pulling aeda25e63ebd:  50% ▕█████████         ▏ 1.7 GB/3.3 GB  5.2 MB/s   5m20s[K[?25h[?2026l[?2026h[?25l[A[1Gpulling manifest [K
pulling aeda25e63ebd:  50% ▕█████████         ▏ 1.7 GB/3.3 GB  5.2 MB/s   5m20s[K[?25h[?2026l[?2026h[?25l[A[1Gpulling manifest [K
pulling aeda25e63ebd:  50% ▕█████████         ▏ 1.7 GB/3.3 GB  5.2 MB/s   5m20s[K[?25h[?2026l[?2026h[?25l[A[1Gpulling manifest [K
pulling aeda25e63ebd:  50% ▕█████████         ▏ 1.7 GB/3.3 GB  5.2 MB/s   5m20s[K[?25h[?2026l[?2026h[?25l[A[1Gpulling manifest [K
pulling aeda25e63ebd:  50% ▕█████████         ▏ 1.7 GB/3.3 GB  5.2 MB/s   5m19s[K[?25h[?2026l[?2026h[?25l[A[1Gpulling manifest [K
pulling aeda25e63ebd:  50% ▕█████████         ▏ 1.7 GB/3.3 GB  5.2 MB/s   5m19s[K[?25h[?2026l[?2026h[?25l[A[1Gpulling manifest [K
pulling aeda25e63ebd:  50% ▕█████████         ▏ 1.7 GB/3.3 GB  5.2 MB/s   5m22s[K[?25h[?2026l[?2026h[?25l[A[1Gpulling manifest [K
pulling aeda25e63ebd:  50% ▕█████████         ▏ 1.7 GB/3.3 GB  5.2 MB/s   5m22s[K[?25h[?2026l[?2026h[?25l[A[1Gpulling manifest [K
pulling aeda25e63ebd:  50% ▕█████████         ▏ 1.7 GB/3.3 GB  5.2 MB/s   5m22s[K[?25h[?2026l[?2026h[?25l[A[1Gpulling manifest [K
pulling aeda25e63ebd:  50% ▕█████████         ▏ 1.7 GB/3.3 GB  5.2 MB/s   5m22s[K[?25h[?2026l[?2026h[?25l[A[1Gpulling manifest [K
pulling aeda25e63ebd:  50% ▕█████████         ▏ 1.7 GB/3.3 GB  5.2 MB/s   5m22s[K[?25h[?2026l[?2026h[?25l[A[1Gpulling manifest [K
pulling aeda25e63ebd:  50% ▕█████████         ▏ 1.7 GB/3.3 GB  5.2 MB/s   5m22s[K[?25h[?2026l[?2026h[?25l[A[1Gpulling manifest [K
pulling aeda25e63ebd:  50% ▕█████████         ▏ 1.7 GB/3.3 GB  5.2 MB/s   5m21s[K[?25h[?2026l[?2026h[?25l[A[1Gpulling manifest [K
pulling aeda25e63ebd:  50% ▕█████████         ▏ 1.7 GB/3.3 GB  5.2 MB/s   5m21s[K[?25h[?2026l[?2026h[?25l[A[1Gpulling manifest [K
pulling aeda25e63ebd:  50% ▕█████████         ▏ 1.7 GB/3.3 GB  5.2 MB/s   5m21s[K[?25h[?2026l[?2026h[?25l[A[1Gpulling manifest [K
pulling aeda25e63ebd:  50% ▕█████████         ▏ 1.7 GB/3.3 GB  5.2 MB/s   5m21s[K[?25h[?2026l[?2026h[?25l[A[1Gpulling manifest [K
pulling aeda25e63ebd:  50% ▕█████████         ▏ 1.7 GB/3.3 GB  5.2 MB/s   5m18s[K[?25h[?2026l[?2026h[?25l[A[1Gpulling manifest [K
pulling aeda25e63ebd:  50% ▕█████████         ▏ 1.7 GB/3.3 GB  5.2 MB/s   5m18s[K[?25h[?2026l[?2026h[?25l[A[1Gpulling manifest [K
pulling aeda25e63ebd:  50% ▕█████████         ▏ 1.7 GB/3.3 GB  5.2 MB/s   5m17s[K[?25h[?2026l[?2026h[?25l[A[1Gpulling manifest [K
pulling aeda25e63ebd:  50% ▕█████████         ▏ 1.7 GB/3.3 GB  5.2 MB/s   5m17s[K[?25h[?2026l[?2026h[?25l[A[1Gpulling manifest [K
pulling aeda25e63ebd:  50% ▕█████████         ▏ 1.7 GB/3.3 GB  5.2 MB/s   5m17s[K[?25h[?2026l[?2026h[?25l[A[1Gpulling manifest [K
pulling aeda25e63ebd:  50% ▕█████████         ▏ 1.7 GB/3.3 GB  5.2 MB/s   5m17s[K[?25h[?2026l[?2026h[?25l[A[1Gpulling manifest [K
pulling aeda25e63ebd:  50% ▕█████████         ▏ 1.7 GB/3.3 GB  5.2 MB/s   5m17s[K[?25h[?2026l[?2026h[?25l[A[1Gpulling manifest [K
pulling aeda25e63ebd:  50% ▕█████████         ▏ 1.7 GB/3.3 GB  5.2 MB/s   5m17s[K[?25h[?2026l[?2026h[?25l[A[1Gpulling manifest [K
pulling aeda25e63ebd:  51% ▕█████████         ▏ 1.7 GB/3.3 GB  5.2 MB/s   5m17s[K[?25h[?2026l[?2026h[?25l[A[1Gpulling manifest [K
pulling aeda25e63ebd:  51% ▕█████████         ▏ 1.7 GB/3.3 GB  5.2 MB/s   5m17s[K[?25h[?2026l[?2026h[?25l[A[1Gpulling manifest [K
pulling aeda25e63ebd:  51% ▕█████████         ▏ 1.7 GB/3.3 GB  5.3 MB/s   5m14s[K[?25h[?2026l[?2026h[?25l[A[1Gpulling manifest [K
pulling aeda25e63ebd:  51% ▕█████████         ▏ 1.7 GB/3.3 GB  5.3 MB/s   5m14s[K[?25h[?2026l[?2026h[?25l[A[1Gpulling manifest [K
pulling aeda25e63ebd:  51% ▕█████████         ▏ 1.7 GB/3.3 GB  5.3 MB/s   5m14s[K[?25h[?2026l[?2026h[?25l[A[1Gpulling manifest [K
pulling aeda25e63ebd:  51% ▕█████████         ▏ 1.7 GB/3.3 GB  5.3 MB/s   5m14s[K[?25h[?2026l[?2026h[?25l[A[1Gpulling manifest [K
pulling aeda25e63ebd:  51% ▕█████████         ▏ 1.7 GB/3.3 GB  5.3 MB/s   5m14s[K[?25h[?2026l[?2026h[?25l[A[1Gpulling manifest [K
pulling aeda25e63ebd:  51% ▕█████████         ▏ 1.7 GB/3.3 GB  5.3 MB/s   5m14s[K[?25h[?2026l[?2026h[?25l[A[1Gpulling manifest [K
pulling aeda25e63ebd:  51% ▕█████████         ▏ 1.7 GB/3.3 GB  5.3 MB/s   5m14s[K[?25h[?2026l[?2026h[?25l[A[1Gpulling manifest [K
pulling aeda25e63ebd:  51% ▕█████████         ▏ 1.7 GB/3.3 GB  5.3 MB/s   5m13s[K[?25h[?2026l[?2026h[?25l[A[1Gpulling manifest [K
pulling aeda25e63ebd:  51% ▕█████████         ▏ 1.7 GB/3.3 GB  5.3 MB/s   5m13s[K[?25h[?2026l[?2026h[?25l[A[1Gpulling manifest [K
pulling aeda25e63ebd:  51% ▕█████████         ▏ 1.7 GB/3.3 GB  5.3 MB/s   5m13s[K[?25h[?2026l[?2026h[?25l[A[1Gpulling manifest [K
pulling aeda25e63ebd:  51% ▕█████████         ▏ 1.7 GB/3.3 GB  5.2 MB/s   5m14s[K[?25h[?2026l[?2026h[?25l[A[1Gpulling manifest [K
pulling aeda25e63ebd:  51% ▕█████████         ▏ 1.7 GB/3.3 GB  5.2 MB/s   5m14s[K[?25h[?2026l[?2026h[?25l[A[1Gpulling manifest [K
pulling aeda25e63ebd:  51% ▕█████████         ▏ 1.7 GB/3.3 GB  5.2 MB/s   5m14s[K[?25h[?2026l[?2026h[?25l[A[1Gpulling manifest [K
pulling aeda25e63ebd:  51% ▕█████████         ▏ 1.7 GB/3.3 GB  5.2 MB/s   5m14s[K[?25h[?2026l[?2026h[?25l[A[1Gpulling manifest [K
pulling aeda25e63ebd:  51% ▕█████████         ▏ 1.7 GB/3.3 GB  5.2 MB/s   5m14s[K[?25h[?2026l[?2026h[?25l[A[1Gpulling manifest [K
pulling aeda25e63ebd:  51% ▕█████████         ▏ 1.7 GB/3.3 GB  5.2 MB/s   5m14s[K[?25h[?2026l[?2026h[?25l[A[1Gpulling manifest [K
pulling aeda25e63ebd:  51% ▕█████████         ▏ 1.7 GB/3.3 GB  5.2 MB/s   5m14s[K[?25h[?2026l[?2026h[?25l[A[1Gpulling manifest [K
pulling aeda25e63ebd:  51% ▕█████████         ▏ 1.7 GB/3.3 GB  5.2 MB/s   5m14s[K[?25h[?2026l[?2026h[?25l[A[1Gpulling manifest [K
pulling aeda25e63ebd:  51% ▕█████████         ▏ 1.7 GB/3.3 GB  5.2 MB/s   5m14s[K[?25h[?2026l[?2026h[?25l[A[1Gpulling manifest [K
pulling aeda25e63ebd:  51% ▕█████████         ▏ 1.7 GB/3.3 GB  5.2 MB/s   5m14s[K[?25h[?2026l[?2026h[?25l[A[1Gpulling manifest [K
pulling aeda25e63ebd:  51% ▕█████████         ▏ 1.7 GB/3.3 GB  5.3 MB/s   5m12s[K[?25h[?2026l[?2026h[?25l[A[1Gpulling manifest [K
pulling aeda25e63ebd:  51% ▕█████████         ▏ 1.7 GB/3.3 GB  5.3 MB/s   5m12s[K[?25h[?2026l[?2026h[?25l[A[1Gpulling manifest [K
pulling aeda25e63ebd:  51% ▕█████████         ▏ 1.7 GB/3.3 GB  5.3 MB/s   5m12s[K[?25h[?2026l[?2026h[?25l[A[1Gpulling manifest [K
pulling aeda25e63ebd:  51% ▕█████████         ▏ 1.7 GB/3.3 GB  5.3 MB/s   5m12s[K[?25h[?2026l[?2026h[?25l[A[1Gpulling manifest [K
pulling aeda25e63ebd:  51% ▕█████████         ▏ 1.7 GB/3.3 GB  5.3 MB/s   5m12s[K[?25h[?2026l[?2026h[?25l[A[1Gpulling manifest [K
pulling aeda25e63ebd:  51% ▕█████████         ▏ 1.7 GB/3.3 GB  5.3 MB/s   5m11s[K[?25h[?2026l[?2026h[?25l[A[1Gpulling manifest [K
pulling aeda25e63ebd:  51% ▕█████████         ▏ 1.7 GB/3.3 GB  5.3 MB/s   5m11s[K[?25h[?2026l[?2026h[?25l[A[1Gpulling manifest [K
pulling aeda25e63ebd:  51% ▕█████████         ▏ 1.7 GB/3.3 GB  5.3 MB/s   5m11s[K[?25h[?2026l[?2026h[?25l[A[1Gpulling manifest [K
pulling aeda25e63ebd:  51% ▕█████████         ▏ 1.7 GB/3.3 GB  5.3 MB/s   5m11s[K[?25h[?2026l[?2026h[?25l[A[1Gpulling manifest [K
pulling aeda25e63ebd:  51% ▕█████████         ▏ 1.7 GB/3.3 GB  5.3 MB/s   5m11s[K[?25h[?2026l[?2026h[?25l[A[1Gpulling manifest [K
pulling aeda25e63ebd:  51% ▕█████████         ▏ 1.7 GB/3.3 GB  5.3 MB/s   5m11s[K[?25h[?2026l[?2026h[?25l[A[1Gpulling manifest [K
pulling aeda25e63ebd:  51% ▕█████████         ▏ 1.7 GB/3.3 GB  5.2 MB/s   5m15s[K[?25h[?2026l[?2026h[?25l[A[1Gpulling manifest [K
pulling aeda25e63ebd:  51% ▕█████████         ▏ 1.7 GB/3.3 GB  5.2 MB/s   5m14s[K[?25h[?2026l[?2026h[?25l[A[1Gpulling manifest [K
pulling aeda25e63ebd:  51% ▕█████████         ▏ 1.7 GB/3.3 GB  5.2 MB/s   5m14s[K[?25h[?2026l[?2026h[?25l[A[1Gpulling manifest [K
pulling aeda25e63ebd:  51% ▕█████████         ▏ 1.7 GB/3.3 GB  5.2 MB/s   5m14s[K[?25h[?2026l[?2026h[?25l[A[1Gpulling manifest [K
pulling aeda25e63ebd:  51% ▕█████████         ▏ 1.7 GB/3.3 GB  5.2 MB/s   5m14s[K[?25h[?2026l[?2026h[?25l[A[1Gpulling manifest [K
pulling aeda25e63ebd:  51% ▕█████████         ▏ 1.7 GB/3.3 GB  5.2 MB/s   5m14s[K[?25h[?2026l[?2026h[?25l[A[1Gpulling manifest [K
pulling aeda25e63ebd:  51% ▕█████████         ▏ 1.7 GB/3.3 GB  5.2 MB/s   5m14s[K[?25h[?2026l[?2026h[?25l[A[1Gpulling manifest [K
pulling aeda25e63ebd:  51% ▕█████████         ▏ 1.7 GB/3.3 GB  5.2 MB/s   5m14s[K[?25h[?2026l[?2026h[?25l[A[1Gpulling manifest [K
pulling aeda25e63ebd:  51% ▕█████████         ▏ 1.7 GB/3.3 GB  5.2 MB/s   5m14s[K[?25h[?2026l[?2026h[?25l[A[1Gpulling manifest [K
pulling aeda25e63ebd:  51% ▕█████████         ▏ 1.7 GB/3.3 GB  5.2 MB/s   5m14s[K[?25h[?2026l[?2026h[?25l[A[1Gpulling manifest [K
pulling aeda25e63ebd:  51% ▕█████████         ▏ 1.7 GB/3.3 GB  5.2 MB/s   5m13s[K[?25h[?2026l[?2026h[?25l[A[1Gpulling manifest [K
pulling aeda25e63ebd:  51% ▕█████████         ▏ 1.7 GB/3.3 GB  5.2 MB/s   5m13s[K[?25h[?2026l[?2026h[?25l[A[1Gpulling manifest [K
pulling aeda25e63ebd:  51% ▕█████████         ▏ 1.7 GB/3.3 GB  5.2 MB/s   5m12s[K[?25h[?2026l[?2026h[?25l[A[1Gpulling manifest [K
pulling aeda25e63ebd:  51% ▕█████████         ▏ 1.7 GB/3.3 GB  5.2 MB/s   5m12s[K[?25h[?2026l[?2026h[?25l[A[1Gpulling manifest [K
pulling aeda25e63ebd:  51% ▕█████████         ▏ 1.7 GB/3.3 GB  5.2 MB/s   5m12s[K[?25h[?2026l[?2026h[?25l[A[1Gpulling manifest [K
pulling aeda25e63ebd:  51% ▕█████████         ▏ 1.7 GB/3.3 GB  5.2 MB/s   5m12s[K[?25h[?2026l[?2026h[?25l[A[1Gpulling manifest [K
pulling aeda25e63ebd:  51% ▕█████████         ▏ 1.7 GB/3.3 GB  5.2 MB/s   5m12s[K[?25h[?2026l[?2026h[?25l[A[1Gpulling manifest [K
pulling aeda25e63ebd:  51% ▕█████████         ▏ 1.7 GB/3.3 GB  5.2 MB/s   5m12s[K[?25h[?2026l[?2026h[?25l[A[1Gpulling manifest [K
pulling aeda25e63ebd:  51% ▕█████████         ▏ 1.7 GB/3.3 GB  5.2 MB/s   5m12s[K[?25h[?2026l[?2026h[?25l[A[1Gpulling manifest [K
pulling aeda25e63ebd:  51% ▕█████████         ▏ 1.7 GB/3.3 GB  5.2 MB/s   5m12s[K[?25h[?2026l[?2026h[?25l[A[1Gpulling manifest [K
pulling aeda25e63ebd:  51% ▕█████████         ▏ 1.7 GB/3.3 GB  5.3 MB/s    5m7s[K[?25h[?2026l[?2026h[?25l[A[1Gpulling manifest [K
pulling aeda25e63ebd:  51% ▕█████████         ▏ 1.7 GB/3.3 GB  5.3 MB/s    5m6s[K[?25h[?2026l[?2026h[?25l[A[1Gpulling manifest [K
pulling aeda25e63ebd:  51% ▕█████████         ▏ 1.7 GB/3.3 GB  5.3 MB/s    5m6s[K[?25h[?2026l[?2026h[?25l[A[1Gpulling manifest [K
pulling aeda25e63ebd:  51% ▕█████████         ▏ 1.7 GB/3.3 GB  5.3 MB/s    5m6s[K[?25h[?2026l[?2026h[?25l[A[1Gpulling manifest [K
pulling aeda25e63ebd:  51% ▕█████████         ▏ 1.7 GB/3.3 GB  5.3 MB/s    5m6s[K[?25h[?2026l[?2026h[?25l[A[1Gpulling manifest [K
pulling aeda25e63ebd:  51% ▕█████████         ▏ 1.7 GB/3.3 GB  5.3 MB/s    5m6s[K[?25h[?2026l[?2026h[?25l[A[1Gpulling manifest [K
pulling aeda25e63ebd:  51% ▕█████████         ▏ 1.7 GB/3.3 GB  5.3 MB/s    5m6s[K[?25h[?2026l[?2026h[?25l[A[1Gpulling manifest [K
pulling aeda25e63ebd:  51% ▕█████████         ▏ 1.7 GB/3.3 GB  5.3 MB/s    5m6s[K[?25h[?2026l[?2026h[?25l[A[1Gpulling manifest [K
pulling aeda25e63ebd:  51% ▕█████████         ▏ 1.7 GB/3.3 GB  5.3 MB/s    5m6s[K[?25h[?2026l[?2026h[?25l[A[1Gpulling manifest [K
pulling aeda25e63ebd:  51% ▕█████████         ▏ 1.7 GB/3.3 GB  5.3 MB/s    5m6s[K[?25h[?2026l[?2026h[?25l[A[1Gpulling manifest [K
pulling aeda25e63ebd:  51% ▕█████████         ▏ 1.7 GB/3.3 GB  5.3 MB/s    5m3s[K[?25h[?2026l[?2026h[?25l[A[1Gpulling manifest [K
pulling aeda25e63ebd:  52% ▕█████████         ▏ 1.7 GB/3.3 GB  5.3 MB/s    5m3s[K[?25h[?2026l[?2026h[?25l[A[1Gpulling manifest [K
pulling aeda25e63ebd:  52% ▕█████████         ▏ 1.7 GB/3.3 GB  5.3 MB/s    5m3s[K[?25h[?2026l[?2026h[?25l[A[1Gpulling manifest [K
pulling aeda25e63ebd:  52% ▕█████████         ▏ 1.7 GB/3.3 GB  5.3 MB/s    5m3s[K[?25h[?2026l[?2026h[?25l[A[1Gpulling manifest [K
pulling aeda25e63ebd:  52% ▕█████████         ▏ 1.7 GB/3.3 GB  5.3 MB/s    5m3s[K[?25h[?2026l[?2026h[?25l[A[1Gpulling manifest [K
pulling aeda25e63ebd:  52% ▕█████████         ▏ 1.7 GB/3.3 GB  5.3 MB/s    5m3s[K[?25h[?2026l[?2026h[?25l[A[1Gpulling manifest [K
pulling aeda25e63ebd:  52% ▕█████████         ▏ 1.7 GB/3.3 GB  5.3 MB/s    5m3s[K[?25h[?2026l[?2026h[?25l[A[1Gpulling manifest [K
pulling aeda25e63ebd:  52% ▕█████████         ▏ 1.7 GB/3.3 GB  5.3 MB/s    5m3s[K[?25h[?2026l[?2026h[?25l[A[1Gpulling manifest [K
pulling aeda25e63ebd:  52% ▕█████████         ▏ 1.7 GB/3.3 GB  5.3 MB/s    5m3s[K[?25h[?2026l[?2026h[?25l[A[1Gpulling manifest [K
pulling aeda25e63ebd:  52% ▕█████████         ▏ 1.7 GB/3.3 GB  5.3 MB/s    5m2s[K[?25h[?2026l[?2026h[?25l[A[1Gpulling manifest [K
pulling aeda25e63ebd:  52% ▕█████████         ▏ 1.7 GB/3.3 GB  5.3 MB/s    5m3s[K[?25h[?2026l[?2026h[?25l[A[1Gpulling manifest [K
pulling aeda25e63ebd:  52% ▕█████████         ▏ 1.7 GB/3.3 GB  5.3 MB/s    5m3s[K[?25h[?2026l[?2026h[?25l[A[1Gpulling manifest [K
pulling aeda25e63ebd:  52% ▕█████████         ▏ 1.7 GB/3.3 GB  5.3 MB/s    5m3s[K[?25h[?2026l[?2026h[?25l[A[1Gpulling manifest [K
pulling aeda25e63ebd:  52% ▕█████████         ▏ 1.7 GB/3.3 GB  5.3 MB/s    5m3s[K[?25h[?2026l[?2026h[?25l[A[1Gpulling manifest [K
pulling aeda25e63ebd:  52% ▕█████████         ▏ 1.7 GB/3.3 GB  5.3 MB/s    5m3s[K[?25h[?2026l[?2026h[?25l[A[1Gpulling manifest [K
pulling aeda25e63ebd:  52% ▕█████████         ▏ 1.7 GB/3.3 GB  5.3 MB/s    5m3s[K[?25h[?2026l[?2026h[?25l[A[1Gpulling manifest [K
pulling aeda25e63ebd:  52% ▕█████████         ▏ 1.7 GB/3.3 GB  5.3 MB/s    5m3s[K[?25h[?2026l[?2026h[?25l[A[1Gpulling manifest [K
pulling aeda25e63ebd:  52% ▕█████████         ▏ 1.7 GB/3.3 GB  5.3 MB/s    5m3s[K[?25h[?2026l[?2026h[?25l[A[1Gpulling manifest [K
pulling aeda25e63ebd:  52% ▕█████████         ▏ 1.7 GB/3.3 GB  5.3 MB/s    5m3s[K[?25h[?2026l[?2026h[?25l[A[1Gpulling manifest [K
pulling aeda25e63ebd:  52% ▕█████████         ▏ 1.7 GB/3.3 GB  5.3 MB/s    5m3s[K[?25h[?2026l[?2026h[?25l[A[1Gpulling manifest [K
pulling aeda25e63ebd:  52% ▕█████████         ▏ 1.7 GB/3.3 GB  5.3 MB/s    5m2s[K[?25h[?2026l[?2026h[?25l[A[1Gpulling manifest [K
pulling aeda25e63ebd:  52% ▕█████████         ▏ 1.7 GB/3.3 GB  5.3 MB/s    5m2s[K[?25h[?2026l[?2026h[?25l[A[1Gpulling manifest [K
pulling aeda25e63ebd:  52% ▕█████████         ▏ 1.7 GB/3.3 GB  5.3 MB/s    5m2s[K[?25h[?2026l[?2026h[?25l[A[1Gpulling manifest [K
pulling aeda25e63ebd:  52% ▕█████████         ▏ 1.7 GB/3.3 GB  5.3 MB/s    5m2s[K[?25h[?2026l[?2026h[?25l[A[1Gpulling manifest [K
pulling aeda25e63ebd:  52% ▕█████████         ▏ 1.7 GB/3.3 GB  5.3 MB/s    5m2s[K[?25h[?2026l[?2026h[?25l[A[1Gpulling manifest [K
pulling aeda25e63ebd:  52% ▕█████████         ▏ 1.7 GB/3.3 GB  5.3 MB/s    5m2s[K[?25h[?2026l[?2026h[?25l[A[1Gpulling manifest [K
pulling aeda25e63ebd:  52% ▕█████████         ▏ 1.7 GB/3.3 GB  5.3 MB/s    5m2s[K[?25h[?2026l[?2026h[?25l[A[1Gpulling manifest [K
pulling aeda25e63ebd:  52% ▕█████████         ▏ 1.7 GB/3.3 GB  5.3 MB/s    5m2s[K[?25h[?2026l[?2026h[?25l[A[1Gpulling manifest [K
pulling aeda25e63ebd:  52% ▕█████████         ▏ 1.7 GB/3.3 GB  5.3 MB/s    5m2s[K[?25h[?2026l[?2026h[?25l[A[1Gpulling manifest [K
pulling aeda25e63ebd:  52% ▕█████████         ▏ 1.7 GB/3.3 GB  5.3 MB/s    5m2s[K[?25h[?2026l[?2026h[?25l[A[1Gpulling manifest [K
pulling aeda25e63ebd:  52% ▕█████████         ▏ 1.7 GB/3.3 GB  5.3 MB/s    5m1s[K[?25h[?2026l[?2026h[?25l[A[1Gpulling manifest [K
pulling aeda25e63ebd:  52% ▕█████████         ▏ 1.7 GB/3.3 GB  5.3 MB/s    5m1s[K[?25h[?2026l[?2026h[?25l[A[1Gpulling manifest [K
pulling aeda25e63ebd:  52% ▕█████████         ▏ 1.7 GB/3.3 GB  5.3 MB/s    5m1s[K[?25h[?2026l[?2026h[?25l[A[1Gpulling manifest [K
pulling aeda25e63ebd:  52% ▕█████████         ▏ 1.7 GB/3.3 GB  5.3 MB/s    5m1s[K[?25h[?2026l[?2026h[?25l[A[1Gpulling manifest [K
pulling aeda25e63ebd:  52% ▕█████████         ▏ 1.7 GB/3.3 GB  5.3 MB/s    5m1s[K[?25h[?2026l[?2026h[?25l[A[1Gpulling manifest [K
pulling aeda25e63ebd:  52% ▕█████████         ▏ 1.7 GB/3.3 GB  5.3 MB/s    5m1s[K[?25h[?2026l[?2026h[?25l[A[1Gpulling manifest [K
pulling aeda25e63ebd:  52% ▕█████████         ▏ 1.7 GB/3.3 GB  5.3 MB/s    5m1s[K[?25h[?2026l[?2026h[?25l[A[1Gpulling manifest [K
pulling aeda25e63ebd:  52% ▕█████████         ▏ 1.7 GB/3.3 GB  5.3 MB/s    5m1s[K[?25h[?2026l[?2026h[?25l[A[1Gpulling manifest [K
pulling aeda25e63ebd:  52% ▕█████████         ▏ 1.7 GB/3.3 GB  5.3 MB/s    5m1s[K[?25h[?2026l[?2026h[?25l[A[1Gpulling manifest [K
pulling aeda25e63ebd:  52% ▕█████████         ▏ 1.7 GB/3.3 GB  5.3 MB/s    5m1s[K[?25h[?2026l[?2026h[?25l[A[1Gpulling manifest [K
pulling aeda25e63ebd:  52% ▕█████████         ▏ 1.7 GB/3.3 GB  5.3 MB/s    5m0s[K[?25h[?2026l[?2026h[?25l[A[1Gpulling manifest [K
pulling aeda25e63ebd:  52% ▕█████████         ▏ 1.7 GB/3.3 GB  5.4 MB/s   4m56s[K[?25h[?2026l[?2026h[?25l[A[1Gpulling manifest [K
pulling aeda25e63ebd:  52% ▕█████████         ▏ 1.7 GB/3.3 GB  5.4 MB/s   4m56s[K[?25h[?2026l[?2026h[?25l[A[1Gpulling manifest [K
pulling aeda25e63ebd:  52% ▕█████████         ▏ 1.7 GB/3.3 GB  5.4 MB/s   4m56s[K[?25h[?2026l[?2026h[?25l[A[1Gpulling manifest [K
pulling aeda25e63ebd:  52% ▕█████████         ▏ 1.7 GB/3.3 GB  5.4 MB/s   4m56s[K[?25h[?2026l[?2026h[?25l[A[1Gpulling manifest [K
pulling aeda25e63ebd:  52% ▕█████████         ▏ 1.7 GB/3.3 GB  5.4 MB/s   4m56s[K[?25h[?2026l[?2026h[?25l[A[1Gpulling manifest [K
pulling aeda25e63ebd:  52% ▕█████████         ▏ 1.7 GB/3.3 GB  5.4 MB/s   4m55s[K[?25h[?2026l[?2026h[?25l[A[1Gpulling manifest [K
pulling aeda25e63ebd:  52% ▕█████████         ▏ 1.7 GB/3.3 GB  5.4 MB/s   4m55s[K[?25h[?2026l[?2026h[?25l[A[1Gpulling manifest [K
pulling aeda25e63ebd:  52% ▕█████████         ▏ 1.7 GB/3.3 GB  5.4 MB/s   4m55s[K[?25h[?2026l[?2026h[?25l[A[1Gpulling manifest [K
pulling aeda25e63ebd:  52% ▕█████████         ▏ 1.7 GB/3.3 GB  5.4 MB/s   4m55s[K[?25h[?2026l[?2026h[?25l[A[1Gpulling manifest [K
pulling aeda25e63ebd:  52% ▕█████████         ▏ 1.7 GB/3.3 GB  5.4 MB/s   4m55s[K[?25h[?2026l[?2026h[?25l[A[1Gpulling manifest [K
pulling aeda25e63ebd:  52% ▕█████████         ▏ 1.7 GB/3.3 GB  5.3 MB/s   4m57s[K[?25h[?2026l[?2026h[?25l[A[1Gpulling manifest [K
pulling aeda25e63ebd:  52% ▕█████████         ▏ 1.7 GB/3.3 GB  5.3 MB/s   4m57s[K[?25h[?2026l[?2026h[?25l[A[1Gpulling manifest [K
pulling aeda25e63ebd:  52% ▕█████████         ▏ 1.7 GB/3.3 GB  5.3 MB/s   4m57s[K[?25h[?2026l[?2026h[?25l[A[1Gpulling manifest [K
pulling aeda25e63ebd:  52% ▕█████████         ▏ 1.7 GB/3.3 GB  5.3 MB/s   4m57s[K[?25h[?2026l[?2026h[?25l[A[1Gpulling manifest [K
pulling aeda25e63ebd:  52% ▕█████████         ▏ 1.7 GB/3.3 GB  5.3 MB/s   4m57s[K[?25h[?2026l[?2026h[?25l[A[1Gpulling manifest [K
pulling aeda25e63ebd:  52% ▕█████████         ▏ 1.7 GB/3.3 GB  5.3 MB/s   4m57s[K[?25h[?2026l[?2026h[?25l[A[1Gpulling manifest [K
pulling aeda25e63ebd:  52% ▕█████████         ▏ 1.7 GB/3.3 GB  5.3 MB/s   4m57s[K[?25h[?2026l[?2026h[?25l[A[1Gpulling manifest [K
pulling aeda25e63ebd:  52% ▕█████████         ▏ 1.7 GB/3.3 GB  5.3 MB/s   4m57s[K[?25h[?2026l[?2026h[?25l[A[1Gpulling manifest [K
pulling aeda25e63ebd:  52% ▕█████████         ▏ 1.7 GB/3.3 GB  5.3 MB/s   4m57s[K[?25h[?2026l[?2026h[?25l[A[1Gpulling manifest [K
pulling aeda25e63ebd:  52% ▕█████████         ▏ 1.8 GB/3.3 GB  5.3 MB/s   4m56s[K[?25h[?2026l[?2026h[?25l[A[1Gpulling manifest [K
pulling aeda25e63ebd:  52% ▕█████████         ▏ 1.8 GB/3.3 GB  5.4 MB/s   4m53s[K[?25h[?2026l[?2026h[?25l[A[1Gpulling manifest [K
pulling aeda25e63ebd:  52% ▕█████████         ▏ 1.8 GB/3.3 GB  5.4 MB/s   4m53s[K[?25h[?2026l[?2026h[?25l[A[1Gpulling manifest [K
pulling aeda25e63ebd:  52% ▕█████████         ▏ 1.8 GB/3.3 GB  5.4 MB/s   4m53s[K[?25h[?2026l[?2026h[?25l[A[1Gpulling manifest [K
pulling aeda25e63ebd:  53% ▕█████████         ▏ 1.8 GB/3.3 GB  5.4 MB/s   4m52s[K[?25h[?2026l[?2026h[?25l[A[1Gpulling manifest [K
pulling aeda25e63ebd:  53% ▕█████████         ▏ 1.8 GB/3.3 GB  5.4 MB/s   4m52s[K[?25h[?2026l[?2026h[?25l[A[1Gpulling manifest [K
pulling aeda25e63ebd:  53% ▕█████████         ▏ 1.8 GB/3.3 GB  5.4 MB/s   4m52s[K[?25h[?2026l[?2026h[?25l[A[1Gpulling manifest [K
pulling aeda25e63ebd:  53% ▕█████████         ▏ 1.8 GB/3.3 GB  5.4 MB/s   4m52s[K[?25h[?2026l[?2026h[?25l[A[1Gpulling manifest [K
pulling aeda25e63ebd:  53% ▕█████████         ▏ 1.8 GB/3.3 GB  5.4 MB/s   4m52s[K[?25h[?2026l[?2026h[?25l[A[1Gpulling manifest [K
pulling aeda25e63ebd:  53% ▕█████████         ▏ 1.8 GB/3.3 GB  5.4 MB/s   4m52s[K[?25h[?2026l[?2026h[?25l[A[1Gpulling manifest [K
pulling aeda25e63ebd:  53% ▕█████████         ▏ 1.8 GB/3.3 GB  5.4 MB/s   4m52s[K[?25h[?2026l[?2026h[?25l[A[1Gpulling manifest [K
pulling aeda25e63ebd:  53% ▕█████████         ▏ 1.8 GB/3.3 GB  5.4 MB/s   4m52s[K[?25h[?2026l[?2026h[?25l[A[1Gpulling manifest [K
pulling aeda25e63ebd:  53% ▕█████████         ▏ 1.8 GB/3.3 GB  5.4 MB/s   4m50s[K[?25h[?2026l[?2026h[?25l[A[1Gpulling manifest [K
pulling aeda25e63ebd:  53% ▕█████████         ▏ 1.8 GB/3.3 GB  5.4 MB/s   4m50s[K[?25h[?2026l[?2026h[?25l[A[1Gpulling manifest [K
pulling aeda25e63ebd:  53% ▕█████████         ▏ 1.8 GB/3.3 GB  5.4 MB/s   4m50s[K[?25h[?2026l[?2026h[?25l[A[1Gpulling manifest [K
pulling aeda25e63ebd:  53% ▕█████████         ▏ 1.8 GB/3.3 GB  5.4 MB/s   4m50s[K[?25h[?2026l[?2026h[?25l[A[1Gpulling manifest [K
pulling aeda25e63ebd:  53% ▕█████████         ▏ 1.8 GB/3.3 GB  5.4 MB/s   4m49s[K[?25h[?2026l[?2026h[?25l[A[1Gpulling manifest [K
pulling aeda25e63ebd:  53% ▕█████████         ▏ 1.8 GB/3.3 GB  5.4 MB/s   4m49s[K[?25h[?2026l[?2026h[?25l[A[1Gpulling manifest [K
pulling aeda25e63ebd:  53% ▕█████████         ▏ 1.8 GB/3.3 GB  5.4 MB/s   4m49s[K[?25h[?2026l[?2026h[?25l[A[1Gpulling manifest [K
pulling aeda25e63ebd:  53% ▕█████████         ▏ 1.8 GB/3.3 GB  5.4 MB/s   4m49s[K[?25h[?2026l[?2026h[?25l[A[1Gpulling manifest [K
pulling aeda25e63ebd:  53% ▕█████████         ▏ 1.8 GB/3.3 GB  5.4 MB/s   4m49s[K[?25h[?2026l[?2026h[?25l[A[1Gpulling manifest [K
pulling aeda25e63ebd:  53% ▕█████████         ▏ 1.8 GB/3.3 GB  5.4 MB/s   4m49s[K[?25h[?2026l[?2026h[?25l[A[1Gpulling manifest [K
pulling aeda25e63ebd:  53% ▕█████████         ▏ 1.8 GB/3.3 GB  5.4 MB/s   4m50s[K[?25h[?2026l[?2026h[?25l[A[1Gpulling manifest [K
pulling aeda25e63ebd:  53% ▕█████████         ▏ 1.8 GB/3.3 GB  5.4 MB/s   4m50s[K[?25h[?2026l[?2026h[?25l[A[1Gpulling manifest [K
pulling aeda25e63ebd:  53% ▕█████████         ▏ 1.8 GB/3.3 GB  5.4 MB/s   4m50s[K[?25h[?2026l[?2026h[?25l[A[1Gpulling manifest [K
pulling aeda25e63ebd:  53% ▕█████████         ▏ 1.8 GB/3.3 GB  5.4 MB/s   4m50s[K[?25h[?2026l[?2026h[?25l[A[1Gpulling manifest [K
pulling aeda25e63ebd:  53% ▕█████████         ▏ 1.8 GB/3.3 GB  5.4 MB/s   4m50s[K[?25h[?2026l[?2026h[?25l[A[1Gpulling manifest [K
pulling aeda25e63ebd:  53% ▕█████████         ▏ 1.8 GB/3.3 GB  5.4 MB/s   4m50s[K[?25h[?2026l[?2026h[?25l[A[1Gpulling manifest [K
pulling aeda25e63ebd:  53% ▕█████████         ▏ 1.8 GB/3.3 GB  5.4 MB/s   4m49s[K[?25h[?2026l[?2026h[?25l[A[1Gpulling manifest [K
pulling aeda25e63ebd:  53% ▕█████████         ▏ 1.8 GB/3.3 GB  5.4 MB/s   4m49s[K[?25h[?2026l[?2026h[?25l[A[1Gpulling manifest [K
pulling aeda25e63ebd:  53% ▕█████████         ▏ 1.8 GB/3.3 GB  5.4 MB/s   4m49s[K[?25h[?2026l[?2026h[?25l[A[1Gpulling manifest [K
pulling aeda25e63ebd:  53% ▕█████████         ▏ 1.8 GB/3.3 GB  5.4 MB/s   4m49s[K[?25h[?2026l[?2026h[?25l[A[1Gpulling manifest [K
pulling aeda25e63ebd:  53% ▕█████████         ▏ 1.8 GB/3.3 GB  5.5 MB/s   4m47s[K[?25h[?2026l[?2026h[?25l[A[1Gpulling manifest [K
pulling aeda25e63ebd:  53% ▕█████████         ▏ 1.8 GB/3.3 GB  5.5 MB/s   4m47s[K[?25h[?2026l[?2026h[?25l[A[1Gpulling manifest [K
pulling aeda25e63ebd:  53% ▕█████████         ▏ 1.8 GB/3.3 GB  5.5 MB/s   4m46s[K[?25h[?2026l[?2026h[?25l[A[1Gpulling manifest [K
pulling aeda25e63ebd:  53% ▕█████████         ▏ 1.8 GB/3.3 GB  5.5 MB/s   4m46s[K[?25h[?2026l[?2026h[?25l[A[1Gpulling manifest [K
pulling aeda25e63ebd:  53% ▕█████████         ▏ 1.8 GB/3.3 GB  5.5 MB/s   4m46s[K[?25h[?2026l[?2026h[?25l[A[1Gpulling manifest [K
pulling aeda25e63ebd:  53% ▕█████████         ▏ 1.8 GB/3.3 GB  5.5 MB/s   4m46s[K[?25h[?2026l[?2026h[?25l[A[1Gpulling manifest [K
pulling aeda25e63ebd:  53% ▕█████████         ▏ 1.8 GB/3.3 GB  5.5 MB/s   4m46s[K[?25h[?2026l[?2026h[?25l[A[1Gpulling manifest [K
pulling aeda25e63ebd:  53% ▕█████████         ▏ 1.8 GB/3.3 GB  5.5 MB/s   4m46s[K[?25h[?2026l[?2026h[?25l[A[1Gpulling manifest [K
pulling aeda25e63ebd:  53% ▕█████████         ▏ 1.8 GB/3.3 GB  5.5 MB/s   4m46s[K[?25h[?2026l[?2026h[?25l[A[1Gpulling manifest [K
pulling aeda25e63ebd:  53% ▕█████████         ▏ 1.8 GB/3.3 GB  5.5 MB/s   4m46s[K[?25h[?2026l[?2026h[?25l[A[1Gpulling manifest [K
pulling aeda25e63ebd:  53% ▕█████████         ▏ 1.8 GB/3.3 GB  5.5 MB/s   4m46s[K[?25h[?2026l[?2026h[?25l[A[1Gpulling manifest [K
pulling aeda25e63ebd:  53% ▕█████████         ▏ 1.8 GB/3.3 GB  5.5 MB/s   4m46s[K[?25h[?2026l[?2026h[?25l[A[1Gpulling manifest [K
pulling aeda25e63ebd:  53% ▕█████████         ▏ 1.8 GB/3.3 GB  5.5 MB/s   4m46s[K[?25h[?2026l[?2026h[?25l[A[1Gpulling manifest [K
pulling aeda25e63ebd:  53% ▕█████████         ▏ 1.8 GB/3.3 GB  5.5 MB/s   4m46s[K[?25h[?2026l[?2026h[?25l[A[1Gpulling manifest [K
pulling aeda25e63ebd:  53% ▕█████████         ▏ 1.8 GB/3.3 GB  5.5 MB/s   4m46s[K[?25h[?2026l[?2026h[?25l[A[1Gpulling manifest [K
pulling aeda25e63ebd:  53% ▕█████████         ▏ 1.8 GB/3.3 GB  5.5 MB/s   4m46s[K[?25h[?2026l[?2026h[?25l[A[1Gpulling manifest [K
pulling aeda25e63ebd:  53% ▕█████████         ▏ 1.8 GB/3.3 GB  5.5 MB/s   4m45s[K[?25h[?2026l[?2026h[?25l[A[1Gpulling manifest [K
pulling aeda25e63ebd:  53% ▕█████████         ▏ 1.8 GB/3.3 GB  5.5 MB/s   4m45s[K[?25h[?2026l[?2026h[?25l[A[1Gpulling manifest [K
pulling aeda25e63ebd:  53% ▕█████████         ▏ 1.8 GB/3.3 GB  5.5 MB/s   4m45s[K[?25h[?2026l[?2026h[?25l[A[1Gpulling manifest [K
pulling aeda25e63ebd:  53% ▕█████████         ▏ 1.8 GB/3.3 GB  5.5 MB/s   4m45s[K[?25h[?2026l[?2026h[?25l[A[1Gpulling manifest [K
pulling aeda25e63ebd:  53% ▕█████████         ▏ 1.8 GB/3.3 GB  5.5 MB/s   4m45s[K[?25h[?2026l[?2026h[?25l[A[1Gpulling manifest [K
pulling aeda25e63ebd:  53% ▕█████████         ▏ 1.8 GB/3.3 GB  5.5 MB/s   4m43s[K[?25h[?2026l[?2026h[?25l[A[1Gpulling manifest [K
pulling aeda25e63ebd:  53% ▕█████████         ▏ 1.8 GB/3.3 GB  5.5 MB/s   4m43s[K[?25h[?2026l[?2026h[?25l[A[1Gpulling manifest [K
pulling aeda25e63ebd:  53% ▕█████████         ▏ 1.8 GB/3.3 GB  5.5 MB/s   4m43s[K[?25h[?2026l[?2026h[?25l[A[1Gpulling manifest [K
pulling aeda25e63ebd:  53% ▕█████████         ▏ 1.8 GB/3.3 GB  5.5 MB/s   4m43s[K[?25h[?2026l[?2026h[?25l[A[1Gpulling manifest [K
pulling aeda25e63ebd:  53% ▕█████████         ▏ 1.8 GB/3.3 GB  5.5 MB/s   4m43s[K[?25h[?2026l[?2026h[?25l[A[1Gpulling manifest [K
pulling aeda25e63ebd:  53% ▕█████████         ▏ 1.8 GB/3.3 GB  5.5 MB/s   4m43s[K[?25h[?2026l[?2026h[?25l[A[1Gpulling manifest [K
pulling aeda25e63ebd:  53% ▕█████████         ▏ 1.8 GB/3.3 GB  5.5 MB/s   4m43s[K[?25h[?2026l[?2026h[?25l[A[1Gpulling manifest [K
pulling aeda25e63ebd:  53% ▕█████████         ▏ 1.8 GB/3.3 GB  5.5 MB/s   4m43s[K[?25h[?2026l[?2026h[?25l[A[1Gpulling manifest [K
pulling aeda25e63ebd:  53% ▕█████████         ▏ 1.8 GB/3.3 GB  5.5 MB/s   4m43s[K[?25h[?2026l[?2026h[?25l[A[1Gpulling manifest [K
pulling aeda25e63ebd:  53% ▕█████████         ▏ 1.8 GB/3.3 GB  5.5 MB/s   4m42s[K[?25h[?2026l[?2026h[?25l[A[1Gpulling manifest [K
pulling aeda25e63ebd:  53% ▕█████████         ▏ 1.8 GB/3.3 GB  5.5 MB/s   4m43s[K[?25h[?2026l[?2026h[?25l[A[1Gpulling manifest [K
pulling aeda25e63ebd:  53% ▕█████████         ▏ 1.8 GB/3.3 GB  5.5 MB/s   4m42s[K[?25h[?2026l[?2026h[?25l[A[1Gpulling manifest [K
pulling aeda25e63ebd:  53% ▕█████████         ▏ 1.8 GB/3.3 GB  5.5 MB/s   4m42s[K[?25h[?2026l[?2026h[?25l[A[1Gpulling manifest [K
pulling aeda25e63ebd:  54% ▕█████████         ▏ 1.8 GB/3.3 GB  5.5 MB/s   4m42s[K[?25h[?2026l[?2026h[?25l[A[1Gpulling manifest [K
pulling aeda25e63ebd:  54% ▕█████████         ▏ 1.8 GB/3.3 GB  5.5 MB/s   4m42s[K[?25h[?2026l[?2026h[?25l[A[1Gpulling manifest [K
pulling aeda25e63ebd:  54% ▕█████████         ▏ 1.8 GB/3.3 GB  5.5 MB/s   4m42s[K[?25h[?2026l[?2026h[?25l[A[1Gpulling manifest [K
pulling aeda25e63ebd:  54% ▕█████████         ▏ 1.8 GB/3.3 GB  5.5 MB/s   4m42s[K[?25h[?2026l[?2026h[?25l[A[1Gpulling manifest [K
pulling aeda25e63ebd:  54% ▕█████████         ▏ 1.8 GB/3.3 GB  5.5 MB/s   4m42s[K[?25h[?2026l[?2026h[?25l[A[1Gpulling manifest [K
pulling aeda25e63ebd:  54% ▕█████████         ▏ 1.8 GB/3.3 GB  5.5 MB/s   4m42s[K[?25h[?2026l[?2026h[?25l[A[1Gpulling manifest [K
pulling aeda25e63ebd:  54% ▕█████████         ▏ 1.8 GB/3.3 GB  5.5 MB/s   4m42s[K[?25h[?2026l[?2026h[?25l[A[1Gpulling manifest [K
pulling aeda25e63ebd:  54% ▕█████████         ▏ 1.8 GB/3.3 GB  5.5 MB/s   4m41s[K[?25h[?2026l[?2026h[?25l[A[1Gpulling manifest [K
pulling aeda25e63ebd:  54% ▕█████████         ▏ 1.8 GB/3.3 GB  5.5 MB/s   4m41s[K[?25h[?2026l[?2026h[?25l[A[1Gpulling manifest [K
pulling aeda25e63ebd:  54% ▕█████████         ▏ 1.8 GB/3.3 GB  5.5 MB/s   4m41s[K[?25h[?2026l[?2026h[?25l[A[1Gpulling manifest [K
pulling aeda25e63ebd:  54% ▕█████████         ▏ 1.8 GB/3.3 GB  5.5 MB/s   4m41s[K[?25h[?2026l[?2026h[?25l[A[1Gpulling manifest [K
pulling aeda25e63ebd:  54% ▕█████████         ▏ 1.8 GB/3.3 GB  5.5 MB/s   4m41s[K[?25h[?2026l[?2026h[?25l[A[1Gpulling manifest [K
pulling aeda25e63ebd:  54% ▕█████████         ▏ 1.8 GB/3.3 GB  5.5 MB/s   4m41s[K[?25h[?2026l[?2026h[?25l[A[1Gpulling manifest [K
pulling aeda25e63ebd:  54% ▕█████████         ▏ 1.8 GB/3.3 GB  5.5 MB/s   4m41s[K[?25h[?2026l[?2026h[?25l[A[1Gpulling manifest [K
pulling aeda25e63ebd:  54% ▕█████████         ▏ 1.8 GB/3.3 GB  5.5 MB/s   4m41s[K[?25h[?2026l[?2026h[?25l[A[1Gpulling manifest [K
pulling aeda25e63ebd:  54% ▕█████████         ▏ 1.8 GB/3.3 GB  5.5 MB/s   4m41s[K[?25h[?2026l[?2026h[?25l[A[1Gpulling manifest [K
pulling aeda25e63ebd:  54% ▕█████████         ▏ 1.8 GB/3.3 GB  5.5 MB/s   4m40s[K[?25h[?2026l[?2026h[?25l[A[1Gpulling manifest [K
pulling aeda25e63ebd:  54% ▕█████████         ▏ 1.8 GB/3.3 GB  5.6 MB/s   4m34s[K[?25h[?2026l[?2026h[?25l[A[1Gpulling manifest [K
pulling aeda25e63ebd:  54% ▕█████████         ▏ 1.8 GB/3.3 GB  5.6 MB/s   4m34s[K[?25h[?2026l[?2026h[?25l[A[1Gpulling manifest [K
pulling aeda25e63ebd:  54% ▕█████████         ▏ 1.8 GB/3.3 GB  5.6 MB/s   4m34s[K[?25h[?2026l[?2026h[?25l[A[1Gpulling manifest [K
pulling aeda25e63ebd:  54% ▕█████████         ▏ 1.8 GB/3.3 GB  5.6 MB/s   4m34s[K[?25h[?2026l[?2026h[?25l[A[1Gpulling manifest [K
pulling aeda25e63ebd:  54% ▕█████████         ▏ 1.8 GB/3.3 GB  5.6 MB/s   4m34s[K[?25h[?2026l[?2026h[?25l[A[1Gpulling manifest [K
pulling aeda25e63ebd:  54% ▕█████████         ▏ 1.8 GB/3.3 GB  5.6 MB/s   4m34s[K[?25h[?2026l[?2026h[?25l[A[1Gpulling manifest [K
pulling aeda25e63ebd:  54% ▕█████████         ▏ 1.8 GB/3.3 GB  5.6 MB/s   4m34s[K[?25h[?2026l[?2026h[?25l[A[1Gpulling manifest [K
pulling aeda25e63ebd:  54% ▕█████████         ▏ 1.8 GB/3.3 GB  5.6 MB/s   4m34s[K[?25h[?2026l[?2026h[?25l[A[1Gpulling manifest [K
pulling aeda25e63ebd:  54% ▕█████████         ▏ 1.8 GB/3.3 GB  5.6 MB/s   4m34s[K[?25h[?2026l[?2026h[?25l[A[1Gpulling manifest [K
pulling aeda25e63ebd:  54% ▕█████████         ▏ 1.8 GB/3.3 GB  5.6 MB/s   4m34s[K[?25h[?2026l[?2026h[?25l[A[1Gpulling manifest [K
pulling aeda25e63ebd:  54% ▕█████████         ▏ 1.8 GB/3.3 GB  5.5 MB/s   4m38s[K[?25h[?2026l[?2026h[?25l[A[1Gpulling manifest [K
pulling aeda25e63ebd:  54% ▕█████████         ▏ 1.8 GB/3.3 GB  5.5 MB/s   4m38s[K[?25h[?2026l[?2026h[?25l[A[1Gpulling manifest [K
pulling aeda25e63ebd:  54% ▕█████████         ▏ 1.8 GB/3.3 GB  5.5 MB/s   4m38s[K[?25h[?2026l[?2026h[?25l[A[1Gpulling manifest [K
pulling aeda25e63ebd:  54% ▕█████████         ▏ 1.8 GB/3.3 GB  5.5 MB/s   4m38s[K[?25h[?2026l[?2026h[?25l[A[1Gpulling manifest [K
pulling aeda25e63ebd:  54% ▕█████████         ▏ 1.8 GB/3.3 GB  5.5 MB/s   4m38s[K[?25h[?2026l[?2026h[?25l[A[1Gpulling manifest [K
pulling aeda25e63ebd:  54% ▕█████████         ▏ 1.8 GB/3.3 GB  5.5 MB/s   4m38s[K[?25h[?2026l[?2026h[?25l[A[1Gpulling manifest [K
pulling aeda25e63ebd:  54% ▕█████████         ▏ 1.8 GB/3.3 GB  5.5 MB/s   4m37s[K[?25h[?2026l[?2026h[?25l[A[1Gpulling manifest [K
pulling aeda25e63ebd:  54% ▕█████████         ▏ 1.8 GB/3.3 GB  5.5 MB/s   4m37s[K[?25h[?2026l[?2026h[?25l[A[1Gpulling manifest [K
pulling aeda25e63ebd:  54% ▕█████████         ▏ 1.8 GB/3.3 GB  5.5 MB/s   4m37s[K[?25h[?2026l[?2026h[?25l[A[1Gpulling manifest [K
pulling aeda25e63ebd:  54% ▕█████████         ▏ 1.8 GB/3.3 GB  5.5 MB/s   4m37s[K[?25h[?2026l[?2026h[?25l[A[1Gpulling manifest [K
pulling aeda25e63ebd:  54% ▕█████████         ▏ 1.8 GB/3.3 GB  5.5 MB/s   4m38s[K[?25h[?2026l[?2026h[?25l[A[1Gpulling manifest [K
pulling aeda25e63ebd:  54% ▕█████████         ▏ 1.8 GB/3.3 GB  5.5 MB/s   4m38s[K[?25h[?2026l[?2026h[?25l[A[1Gpulling manifest [K
pulling aeda25e63ebd:  54% ▕█████████         ▏ 1.8 GB/3.3 GB  5.5 MB/s   4m38s[K[?25h[?2026l[?2026h[?25l[A[1Gpulling manifest [K
pulling aeda25e63ebd:  54% ▕█████████         ▏ 1.8 GB/3.3 GB  5.5 MB/s   4m38s[K[?25h[?2026l[?2026h[?25l[A[1Gpulling manifest [K
pulling aeda25e63ebd:  54% ▕█████████         ▏ 1.8 GB/3.3 GB  5.5 MB/s   4m38s[K[?25h[?2026l[?2026h[?25l[A[1Gpulling manifest [K
pulling aeda25e63ebd:  54% ▕█████████         ▏ 1.8 GB/3.3 GB  5.5 MB/s   4m37s[K[?25h[?2026l[?2026h[?25l[A[1Gpulling manifest [K
pulling aeda25e63ebd:  54% ▕█████████         ▏ 1.8 GB/3.3 GB  5.5 MB/s   4m37s[K[?25h[?2026l[?2026h[?25l[A[1Gpulling manifest [K
pulling aeda25e63ebd:  54% ▕█████████         ▏ 1.8 GB/3.3 GB  5.5 MB/s   4m37s[K[?25h[?2026l[?2026h[?25l[A[1Gpulling manifest [K
pulling aeda25e63ebd:  54% ▕█████████         ▏ 1.8 GB/3.3 GB  5.5 MB/s   4m37s[K[?25h[?2026l[?2026h[?25l[A[1Gpulling manifest [K
pulling aeda25e63ebd:  54% ▕█████████         ▏ 1.8 GB/3.3 GB  5.5 MB/s   4m37s[K[?25h[?2026l[?2026h[?25l[A[1Gpulling manifest [K
pulling aeda25e63ebd:  54% ▕█████████         ▏ 1.8 GB/3.3 GB  5.5 MB/s   4m37s[K[?25h[?2026l[?2026h[?25l[A[1Gpulling manifest [K
pulling aeda25e63ebd:  54% ▕█████████         ▏ 1.8 GB/3.3 GB  5.5 MB/s   4m35s[K[?25h[?2026l[?2026h[?25l[A[1Gpulling manifest [K
pulling aeda25e63ebd:  54% ▕█████████         ▏ 1.8 GB/3.3 GB  5.5 MB/s   4m35s[K[?25h[?2026l[?2026h[?25l[A[1Gpulling manifest [K
pulling aeda25e63ebd:  54% ▕█████████         ▏ 1.8 GB/3.3 GB  5.5 MB/s   4m35s[K[?25h[?2026l[?2026h[?25l[A[1Gpulling manifest [K
pulling aeda25e63ebd:  54% ▕█████████         ▏ 1.8 GB/3.3 GB  5.5 MB/s   4m35s[K[?25h[?2026l[?2026h[?25l[A[1Gpulling manifest [K
pulling aeda25e63ebd:  54% ▕█████████         ▏ 1.8 GB/3.3 GB  5.5 MB/s   4m35s[K[?25h[?2026l[?2026h[?25l[A[1Gpulling manifest [K
pulling aeda25e63ebd:  54% ▕█████████         ▏ 1.8 GB/3.3 GB  5.5 MB/s   4m35s[K[?25h[?2026l[?2026h[?25l[A[1Gpulling manifest [K
pulling aeda25e63ebd:  54% ▕█████████         ▏ 1.8 GB/3.3 GB  5.5 MB/s   4m35s[K[?25h[?2026l[?2026h[?25l[A[1Gpulling manifest [K
pulling aeda25e63ebd:  54% ▕█████████         ▏ 1.8 GB/3.3 GB  5.5 MB/s   4m35s[K[?25h[?2026l[?2026h[?25l[A[1Gpulling manifest [K
pulling aeda25e63ebd:  54% ▕█████████         ▏ 1.8 GB/3.3 GB  5.5 MB/s   4m34s[K[?25h[?2026l[?2026h[?25l[A[1Gpulling manifest [K
pulling aeda25e63ebd:  54% ▕█████████         ▏ 1.8 GB/3.3 GB  5.5 MB/s   4m34s[K[?25h[?2026l[?2026h[?25l[A[1Gpulling manifest [K
pulling aeda25e63ebd:  54% ▕█████████         ▏ 1.8 GB/3.3 GB  5.5 MB/s   4m37s[K[?25h[?2026l[?2026h[?25l[A[1Gpulling manifest [K
pulling aeda25e63ebd:  54% ▕█████████         ▏ 1.8 GB/3.3 GB  5.5 MB/s   4m37s[K[?25h[?2026l[?2026h[?25l[A[1Gpulling manifest [K
pulling aeda25e63ebd:  54% ▕█████████         ▏ 1.8 GB/3.3 GB  5.5 MB/s   4m37s[K[?25h[?2026l[?2026h[?25l[A[1Gpulling manifest [K
pulling aeda25e63ebd:  54% ▕█████████         ▏ 1.8 GB/3.3 GB  5.5 MB/s   4m37s[K[?25h[?2026l[?2026h[?25l[A[1Gpulling manifest [K
pulling aeda25e63ebd:  54% ▕█████████         ▏ 1.8 GB/3.3 GB  5.5 MB/s   4m37s[K[?25h[?2026l[?2026h[?25l[A[1Gpulling manifest [K
pulling aeda25e63ebd:  55% ▕█████████         ▏ 1.8 GB/3.3 GB  5.5 MB/s   4m37s[K[?25h[?2026l[?2026h[?25l[A[1Gpulling manifest [K
pulling aeda25e63ebd:  55% ▕█████████         ▏ 1.8 GB/3.3 GB  5.5 MB/s   4m37s[K[?25h[?2026l[?2026h[?25l[A[1Gpulling manifest [K
pulling aeda25e63ebd:  55% ▕█████████         ▏ 1.8 GB/3.3 GB  5.5 MB/s   4m37s[K[?25h[?2026l[?2026h[?25l[A[1Gpulling manifest [K
pulling aeda25e63ebd:  55% ▕█████████         ▏ 1.8 GB/3.3 GB  5.5 MB/s   4m37s[K[?25h[?2026l[?2026h[?25l[A[1Gpulling manifest [K
pulling aeda25e63ebd:  55% ▕█████████         ▏ 1.8 GB/3.3 GB  5.5 MB/s   4m37s[K[?25h[?2026l[?2026h[?25l[A[1Gpulling manifest [K
pulling aeda25e63ebd:  55% ▕█████████         ▏ 1.8 GB/3.3 GB  5.4 MB/s   4m40s[K[?25h[?2026l[?2026h[?25l[A[1Gpulling manifest [K
pulling aeda25e63ebd:  55% ▕█████████         ▏ 1.8 GB/3.3 GB  5.4 MB/s   4m40s[K[?25h[?2026l[?2026h[?25l[A[1Gpulling manifest [K
pulling aeda25e63ebd:  55% ▕█████████         ▏ 1.8 GB/3.3 GB  5.4 MB/s   4m40s[K[?25h[?2026l[?2026h[?25l[A[1Gpulling manifest [K
pulling aeda25e63ebd:  55% ▕█████████         ▏ 1.8 GB/3.3 GB  5.4 MB/s   4m40s[K[?25h[?2026l[?2026h[?25l[A[1Gpulling manifest [K
pulling aeda25e63ebd:  55% ▕█████████         ▏ 1.8 GB/3.3 GB  5.4 MB/s   4m40s[K[?25h[?2026l[?2026h[?25l[A[1Gpulling manifest [K
pulling aeda25e63ebd:  55% ▕█████████         ▏ 1.8 GB/3.3 GB  5.4 MB/s   4m40s[K[?25h[?2026l[?2026h[?25l[A[1Gpulling manifest [K
pulling aeda25e63ebd:  55% ▕█████████         ▏ 1.8 GB/3.3 GB  5.4 MB/s   4m40s[K[?25h[?2026l[?2026h[?25l[A[1Gpulling manifest [K
pulling aeda25e63ebd:  55% ▕█████████         ▏ 1.8 GB/3.3 GB  5.4 MB/s   4m40s[K[?25h[?2026l[?2026h[?25l[A[1Gpulling manifest [K
pulling aeda25e63ebd:  55% ▕█████████         ▏ 1.8 GB/3.3 GB  5.4 MB/s   4m40s[K[?25h[?2026l[?2026h[?25l[A[1Gpulling manifest [K
pulling aeda25e63ebd:  55% ▕█████████         ▏ 1.8 GB/3.3 GB  5.4 MB/s   4m40s[K[?25h[?2026l[?2026h[?25l[A[1Gpulling manifest [K
pulling aeda25e63ebd:  55% ▕█████████         ▏ 1.8 GB/3.3 GB  5.3 MB/s   4m42s[K[?25h[?2026l[?2026h[?25l[A[1Gpulling manifest [K
pulling aeda25e63ebd:  55% ▕█████████         ▏ 1.8 GB/3.3 GB  5.3 MB/s   4m42s[K[?25h[?2026l[?2026h[?25l[A[1Gpulling manifest [K
pulling aeda25e63ebd:  55% ▕█████████         ▏ 1.8 GB/3.3 GB  5.3 MB/s   4m42s[K[?25h[?2026l[?2026h[?25l[A[1Gpulling manifest [K
pulling aeda25e63ebd:  55% ▕█████████         ▏ 1.8 GB/3.3 GB  5.3 MB/s   4m42s[K[?25h[?2026l[?2026h[?25l[A[1Gpulling manifest [K
pulling aeda25e63ebd:  55% ▕█████████         ▏ 1.8 GB/3.3 GB  5.3 MB/s   4m42s[K[?25h[?2026l[?2026h[?25l[A[1Gpulling manifest [K
pulling aeda25e63ebd:  55% ▕█████████         ▏ 1.8 GB/3.3 GB  5.3 MB/s   4m42s[K[?25h[?2026l[?2026h[?25l[A[1Gpulling manifest [K
pulling aeda25e63ebd:  55% ▕█████████         ▏ 1.8 GB/3.3 GB  5.3 MB/s   4m42s[K[?25h[?2026l[?2026h[?25l[A[1Gpulling manifest [K
pulling aeda25e63ebd:  55% ▕█████████         ▏ 1.8 GB/3.3 GB  5.3 MB/s   4m42s[K[?25h[?2026l[?2026h[?25l[A[1Gpulling manifest [K
pulling aeda25e63ebd:  55% ▕█████████         ▏ 1.8 GB/3.3 GB  5.3 MB/s   4m41s[K[?25h[?2026l[?2026h[?25l[A[1Gpulling manifest [K
pulling aeda25e63ebd:  55% ▕█████████         ▏ 1.8 GB/3.3 GB  5.3 MB/s   4m41s[K[?25h[?2026l[?2026h[?25l[A[1Gpulling manifest [K
pulling aeda25e63ebd:  55% ▕█████████         ▏ 1.8 GB/3.3 GB  5.4 MB/s   4m40s[K[?25h[?2026l[?2026h[?25l[A[1Gpulling manifest [K
pulling aeda25e63ebd:  55% ▕█████████         ▏ 1.8 GB/3.3 GB  5.4 MB/s   4m40s[K[?25h[?2026l[?2026h[?25l[A[1Gpulling manifest [K
pulling aeda25e63ebd:  55% ▕█████████         ▏ 1.8 GB/3.3 GB  5.4 MB/s   4m39s[K[?25h[?2026l[?2026h[?25l[A[1Gpulling manifest [K
pulling aeda25e63ebd:  55% ▕█████████         ▏ 1.8 GB/3.3 GB  5.4 MB/s   4m39s[K[?25h[?2026l[?2026h[?25l[A[1Gpulling manifest [K
pulling aeda25e63ebd:  55% ▕█████████         ▏ 1.8 GB/3.3 GB  5.4 MB/s   4m39s[K[?25h[?2026l[?2026h[?25l[A[1Gpulling manifest [K
pulling aeda25e63ebd:  55% ▕█████████         ▏ 1.8 GB/3.3 GB  5.4 MB/s   4m39s[K[?25h[?2026l[?2026h[?25l[A[1Gpulling manifest [K
pulling aeda25e63ebd:  55% ▕█████████         ▏ 1.8 GB/3.3 GB  5.4 MB/s   4m39s[K[?25h[?2026l[?2026h[?25l[A[1Gpulling manifest [K
pulling aeda25e63ebd:  55% ▕█████████         ▏ 1.8 GB/3.3 GB  5.4 MB/s   4m39s[K[?25h[?2026l[?2026h[?25l[A[1Gpulling manifest [K
pulling aeda25e63ebd:  55% ▕█████████         ▏ 1.8 GB/3.3 GB  5.4 MB/s   4m39s[K[?25h[?2026l[?2026h[?25l[A[1Gpulling manifest [K
pulling aeda25e63ebd:  55% ▕█████████         ▏ 1.8 GB/3.3 GB  5.4 MB/s   4m39s[K[?25h[?2026l[?2026h[?25l[A[1Gpulling manifest [K
pulling aeda25e63ebd:  55% ▕█████████         ▏ 1.8 GB/3.3 GB  5.4 MB/s   4m39s[K[?25h[?2026l[?2026h[?25l[A[1Gpulling manifest [K
pulling aeda25e63ebd:  55% ▕█████████         ▏ 1.8 GB/3.3 GB  5.4 MB/s   4m38s[K[?25h[?2026l[?2026h[?25l[A[1Gpulling manifest [K
pulling aeda25e63ebd:  55% ▕█████████         ▏ 1.8 GB/3.3 GB  5.4 MB/s   4m38s[K[?25h[?2026l[?2026h[?25l[A[1Gpulling manifest [K
pulling aeda25e63ebd:  55% ▕█████████         ▏ 1.8 GB/3.3 GB  5.4 MB/s   4m38s[K[?25h[?2026l[?2026h[?25l[A[1Gpulling manifest [K
pulling aeda25e63ebd:  55% ▕█████████         ▏ 1.8 GB/3.3 GB  5.4 MB/s   4m38s[K[?25h[?2026l[?2026h[?25l[A[1Gpulling manifest [K
pulling aeda25e63ebd:  55% ▕█████████         ▏ 1.8 GB/3.3 GB  5.4 MB/s   4m38s[K[?25h[?2026l[?2026h[?25l[A[1Gpulling manifest [K
pulling aeda25e63ebd:  55% ▕█████████         ▏ 1.8 GB/3.3 GB  5.4 MB/s   4m37s[K[?25h[?2026l[?2026h[?25l[A[1Gpulling manifest [K
pulling aeda25e63ebd:  55% ▕█████████         ▏ 1.8 GB/3.3 GB  5.4 MB/s   4m37s[K[?25h[?2026l[?2026h[?25l[A[1Gpulling manifest [K
pulling aeda25e63ebd:  55% ▕█████████         ▏ 1.8 GB/3.3 GB  5.4 MB/s   4m37s[K[?25h[?2026l[?2026h[?25l[A[1Gpulling manifest [K
pulling aeda25e63ebd:  55% ▕█████████         ▏ 1.8 GB/3.3 GB  5.4 MB/s   4m37s[K[?25h[?2026l[?2026h[?25l[A[1Gpulling manifest [K
pulling aeda25e63ebd:  55% ▕█████████         ▏ 1.8 GB/3.3 GB  5.4 MB/s   4m37s[K[?25h[?2026l[?2026h[?25l[A[1Gpulling manifest [K
pulling aeda25e63ebd:  55% ▕█████████         ▏ 1.8 GB/3.3 GB  5.4 MB/s   4m38s[K[?25h[?2026l[?2026h[?25l[A[1Gpulling manifest [K
pulling aeda25e63ebd:  55% ▕█████████         ▏ 1.8 GB/3.3 GB  5.4 MB/s   4m38s[K[?25h[?2026l[?2026h[?25l[A[1Gpulling manifest [K
pulling aeda25e63ebd:  55% ▕█████████         ▏ 1.8 GB/3.3 GB  5.4 MB/s   4m38s[K[?25h[?2026l[?2026h[?25l[A[1Gpulling manifest [K
pulling aeda25e63ebd:  55% ▕█████████         ▏ 1.8 GB/3.3 GB  5.4 MB/s   4m38s[K[?25h[?2026l[?2026h[?25l[A[1Gpulling manifest [K
pulling aeda25e63ebd:  55% ▕█████████         ▏ 1.8 GB/3.3 GB  5.4 MB/s   4m38s[K[?25h[?2026l[?2026h[?25l[A[1Gpulling manifest [K
pulling aeda25e63ebd:  55% ▕█████████         ▏ 1.8 GB/3.3 GB  5.4 MB/s   4m38s[K[?25h[?2026l[?2026h[?25l[A[1Gpulling manifest [K
pulling aeda25e63ebd:  55% ▕█████████         ▏ 1.8 GB/3.3 GB  5.4 MB/s   4m38s[K[?25h[?2026l[?2026h[?25l[A[1Gpulling manifest [K
pulling aeda25e63ebd:  55% ▕█████████         ▏ 1.8 GB/3.3 GB  5.4 MB/s   4m38s[K[?25h[?2026l[?2026h[?25l[A[1Gpulling manifest [K
pulling aeda25e63ebd:  55% ▕█████████         ▏ 1.8 GB/3.3 GB  5.4 MB/s   4m38s[K[?25h[?2026l[?2026h[?25l[A[1Gpulling manifest [K
pulling aeda25e63ebd:  55% ▕█████████         ▏ 1.8 GB/3.3 GB  5.4 MB/s   4m37s[K[?25h[?2026l[?2026h[?25l[A[1Gpulling manifest [K
pulling aeda25e63ebd:  55% ▕█████████         ▏ 1.9 GB/3.3 GB  5.5 MB/s   4m31s[K[?25h[?2026l[?2026h[?25l[A[1Gpulling manifest [K
pulling aeda25e63ebd:  55% ▕█████████         ▏ 1.9 GB/3.3 GB  5.5 MB/s   4m30s[K[?25h[?2026l[?2026h[?25l[A[1Gpulling manifest [K
pulling aeda25e63ebd:  55% ▕█████████         ▏ 1.9 GB/3.3 GB  5.5 MB/s   4m30s[K[?25h[?2026l[?2026h[?25l[A[1Gpulling manifest [K
pulling aeda25e63ebd:  55% ▕█████████         ▏ 1.9 GB/3.3 GB  5.5 MB/s   4m30s[K[?25h[?2026l[?2026h[?25l[A[1Gpulling manifest [K
pulling aeda25e63ebd:  55% ▕█████████         ▏ 1.9 GB/3.3 GB  5.5 MB/s   4m30s[K[?25h[?2026l[?2026h[?25l[A[1Gpulling manifest [K
pulling aeda25e63ebd:  56% ▕█████████         ▏ 1.9 GB/3.3 GB  5.5 MB/s   4m30s[K[?25h[?2026l[?2026h[?25l[A[1Gpulling manifest [K
pulling aeda25e63ebd:  56% ▕█████████         ▏ 1.9 GB/3.3 GB  5.5 MB/s   4m30s[K[?25h[?2026l[?2026h[?25l[A[1Gpulling manifest [K
pulling aeda25e63ebd:  56% ▕█████████         ▏ 1.9 GB/3.3 GB  5.5 MB/s   4m30s[K[?25h[?2026l[?2026h[?25l[A[1Gpulling manifest [K
pulling aeda25e63ebd:  56% ▕█████████         ▏ 1.9 GB/3.3 GB  5.5 MB/s   4m30s[K[?25h[?2026l[?2026h[?25l[A[1Gpulling manifest [K
pulling aeda25e63ebd:  56% ▕█████████         ▏ 1.9 GB/3.3 GB  5.5 MB/s   4m30s[K[?25h[?2026l[?2026h[?25l[A[1Gpulling manifest [K
pulling aeda25e63ebd:  56% ▕██████████        ▏ 1.9 GB/3.3 GB  5.4 MB/s   4m32s[K[?25h[?2026l[?2026h[?25l[A[1Gpulling manifest [K
pulling aeda25e63ebd:  56% ▕██████████        ▏ 1.9 GB/3.3 GB  5.4 MB/s   4m32s[K[?25h[?2026l[?2026h[?25l[A[1Gpulling manifest [K
pulling aeda25e63ebd:  56% ▕██████████        ▏ 1.9 GB/3.3 GB  5.4 MB/s   4m32s[K[?25h[?2026l[?2026h[?25l[A[1Gpulling manifest [K
pulling aeda25e63ebd:  56% ▕██████████        ▏ 1.9 GB/3.3 GB  5.4 MB/s   4m32s[K[?25h[?2026l[?2026h[?25l[A[1Gpulling manifest [K
pulling aeda25e63ebd:  56% ▕██████████        ▏ 1.9 GB/3.3 GB  5.4 MB/s   4m32s[K[?25h[?2026l[?2026h[?25l[A[1Gpulling manifest [K
pulling aeda25e63ebd:  56% ▕██████████        ▏ 1.9 GB/3.3 GB  5.4 MB/s   4m32s[K[?25h[?2026l[?2026h[?25l[A[1Gpulling manifest [K
pulling aeda25e63ebd:  56% ▕██████████        ▏ 1.9 GB/3.3 GB  5.4 MB/s   4m32s[K[?25h[?2026l[?2026h[?25l[A[1Gpulling manifest [K
pulling aeda25e63ebd:  56% ▕██████████        ▏ 1.9 GB/3.3 GB  5.4 MB/s   4m32s[K[?25h[?2026l[?2026h[?25l[A[1Gpulling manifest [K
pulling aeda25e63ebd:  56% ▕██████████        ▏ 1.9 GB/3.3 GB  5.4 MB/s   4m31s[K[?25h[?2026l[?2026h[?25l[A[1Gpulling manifest [K
pulling aeda25e63ebd:  56% ▕██████████        ▏ 1.9 GB/3.3 GB  5.4 MB/s   4m31s[K[?25h[?2026l[?2026h[?25l[A[1Gpulling manifest [K
pulling aeda25e63ebd:  56% ▕██████████        ▏ 1.9 GB/3.3 GB  5.5 MB/s   4m29s[K[?25h[?2026l[?2026h[?25l[A[1Gpulling manifest [K
pulling aeda25e63ebd:  56% ▕██████████        ▏ 1.9 GB/3.3 GB  5.5 MB/s   4m29s[K[?25h[?2026l[?2026h[?25l[A[1Gpulling manifest [K
pulling aeda25e63ebd:  56% ▕██████████        ▏ 1.9 GB/3.3 GB  5.5 MB/s   4m29s[K[?25h[?2026l[?2026h[?25l[A[1Gpulling manifest [K
pulling aeda25e63ebd:  56% ▕██████████        ▏ 1.9 GB/3.3 GB  5.5 MB/s   4m29s[K[?25h[?2026l[?2026h[?25l[A[1Gpulling manifest [K
pulling aeda25e63ebd:  56% ▕██████████        ▏ 1.9 GB/3.3 GB  5.5 MB/s   4m29s[K[?25h[?2026l[?2026h[?25l[A[1Gpulling manifest [K
pulling aeda25e63ebd:  56% ▕██████████        ▏ 1.9 GB/3.3 GB  5.5 MB/s   4m29s[K[?25h[?2026l[?2026h[?25l[A[1Gpulling manifest [K
pulling aeda25e63ebd:  56% ▕██████████        ▏ 1.9 GB/3.3 GB  5.5 MB/s   4m29s[K[?25h[?2026l[?2026h[?25l[A[1Gpulling manifest [K
pulling aeda25e63ebd:  56% ▕██████████        ▏ 1.9 GB/3.3 GB  5.5 MB/s   4m29s[K[?25h[?2026l[?2026h[?25l[A[1Gpulling manifest [K
pulling aeda25e63ebd:  56% ▕██████████        ▏ 1.9 GB/3.3 GB  5.5 MB/s   4m29s[K[?25h[?2026l[?2026h[?25l[A[1Gpulling manifest [K
pulling aeda25e63ebd:  56% ▕██████████        ▏ 1.9 GB/3.3 GB  5.5 MB/s   4m29s[K[?25h[?2026l[?2026h[?25l[A[1Gpulling manifest [K
pulling aeda25e63ebd:  56% ▕██████████        ▏ 1.9 GB/3.3 GB  5.5 MB/s   4m29s[K[?25h[?2026l[?2026h[?25l[A[1Gpulling manifest [K
pulling aeda25e63ebd:  56% ▕██████████        ▏ 1.9 GB/3.3 GB  5.5 MB/s   4m27s[K[?25h[?2026l[?2026h[?25l[A[1Gpulling manifest [K
pulling aeda25e63ebd:  56% ▕██████████        ▏ 1.9 GB/3.3 GB  5.5 MB/s   4m27s[K[?25h[?2026l[?2026h[?25l[A[1Gpulling manifest [K
pulling aeda25e63ebd:  56% ▕██████████        ▏ 1.9 GB/3.3 GB  5.5 MB/s   4m27s[K[?25h[?2026l[?2026h[?25l[A[1Gpulling manifest [K
pulling aeda25e63ebd:  56% ▕██████████        ▏ 1.9 GB/3.3 GB  5.5 MB/s   4m27s[K[?25h[?2026l[?2026h[?25l[A[1Gpulling manifest [K
pulling aeda25e63ebd:  56% ▕██████████        ▏ 1.9 GB/3.3 GB  5.5 MB/s   4m27s[K[?25h[?2026l[?2026h[?25l[A[1Gpulling manifest [K
pulling aeda25e63ebd:  56% ▕██████████        ▏ 1.9 GB/3.3 GB  5.5 MB/s   4m27s[K[?25h[?2026l[?2026h[?25l[A[1Gpulling manifest [K
pulling aeda25e63ebd:  56% ▕██████████        ▏ 1.9 GB/3.3 GB  5.5 MB/s   4m27s[K[?25h[?2026l[?2026h[?25l[A[1Gpulling manifest [K
pulling aeda25e63ebd:  56% ▕██████████        ▏ 1.9 GB/3.3 GB  5.5 MB/s   4m27s[K[?25h[?2026l[?2026h[?25l[A[1Gpulling manifest [K
pulling aeda25e63ebd:  56% ▕██████████        ▏ 1.9 GB/3.3 GB  5.5 MB/s   4m27s[K[?25h[?2026l[?2026h[?25l[A[1Gpulling manifest [K
pulling aeda25e63ebd:  56% ▕██████████        ▏ 1.9 GB/3.3 GB  5.5 MB/s   4m27s[K[?25h[?2026l[?2026h[?25l[A[1Gpulling manifest [K
pulling aeda25e63ebd:  56% ▕██████████        ▏ 1.9 GB/3.3 GB  5.6 MB/s   4m22s[K[?25h[?2026l[?2026h[?25l[A[1Gpulling manifest [K
pulling aeda25e63ebd:  56% ▕██████████        ▏ 1.9 GB/3.3 GB  5.6 MB/s   4m21s[K[?25h[?2026l[?2026h[?25l[A[1Gpulling manifest [K
pulling aeda25e63ebd:  56% ▕██████████        ▏ 1.9 GB/3.3 GB  5.6 MB/s   4m21s[K[?25h[?2026l[?2026h[?25l[A[1Gpulling manifest [K
pulling aeda25e63ebd:  56% ▕██████████        ▏ 1.9 GB/3.3 GB  5.6 MB/s   4m21s[K[?25h[?2026l[?2026h[?25l[A[1Gpulling manifest [K
pulling aeda25e63ebd:  56% ▕██████████        ▏ 1.9 GB/3.3 GB  5.6 MB/s   4m21s[K[?25h[?2026l[?2026h[?25l[A[1Gpulling manifest [K
pulling aeda25e63ebd:  56% ▕██████████        ▏ 1.9 GB/3.3 GB  5.6 MB/s   4m21s[K[?25h[?2026l[?2026h[?25l[A[1Gpulling manifest [K
pulling aeda25e63ebd:  56% ▕██████████        ▏ 1.9 GB/3.3 GB  5.6 MB/s   4m21s[K[?25h[?2026l[?2026h[?25l[A[1Gpulling manifest [K
pulling aeda25e63ebd:  56% ▕██████████        ▏ 1.9 GB/3.3 GB  5.6 MB/s   4m21s[K[?25h[?2026l[?2026h[?25l[A[1Gpulling manifest [K
pulling aeda25e63ebd:  56% ▕██████████        ▏ 1.9 GB/3.3 GB  5.6 MB/s   4m21s[K[?25h[?2026l[?2026h[?25l[A[1Gpulling manifest [K
pulling aeda25e63ebd:  56% ▕██████████        ▏ 1.9 GB/3.3 GB  5.6 MB/s   4m21s[K[?25h[?2026l[?2026h[?25l[A[1Gpulling manifest [K
pulling aeda25e63ebd:  56% ▕██████████        ▏ 1.9 GB/3.3 GB  5.6 MB/s   4m22s[K[?25h[?2026l[?2026h[?25l[A[1Gpulling manifest [K
pulling aeda25e63ebd:  56% ▕██████████        ▏ 1.9 GB/3.3 GB  5.6 MB/s   4m22s[K[?25h[?2026l[?2026h[?25l[A[1Gpulling manifest [K
pulling aeda25e63ebd:  56% ▕██████████        ▏ 1.9 GB/3.3 GB  5.6 MB/s   4m22s[K[?25h[?2026l[?2026h[?25l[A[1Gpulling manifest [K
pulling aeda25e63ebd:  56% ▕██████████        ▏ 1.9 GB/3.3 GB  5.6 MB/s   4m22s[K[?25h[?2026l[?2026h[?25l[A[1Gpulling manifest [K
pulling aeda25e63ebd:  56% ▕██████████        ▏ 1.9 GB/3.3 GB  5.6 MB/s   4m21s[K[?25h[?2026l[?2026h[?25l[A[1Gpulling manifest [K
pulling aeda25e63ebd:  56% ▕██████████        ▏ 1.9 GB/3.3 GB  5.6 MB/s   4m21s[K[?25h[?2026l[?2026h[?25l[A[1Gpulling manifest [K
pulling aeda25e63ebd:  56% ▕██████████        ▏ 1.9 GB/3.3 GB  5.6 MB/s   4m21s[K[?25h[?2026l[?2026h[?25l[A[1Gpulling manifest [K
pulling aeda25e63ebd:  56% ▕██████████        ▏ 1.9 GB/3.3 GB  5.6 MB/s   4m21s[K[?25h[?2026l[?2026h[?25l[A[1Gpulling manifest [K
pulling aeda25e63ebd:  56% ▕██████████        ▏ 1.9 GB/3.3 GB  5.6 MB/s   4m21s[K[?25h[?2026l[?2026h[?25l[A[1Gpulling manifest [K
pulling aeda25e63ebd:  56% ▕██████████        ▏ 1.9 GB/3.3 GB  5.6 MB/s   4m21s[K[?25h[?2026l[?2026h[?25l[A[1Gpulling manifest [K
pulling aeda25e63ebd:  56% ▕██████████        ▏ 1.9 GB/3.3 GB  5.5 MB/s   4m25s[K[?25h[?2026l[?2026h[?25l[A[1Gpulling manifest [K
pulling aeda25e63ebd:  56% ▕██████████        ▏ 1.9 GB/3.3 GB  5.5 MB/s   4m25s[K[?25h[?2026l[?2026h[?25l[A[1Gpulling manifest [K
pulling aeda25e63ebd:  56% ▕██████████        ▏ 1.9 GB/3.3 GB  5.5 MB/s   4m25s[K[?25h[?2026l[?2026h[?25l[A[1Gpulling manifest [K
pulling aeda25e63ebd:  56% ▕██████████        ▏ 1.9 GB/3.3 GB  5.5 MB/s   4m25s[K[?25h[?2026l[?2026h[?25l[A[1Gpulling manifest [K
pulling aeda25e63ebd:  56% ▕██████████        ▏ 1.9 GB/3.3 GB  5.5 MB/s   4m25s[K[?25h[?2026l[?2026h[?25l[A[1Gpulling manifest [K
pulling aeda25e63ebd:  56% ▕██████████        ▏ 1.9 GB/3.3 GB  5.5 MB/s   4m25s[K[?25h[?2026l[?2026h[?25l[A[1Gpulling manifest [K
pulling aeda25e63ebd:  56% ▕██████████        ▏ 1.9 GB/3.3 GB  5.5 MB/s   4m25s[K[?25h[?2026l[?2026h[?25l[A[1Gpulling manifest [K
pulling aeda25e63ebd:  56% ▕██████████        ▏ 1.9 GB/3.3 GB  5.5 MB/s   4m25s[K[?25h[?2026l[?2026h[?25l[A[1Gpulling manifest [K
pulling aeda25e63ebd:  56% ▕██████████        ▏ 1.9 GB/3.3 GB  5.5 MB/s   4m25s[K[?25h[?2026l[?2026h[?25l[A[1Gpulling manifest [K
pulling aeda25e63ebd:  57% ▕██████████        ▏ 1.9 GB/3.3 GB  5.5 MB/s   4m25s[K[?25h[?2026l[?2026h[?25l[A[1Gpulling manifest [K
pulling aeda25e63ebd:  57% ▕██████████        ▏ 1.9 GB/3.3 GB  5.4 MB/s   4m27s[K[?25h[?2026l[?2026h[?25l[A[1Gpulling manifest [K
pulling aeda25e63ebd:  57% ▕██████████        ▏ 1.9 GB/3.3 GB  5.4 MB/s   4m27s[K[?25h[?2026l[?2026h[?25l[A[1Gpulling manifest [K
pulling aeda25e63ebd:  57% ▕██████████        ▏ 1.9 GB/3.3 GB  5.4 MB/s   4m27s[K[?25h[?2026l[?2026h[?25l[A[1Gpulling manifest [K
pulling aeda25e63ebd:  57% ▕██████████        ▏ 1.9 GB/3.3 GB  5.4 MB/s   4m27s[K[?25h[?2026l[?2026h[?25l[A[1Gpulling manifest [K
pulling aeda25e63ebd:  57% ▕██████████        ▏ 1.9 GB/3.3 GB  5.4 MB/s   4m27s[K[?25h[?2026l[?2026h[?25l[A[1Gpulling manifest [K
pulling aeda25e63ebd:  57% ▕██████████        ▏ 1.9 GB/3.3 GB  5.4 MB/s   4m27s[K[?25h[?2026l[?2026h[?25l[A[1Gpulling manifest [K
pulling aeda25e63ebd:  57% ▕██████████        ▏ 1.9 GB/3.3 GB  5.4 MB/s   4m27s[K[?25h[?2026l[?2026h[?25l[A[1Gpulling manifest [K
pulling aeda25e63ebd:  57% ▕██████████        ▏ 1.9 GB/3.3 GB  5.4 MB/s   4m27s[K[?25h[?2026l[?2026h[?25l[A[1Gpulling manifest [K
pulling aeda25e63ebd:  57% ▕██████████        ▏ 1.9 GB/3.3 GB  5.4 MB/s   4m27s[K[?25h[?2026l[?2026h[?25l[A[1Gpulling manifest [K
pulling aeda25e63ebd:  57% ▕██████████        ▏ 1.9 GB/3.3 GB  5.4 MB/s   4m27s[K[?25h[?2026l[?2026h[?25l[A[1Gpulling manifest [K
pulling aeda25e63ebd:  57% ▕██████████        ▏ 1.9 GB/3.3 GB  5.4 MB/s   4m27s[K[?25h[?2026l[?2026h[?25l[A[1Gpulling manifest [K
pulling aeda25e63ebd:  57% ▕██████████        ▏ 1.9 GB/3.3 GB  5.3 MB/s   4m31s[K[?25h[?2026l[?2026h[?25l[A[1Gpulling manifest [K
pulling aeda25e63ebd:  57% ▕██████████        ▏ 1.9 GB/3.3 GB  5.3 MB/s   4m31s[K[?25h[?2026l[?2026h[?25l[A[1Gpulling manifest [K
pulling aeda25e63ebd:  57% ▕██████████        ▏ 1.9 GB/3.3 GB  5.3 MB/s   4m31s[K[?25h[?2026l[?2026h[?25l[A[1Gpulling manifest [K
pulling aeda25e63ebd:  57% ▕██████████        ▏ 1.9 GB/3.3 GB  5.3 MB/s   4m31s[K[?25h[?2026l[?2026h[?25l[A[1Gpulling manifest [K
pulling aeda25e63ebd:  57% ▕██████████        ▏ 1.9 GB/3.3 GB  5.3 MB/s   4m31s[K[?25h[?2026l[?2026h[?25l[A[1Gpulling manifest [K
pulling aeda25e63ebd:  57% ▕██████████        ▏ 1.9 GB/3.3 GB  5.3 MB/s   4m31s[K[?25h[?2026l[?2026h[?25l[A[1Gpulling manifest [K
pulling aeda25e63ebd:  57% ▕██████████        ▏ 1.9 GB/3.3 GB  5.3 MB/s   4m31s[K[?25h[?2026l[?2026h[?25l[A[1Gpulling manifest [K
pulling aeda25e63ebd:  57% ▕██████████        ▏ 1.9 GB/3.3 GB  5.3 MB/s   4m31s[K[?25h[?2026l[?2026h[?25l[A[1Gpulling manifest [K
pulling aeda25e63ebd:  57% ▕██████████        ▏ 1.9 GB/3.3 GB  5.3 MB/s   4m31s[K[?25h[?2026l[?2026h[?25l[A[1Gpulling manifest [K
pulling aeda25e63ebd:  57% ▕██████████        ▏ 1.9 GB/3.3 GB  5.3 MB/s   4m30s[K[?25h[?2026l[?2026h[?25l[A[1Gpulling manifest [K
pulling aeda25e63ebd:  57% ▕██████████        ▏ 1.9 GB/3.3 GB  5.2 MB/s   4m35s[K[?25h[?2026l[?2026h[?25l[A[1Gpulling manifest [K
pulling aeda25e63ebd:  57% ▕██████████        ▏ 1.9 GB/3.3 GB  5.2 MB/s   4m35s[K[?25h[?2026l[?2026h[?25l[A[1Gpulling manifest [K
pulling aeda25e63ebd:  57% ▕██████████        ▏ 1.9 GB/3.3 GB  5.2 MB/s   4m34s[K[?25h[?2026l[?2026h[?25l[A[1Gpulling manifest [K
pulling aeda25e63ebd:  57% ▕██████████        ▏ 1.9 GB/3.3 GB  5.2 MB/s   4m34s[K[?25h[?2026l[?2026h[?25l[A[1Gpulling manifest [K
pulling aeda25e63ebd:  57% ▕██████████        ▏ 1.9 GB/3.3 GB  5.2 MB/s   4m34s[K[?25h[?2026l[?2026h[?25l[A[1Gpulling manifest [K
pulling aeda25e63ebd:  57% ▕██████████        ▏ 1.9 GB/3.3 GB  5.2 MB/s   4m34s[K[?25h[?2026l[?2026h[?25l[A[1Gpulling manifest [K
pulling aeda25e63ebd:  57% ▕██████████        ▏ 1.9 GB/3.3 GB  5.2 MB/s   4m34s[K[?25h[?2026l[?2026h[?25l[A[1Gpulling manifest [K
pulling aeda25e63ebd:  57% ▕██████████        ▏ 1.9 GB/3.3 GB  5.2 MB/s   4m34s[K[?25h[?2026l[?2026h[?25l[A[1Gpulling manifest [K
pulling aeda25e63ebd:  57% ▕██████████        ▏ 1.9 GB/3.3 GB  5.2 MB/s   4m34s[K[?25h[?2026l[?2026h[?25l[A[1Gpulling manifest [K
pulling aeda25e63ebd:  57% ▕██████████        ▏ 1.9 GB/3.3 GB  5.2 MB/s   4m34s[K[?25h[?2026l[?2026h[?25l[A[1Gpulling manifest [K
pulling aeda25e63ebd:  57% ▕██████████        ▏ 1.9 GB/3.3 GB  5.3 MB/s   4m33s[K[?25h[?2026l[?2026h[?25l[A[1Gpulling manifest [K
pulling aeda25e63ebd:  57% ▕██████████        ▏ 1.9 GB/3.3 GB  5.3 MB/s   4m33s[K[?25h[?2026l[?2026h[?25l[A[1Gpulling manifest [K
pulling aeda25e63ebd:  57% ▕██████████        ▏ 1.9 GB/3.3 GB  5.3 MB/s   4m33s[K[?25h[?2026l[?2026h[?25l[A[1Gpulling manifest [K
pulling aeda25e63ebd:  57% ▕██████████        ▏ 1.9 GB/3.3 GB  5.3 MB/s   4m33s[K[?25h[?2026l[?2026h[?25l[A[1Gpulling manifest [K
pulling aeda25e63ebd:  57% ▕██████████        ▏ 1.9 GB/3.3 GB  5.3 MB/s   4m32s[K[?25h[?2026l[?2026h[?25l[A[1Gpulling manifest [K
pulling aeda25e63ebd:  57% ▕██████████        ▏ 1.9 GB/3.3 GB  5.3 MB/s   4m32s[K[?25h[?2026l[?2026h[?25l[A[1Gpulling manifest [K
pulling aeda25e63ebd:  57% ▕██████████        ▏ 1.9 GB/3.3 GB  5.3 MB/s   4m32s[K[?25h[?2026l[?2026h[?25l[A[1Gpulling manifest [K
pulling aeda25e63ebd:  57% ▕██████████        ▏ 1.9 GB/3.3 GB  5.3 MB/s   4m32s[K[?25h[?2026l[?2026h[?25l[A[1Gpulling manifest [K
pulling aeda25e63ebd:  57% ▕██████████        ▏ 1.9 GB/3.3 GB  5.3 MB/s   4m32s[K[?25h[?2026l[?2026h[?25l[A[1Gpulling manifest [K
pulling aeda25e63ebd:  57% ▕██████████        ▏ 1.9 GB/3.3 GB  5.3 MB/s   4m32s[K[?25h[?2026l[?2026h[?25l[A[1Gpulling manifest [K
pulling aeda25e63ebd:  57% ▕██████████        ▏ 1.9 GB/3.3 GB  5.0 MB/s   4m44s[K[?25h[?2026l[?2026h[?25l[A[1Gpulling manifest [K
pulling aeda25e63ebd:  57% ▕██████████        ▏ 1.9 GB/3.3 GB  5.0 MB/s   4m43s[K[?25h[?2026l[?2026h[?25l[A[1Gpulling manifest [K
pulling aeda25e63ebd:  57% ▕██████████        ▏ 1.9 GB/3.3 GB  5.0 MB/s   4m43s[K[?25h[?2026l[?2026h[?25l[A[1Gpulling manifest [K
pulling aeda25e63ebd:  57% ▕██████████        ▏ 1.9 GB/3.3 GB  5.0 MB/s   4m43s[K[?25h[?2026l[?2026h[?25l[A[1Gpulling manifest [K
pulling aeda25e63ebd:  57% ▕██████████        ▏ 1.9 GB/3.3 GB  5.0 MB/s   4m43s[K[?25h[?2026l[?2026h[?25l[A[1Gpulling manifest [K
pulling aeda25e63ebd:  57% ▕██████████        ▏ 1.9 GB/3.3 GB  5.0 MB/s   4m43s[K[?25h[?2026l[?2026h[?25l[A[1Gpulling manifest [K
pulling aeda25e63ebd:  57% ▕██████████        ▏ 1.9 GB/3.3 GB  5.0 MB/s   4m43s[K[?25h[?2026l[?2026h[?25l[A[1Gpulling manifest [K
pulling aeda25e63ebd:  57% ▕██████████        ▏ 1.9 GB/3.3 GB  5.0 MB/s   4m43s[K[?25h[?2026l[?2026h[?25l[A[1Gpulling manifest [K
pulling aeda25e63ebd:  57% ▕██████████        ▏ 1.9 GB/3.3 GB  5.0 MB/s   4m43s[K[?25h[?2026l[?2026h[?25l[A[1Gpulling manifest [K
pulling aeda25e63ebd:  57% ▕██████████        ▏ 1.9 GB/3.3 GB  5.0 MB/s   4m43s[K[?25h[?2026l[?2026h[?25l[A[1Gpulling manifest [K
pulling aeda25e63ebd:  57% ▕██████████        ▏ 1.9 GB/3.3 GB  4.9 MB/s   4m48s[K[?25h[?2026l[?2026h[?25l[A[1Gpulling manifest [K
pulling aeda25e63ebd:  57% ▕██████████        ▏ 1.9 GB/3.3 GB  4.9 MB/s   4m48s[K[?25h[?2026l[?2026h[?25l[A[1Gpulling manifest [K
pulling aeda25e63ebd:  57% ▕██████████        ▏ 1.9 GB/3.3 GB  4.9 MB/s   4m48s[K[?25h[?2026l[?2026h[?25l[A[1Gpulling manifest [K
pulling aeda25e63ebd:  57% ▕██████████        ▏ 1.9 GB/3.3 GB  4.9 MB/s   4m48s[K[?25h[?2026l[?2026h[?25l[A[1Gpulling manifest [K
pulling aeda25e63ebd:  57% ▕██████████        ▏ 1.9 GB/3.3 GB  4.9 MB/s   4m48s[K[?25h[?2026l[?2026h[?25l[A[1Gpulling manifest [K
pulling aeda25e63ebd:  57% ▕██████████        ▏ 1.9 GB/3.3 GB  4.9 MB/s   4m48s[K[?25h[?2026l[?2026h[?25l[A[1Gpulling manifest [K
pulling aeda25e63ebd:  57% ▕██████████        ▏ 1.9 GB/3.3 GB  4.9 MB/s   4m47s[K[?25h[?2026l[?2026h[?25l[A[1Gpulling manifest [K
pulling aeda25e63ebd:  57% ▕██████████        ▏ 1.9 GB/3.3 GB  4.9 MB/s   4m47s[K[?25h[?2026l[?2026h[?25l[A[1Gpulling manifest [K
pulling aeda25e63ebd:  57% ▕██████████        ▏ 1.9 GB/3.3 GB  4.9 MB/s   4m47s[K[?25h[?2026l[?2026h[?25l[A[1Gpulling manifest [K
pulling aeda25e63ebd:  57% ▕██████████        ▏ 1.9 GB/3.3 GB  4.9 MB/s   4m47s[K[?25h[?2026l[?2026h[?25l[A[1Gpulling manifest [K
pulling aeda25e63ebd:  57% ▕██████████        ▏ 1.9 GB/3.3 GB  4.9 MB/s   4m47s[K[?25h[?2026l[?2026h[?25l[A[1Gpulling manifest [K
pulling aeda25e63ebd:  57% ▕██████████        ▏ 1.9 GB/3.3 GB  4.8 MB/s   4m54s[K[?25h[?2026l[?2026h[?25l[A[1Gpulling manifest [K
pulling aeda25e63ebd:  57% ▕██████████        ▏ 1.9 GB/3.3 GB  4.8 MB/s   4m54s[K[?25h[?2026l[?2026h[?25l[A[1Gpulling manifest [K
pulling aeda25e63ebd:  57% ▕██████████        ▏ 1.9 GB/3.3 GB  4.8 MB/s   4m54s[K[?25h[?2026l[?2026h[?25l[A[1Gpulling manifest [K
pulling aeda25e63ebd:  57% ▕██████████        ▏ 1.9 GB/3.3 GB  4.8 MB/s   4m54s[K[?25h[?2026l[?2026h[?25l[A[1Gpulling manifest [K
pulling aeda25e63ebd:  57% ▕██████████        ▏ 1.9 GB/3.3 GB  4.8 MB/s   4m54s[K[?25h[?2026l[?2026h[?25l[A[1Gpulling manifest [K
pulling aeda25e63ebd:  57% ▕██████████        ▏ 1.9 GB/3.3 GB  4.8 MB/s   4m54s[K[?25h[?2026l[?2026h[?25l[A[1Gpulling manifest [K
pulling aeda25e63ebd:  57% ▕██████████        ▏ 1.9 GB/3.3 GB  4.8 MB/s   4m54s[K[?25h[?2026l[?2026h[?25l[A[1Gpulling manifest [K
pulling aeda25e63ebd:  57% ▕██████████        ▏ 1.9 GB/3.3 GB  4.8 MB/s   4m54s[K[?25h[?2026l[?2026h[?25l[A[1Gpulling manifest [K
pulling aeda25e63ebd:  57% ▕██████████        ▏ 1.9 GB/3.3 GB  4.8 MB/s   4m54s[K[?25h[?2026l[?2026h[?25l[A[1Gpulling manifest [K
pulling aeda25e63ebd:  58% ▕██████████        ▏ 1.9 GB/3.3 GB  4.8 MB/s   4m54s[K[?25h[?2026l[?2026h[?25l[A[1Gpulling manifest [K
pulling aeda25e63ebd:  58% ▕██████████        ▏ 1.9 GB/3.3 GB  4.8 MB/s   4m55s[K[?25h[?2026l[?2026h[?25l[A[1Gpulling manifest [K
pulling aeda25e63ebd:  58% ▕██████████        ▏ 1.9 GB/3.3 GB  4.8 MB/s   4m55s[K[?25h[?2026l[?2026h[?25l[A[1Gpulling manifest [K
pulling aeda25e63ebd:  58% ▕██████████        ▏ 1.9 GB/3.3 GB  4.8 MB/s   4m55s[K[?25h[?2026l[?2026h[?25l[A[1Gpulling manifest [K
pulling aeda25e63ebd:  58% ▕██████████        ▏ 1.9 GB/3.3 GB  4.8 MB/s   4m55s[K[?25h[?2026l[?2026h[?25l[A[1Gpulling manifest [K
pulling aeda25e63ebd:  58% ▕██████████        ▏ 1.9 GB/3.3 GB  4.8 MB/s   4m55s[K[?25h[?2026l[?2026h[?25l[A[1Gpulling manifest [K
pulling aeda25e63ebd:  58% ▕██████████        ▏ 1.9 GB/3.3 GB  4.8 MB/s   4m55s[K[?25h[?2026l[?2026h[?25l[A[1Gpulling manifest [K
pulling aeda25e63ebd:  58% ▕██████████        ▏ 1.9 GB/3.3 GB  4.8 MB/s   4m55s[K[?25h[?2026l[?2026h[?25l[A[1Gpulling manifest [K
pulling aeda25e63ebd:  58% ▕██████████        ▏ 1.9 GB/3.3 GB  4.8 MB/s   4m55s[K[?25h[?2026l[?2026h[?25l[A[1Gpulling manifest [K
pulling aeda25e63ebd:  58% ▕██████████        ▏ 1.9 GB/3.3 GB  4.8 MB/s   4m55s[K[?25h[?2026l[?2026h[?25l[A[1Gpulling manifest [K
pulling aeda25e63ebd:  58% ▕██████████        ▏ 1.9 GB/3.3 GB  4.8 MB/s   4m55s[K[?25h[?2026l[?2026h[?25l[A[1Gpulling manifest [K
pulling aeda25e63ebd:  58% ▕██████████        ▏ 1.9 GB/3.3 GB  4.7 MB/s   4m59s[K[?25h[?2026l[?2026h[?25l[A[1Gpulling manifest [K
pulling aeda25e63ebd:  58% ▕██████████        ▏ 1.9 GB/3.3 GB  4.7 MB/s   4m58s[K[?25h[?2026l[?2026h[?25l[A[1Gpulling manifest [K
pulling aeda25e63ebd:  58% ▕██████████        ▏ 1.9 GB/3.3 GB  4.7 MB/s   4m58s[K[?25h[?2026l[?2026h[?25l[A[1Gpulling manifest [K
pulling aeda25e63ebd:  58% ▕██████████        ▏ 1.9 GB/3.3 GB  4.7 MB/s   4m58s[K[?25h[?2026l[?2026h[?25l[A[1Gpulling manifest [K
pulling aeda25e63ebd:  58% ▕██████████        ▏ 1.9 GB/3.3 GB  4.7 MB/s   4m58s[K[?25h[?2026l[?2026h[?25l[A[1Gpulling manifest [K
pulling aeda25e63ebd:  58% ▕██████████        ▏ 1.9 GB/3.3 GB  4.7 MB/s   4m58s[K[?25h[?2026l[?2026h[?25l[A[1Gpulling manifest [K
pulling aeda25e63ebd:  58% ▕██████████        ▏ 1.9 GB/3.3 GB  4.7 MB/s   4m58s[K[?25h[?2026l[?2026h[?25l[A[1Gpulling manifest [K
pulling aeda25e63ebd:  58% ▕██████████        ▏ 1.9 GB/3.3 GB  4.7 MB/s   4m58s[K[?25h[?2026l[?2026h[?25l[A[1Gpulling manifest [K
pulling aeda25e63ebd:  58% ▕██████████        ▏ 1.9 GB/3.3 GB  4.7 MB/s   4m58s[K[?25h[?2026l[?2026h[?25l[A[1Gpulling manifest [K
pulling aeda25e63ebd:  58% ▕██████████        ▏ 1.9 GB/3.3 GB  4.7 MB/s   4m58s[K[?25h[?2026l[?2026h[?25l[A[1Gpulling manifest [K
pulling aeda25e63ebd:  58% ▕██████████        ▏ 1.9 GB/3.3 GB  4.7 MB/s    5m0s[K[?25h[?2026l[?2026h[?25l[A[1Gpulling manifest [K
pulling aeda25e63ebd:  58% ▕██████████        ▏ 1.9 GB/3.3 GB  4.7 MB/s    5m0s[K[?25h[?2026l[?2026h[?25l[A[1Gpulling manifest [K
pulling aeda25e63ebd:  58% ▕██████████        ▏ 1.9 GB/3.3 GB  4.7 MB/s    5m0s[K[?25h[?2026l[?2026h[?25l[A[1Gpulling manifest [K
pulling aeda25e63ebd:  58% ▕██████████        ▏ 1.9 GB/3.3 GB  4.7 MB/s   4m59s[K[?25h[?2026l[?2026h[?25l[A[1Gpulling manifest [K
pulling aeda25e63ebd:  58% ▕██████████        ▏ 1.9 GB/3.3 GB  4.7 MB/s   4m59s[K[?25h[?2026l[?2026h[?25l[A[1Gpulling manifest [K
pulling aeda25e63ebd:  58% ▕██████████        ▏ 1.9 GB/3.3 GB  4.7 MB/s   4m59s[K[?25h[?2026l[?2026h[?25l[A[1Gpulling manifest [K
pulling aeda25e63ebd:  58% ▕██████████        ▏ 1.9 GB/3.3 GB  4.7 MB/s   4m59s[K[?25h[?2026l[?2026h[?25l[A[1Gpulling manifest [K
pulling aeda25e63ebd:  58% ▕██████████        ▏ 1.9 GB/3.3 GB  4.7 MB/s   4m59s[K[?25h[?2026l[?2026h[?25l[A[1Gpulling manifest [K
pulling aeda25e63ebd:  58% ▕██████████        ▏ 1.9 GB/3.3 GB  4.7 MB/s   4m59s[K[?25h[?2026l[?2026h[?25l[A[1Gpulling manifest [K
pulling aeda25e63ebd:  58% ▕██████████        ▏ 1.9 GB/3.3 GB  4.7 MB/s   4m59s[K[?25h[?2026l[?2026h[?25l[A[1Gpulling manifest [K
pulling aeda25e63ebd:  58% ▕██████████        ▏ 1.9 GB/3.3 GB  4.8 MB/s   4m55s[K[?25h[?2026l[?2026h[?25l[A[1Gpulling manifest [K
pulling aeda25e63ebd:  58% ▕██████████        ▏ 1.9 GB/3.3 GB  4.8 MB/s   4m54s[K[?25h[?2026l[?2026h[?25l[A[1Gpulling manifest [K
pulling aeda25e63ebd:  58% ▕██████████        ▏ 1.9 GB/3.3 GB  4.8 MB/s   4m54s[K[?25h[?2026l[?2026h[?25l[A[1Gpulling manifest [K
pulling aeda25e63ebd:  58% ▕██████████        ▏ 1.9 GB/3.3 GB  4.8 MB/s   4m54s[K[?25h[?2026l[?2026h[?25l[A[1Gpulling manifest [K
pulling aeda25e63ebd:  58% ▕██████████        ▏ 1.9 GB/3.3 GB  4.8 MB/s   4m54s[K[?25h[?2026l[?2026h[?25l[A[1Gpulling manifest [K
pulling aeda25e63ebd:  58% ▕██████████        ▏ 1.9 GB/3.3 GB  4.8 MB/s   4m54s[K[?25h[?2026l[?2026h[?25l[A[1Gpulling manifest [K
pulling aeda25e63ebd:  58% ▕██████████        ▏ 1.9 GB/3.3 GB  4.8 MB/s   4m54s[K[?25h[?2026l[?2026h[?25l[A[1Gpulling manifest [K
pulling aeda25e63ebd:  58% ▕██████████        ▏ 1.9 GB/3.3 GB  4.8 MB/s   4m54s[K[?25h[?2026l[?2026h[?25l[A[1Gpulling manifest [K
pulling aeda25e63ebd:  58% ▕██████████        ▏ 1.9 GB/3.3 GB  4.8 MB/s   4m54s[K[?25h[?2026l[?2026h[?25l[A[1Gpulling manifest [K
pulling aeda25e63ebd:  58% ▕██████████        ▏ 1.9 GB/3.3 GB  4.8 MB/s   4m53s[K[?25h[?2026l[?2026h[?25l[A[1Gpulling manifest [K
pulling aeda25e63ebd:  58% ▕██████████        ▏ 1.9 GB/3.3 GB  4.8 MB/s   4m53s[K[?25h[?2026l[?2026h[?25l[A[1Gpulling manifest [K
pulling aeda25e63ebd:  58% ▕██████████        ▏ 1.9 GB/3.3 GB  4.8 MB/s   4m51s[K[?25h[?2026l[?2026h[?25l[A[1Gpulling manifest [K
pulling aeda25e63ebd:  58% ▕██████████        ▏ 1.9 GB/3.3 GB  4.8 MB/s   4m50s[K[?25h[?2026l[?2026h[?25l[A[1Gpulling manifest [K
pulling aeda25e63ebd:  58% ▕██████████        ▏ 1.9 GB/3.3 GB  4.8 MB/s   4m50s[K[?25h[?2026l[?2026h[?25l[A[1Gpulling manifest [K
pulling aeda25e63ebd:  58% ▕██████████        ▏ 1.9 GB/3.3 GB  4.8 MB/s   4m50s[K[?25h[?2026l[?2026h[?25l[A[1Gpulling manifest [K
pulling aeda25e63ebd:  58% ▕██████████        ▏ 1.9 GB/3.3 GB  4.8 MB/s   4m50s[K[?25h[?2026l[?2026h[?25l[A[1Gpulling manifest [K
pulling aeda25e63ebd:  58% ▕██████████        ▏ 1.9 GB/3.3 GB  4.8 MB/s   4m50s[K[?25h[?2026l[?2026h[?25l[A[1Gpulling manifest [K
pulling aeda25e63ebd:  58% ▕██████████        ▏ 1.9 GB/3.3 GB  4.8 MB/s   4m50s[K[?25h[?2026l[?2026h[?25l[A[1Gpulling manifest [K
pulling aeda25e63ebd:  58% ▕██████████        ▏ 1.9 GB/3.3 GB  4.8 MB/s   4m50s[K[?25h[?2026l[?2026h[?25l[A[1Gpulling manifest [K
pulling aeda25e63ebd:  58% ▕██████████        ▏ 1.9 GB/3.3 GB  4.8 MB/s   4m50s[K[?25h[?2026l[?2026h[?25l[A[1Gpulling manifest [K
pulling aeda25e63ebd:  58% ▕██████████        ▏ 1.9 GB/3.3 GB  4.8 MB/s   4m50s[K[?25h[?2026l[?2026h[?25l[A[1Gpulling manifest [K
pulling aeda25e63ebd:  58% ▕██████████        ▏ 1.9 GB/3.3 GB  4.8 MB/s   4m48s[K[?25h[?2026l[?2026h[?25l[A[1Gpulling manifest [K
pulling aeda25e63ebd:  58% ▕██████████        ▏ 1.9 GB/3.3 GB  4.8 MB/s   4m48s[K[?25h[?2026l[?2026h[?25l[A[1Gpulling manifest [K
pulling aeda25e63ebd:  58% ▕██████████        ▏ 1.9 GB/3.3 GB  4.8 MB/s   4m48s[K[?25h[?2026l[?2026h[?25l[A[1Gpulling manifest [K
pulling aeda25e63ebd:  58% ▕██████████        ▏ 1.9 GB/3.3 GB  4.8 MB/s   4m47s[K[?25h[?2026l[?2026h[?25l[A[1Gpulling manifest [K
pulling aeda25e63ebd:  58% ▕██████████        ▏ 1.9 GB/3.3 GB  4.8 MB/s   4m47s[K[?25h[?2026l[?2026h[?25l[A[1Gpulling manifest [K
pulling aeda25e63ebd:  58% ▕██████████        ▏ 1.9 GB/3.3 GB  4.8 MB/s   4m47s[K[?25h[?2026l[?2026h[?25l[A[1Gpulling manifest [K
pulling aeda25e63ebd:  58% ▕██████████        ▏ 1.9 GB/3.3 GB  4.8 MB/s   4m47s[K[?25h[?2026l[?2026h[?25l[A[1Gpulling manifest [K
pulling aeda25e63ebd:  58% ▕██████████        ▏ 1.9 GB/3.3 GB  4.8 MB/s   4m47s[K[?25h[?2026l[?2026h[?25l[A[1Gpulling manifest [K
pulling aeda25e63ebd:  58% ▕██████████        ▏ 2.0 GB/3.3 GB  4.8 MB/s   4m47s[K[?25h[?2026l[?2026h[?25l[A[1Gpulling manifest [K
pulling aeda25e63ebd:  58% ▕██████████        ▏ 2.0 GB/3.3 GB  4.8 MB/s   4m47s[K[?25h[?2026l[?2026h[?25l[A[1Gpulling manifest [K
pulling aeda25e63ebd:  58% ▕██████████        ▏ 2.0 GB/3.3 GB  4.9 MB/s   4m40s[K[?25h[?2026l[?2026h[?25l[A[1Gpulling manifest [K
pulling aeda25e63ebd:  58% ▕██████████        ▏ 2.0 GB/3.3 GB  4.9 MB/s   4m40s[K[?25h[?2026l[?2026h[?25l[A[1Gpulling manifest [K
pulling aeda25e63ebd:  58% ▕██████████        ▏ 2.0 GB/3.3 GB  4.9 MB/s   4m40s[K[?25h[?2026l[?2026h[?25l[A[1Gpulling manifest [K
pulling aeda25e63ebd:  58% ▕██████████        ▏ 2.0 GB/3.3 GB  4.9 MB/s   4m40s[K[?25h[?2026l[?2026h[?25l[A[1Gpulling manifest [K
pulling aeda25e63ebd:  59% ▕██████████        ▏ 2.0 GB/3.3 GB  4.9 MB/s   4m40s[K[?25h[?2026l[?2026h[?25l[A[1Gpulling manifest [K
pulling aeda25e63ebd:  59% ▕██████████        ▏ 2.0 GB/3.3 GB  4.9 MB/s   4m40s[K[?25h[?2026l[?2026h[?25l[A[1Gpulling manifest [K
pulling aeda25e63ebd:  59% ▕██████████        ▏ 2.0 GB/3.3 GB  4.9 MB/s   4m40s[K[?25h[?2026l[?2026h[?25l[A[1Gpulling manifest [K
pulling aeda25e63ebd:  59% ▕██████████        ▏ 2.0 GB/3.3 GB  4.9 MB/s   4m40s[K[?25h[?2026l[?2026h[?25l[A[1Gpulling manifest [K
pulling aeda25e63ebd:  59% ▕██████████        ▏ 2.0 GB/3.3 GB  4.9 MB/s   4m39s[K[?25h[?2026l[?2026h[?25l[A[1Gpulling manifest [K
pulling aeda25e63ebd:  59% ▕██████████        ▏ 2.0 GB/3.3 GB  4.9 MB/s   4m39s[K[?25h[?2026l[?2026h[?25l[A[1Gpulling manifest [K
pulling aeda25e63ebd:  59% ▕██████████        ▏ 2.0 GB/3.3 GB  4.9 MB/s   4m42s[K[?25h[?2026l[?2026h[?25l[A[1Gpulling manifest [K
pulling aeda25e63ebd:  59% ▕██████████        ▏ 2.0 GB/3.3 GB  4.9 MB/s   4m42s[K[?25h[?2026l[?2026h[?25l[A[1Gpulling manifest [K
pulling aeda25e63ebd:  59% ▕██████████        ▏ 2.0 GB/3.3 GB  4.9 MB/s   4m42s[K[?25h[?2026l[?2026h[?25l[A[1Gpulling manifest [K
pulling aeda25e63ebd:  59% ▕██████████        ▏ 2.0 GB/3.3 GB  4.9 MB/s   4m42s[K[?25h[?2026l[?2026h[?25l[A[1Gpulling manifest [K
pulling aeda25e63ebd:  59% ▕██████████        ▏ 2.0 GB/3.3 GB  4.9 MB/s   4m42s[K[?25h[?2026l[?2026h[?25l[A[1Gpulling manifest [K
pulling aeda25e63ebd:  59% ▕██████████        ▏ 2.0 GB/3.3 GB  4.9 MB/s   4m41s[K[?25h[?2026l[?2026h[?25l[A[1Gpulling manifest [K
pulling aeda25e63ebd:  59% ▕██████████        ▏ 2.0 GB/3.3 GB  4.9 MB/s   4m41s[K[?25h[?2026l[?2026h[?25l[A[1Gpulling manifest [K
pulling aeda25e63ebd:  59% ▕██████████        ▏ 2.0 GB/3.3 GB  4.9 MB/s   4m41s[K[?25h[?2026l[?2026h[?25l[A[1Gpulling manifest [K
pulling aeda25e63ebd:  59% ▕██████████        ▏ 2.0 GB/3.3 GB  4.9 MB/s   4m41s[K[?25h[?2026l[?2026h[?25l[A[1Gpulling manifest [K
pulling aeda25e63ebd:  59% ▕██████████        ▏ 2.0 GB/3.3 GB  4.9 MB/s   4m41s[K[?25h[?2026l[?2026h[?25l[A[1Gpulling manifest [K
pulling aeda25e63ebd:  59% ▕██████████        ▏ 2.0 GB/3.3 GB  4.9 MB/s   4m40s[K[?25h[?2026l[?2026h[?25l[A[1Gpulling manifest [K
pulling aeda25e63ebd:  59% ▕██████████        ▏ 2.0 GB/3.3 GB  4.9 MB/s   4m40s[K[?25h[?2026l[?2026h[?25l[A[1Gpulling manifest [K
pulling aeda25e63ebd:  59% ▕██████████        ▏ 2.0 GB/3.3 GB  4.9 MB/s   4m39s[K[?25h[?2026l[?2026h[?25l[A[1Gpulling manifest [K
pulling aeda25e63ebd:  59% ▕██████████        ▏ 2.0 GB/3.3 GB  4.9 MB/s   4m39s[K[?25h[?2026l[?2026h[?25l[A[1Gpulling manifest [K
pulling aeda25e63ebd:  59% ▕██████████        ▏ 2.0 GB/3.3 GB  4.9 MB/s   4m39s[K[?25h[?2026l[?2026h[?25l[A[1Gpulling manifest [K
pulling aeda25e63ebd:  59% ▕██████████        ▏ 2.0 GB/3.3 GB  4.9 MB/s   4m39s[K[?25h[?2026l[?2026h[?25l[A[1Gpulling manifest [K
pulling aeda25e63ebd:  59% ▕██████████        ▏ 2.0 GB/3.3 GB  4.9 MB/s   4m39s[K[?25h[?2026l[?2026h[?25l[A[1Gpulling manifest [K
pulling aeda25e63ebd:  59% ▕██████████        ▏ 2.0 GB/3.3 GB  4.9 MB/s   4m39s[K[?25h[?2026l[?2026h[?25l[A[1Gpulling manifest [K
pulling aeda25e63ebd:  59% ▕██████████        ▏ 2.0 GB/3.3 GB  4.9 MB/s   4m39s[K[?25h[?2026l[?2026h[?25l[A[1Gpulling manifest [K
pulling aeda25e63ebd:  59% ▕██████████        ▏ 2.0 GB/3.3 GB  4.9 MB/s   4m39s[K[?25h[?2026l[?2026h[?25l[A[1Gpulling manifest [K
pulling aeda25e63ebd:  59% ▕██████████        ▏ 2.0 GB/3.3 GB  4.9 MB/s   4m39s[K[?25h[?2026l[?2026h[?25l[A[1Gpulling manifest [K
pulling aeda25e63ebd:  59% ▕██████████        ▏ 2.0 GB/3.3 GB  5.0 MB/s   4m37s[K[?25h[?2026l[?2026h[?25l[A[1Gpulling manifest [K
pulling aeda25e63ebd:  59% ▕██████████        ▏ 2.0 GB/3.3 GB  5.0 MB/s   4m37s[K[?25h[?2026l[?2026h[?25l[A[1Gpulling manifest [K
pulling aeda25e63ebd:  59% ▕██████████        ▏ 2.0 GB/3.3 GB  5.0 MB/s   4m37s[K[?25h[?2026l[?2026h[?25l[A[1Gpulling manifest [K
pulling aeda25e63ebd:  59% ▕██████████        ▏ 2.0 GB/3.3 GB  5.0 MB/s   4m36s[K[?25h[?2026l[?2026h[?25l[A[1Gpulling manifest [K
pulling aeda25e63ebd:  59% ▕██████████        ▏ 2.0 GB/3.3 GB  5.0 MB/s   4m36s[K[?25h[?2026l[?2026h[?25l[A[1Gpulling manifest [K
pulling aeda25e63ebd:  59% ▕██████████        ▏ 2.0 GB/3.3 GB  5.0 MB/s   4m36s[K[?25h[?2026l[?2026h[?25l[A[1Gpulling manifest [K
pulling aeda25e63ebd:  59% ▕██████████        ▏ 2.0 GB/3.3 GB  5.0 MB/s   4m36s[K[?25h[?2026l[?2026h[?25l[A[1Gpulling manifest [K
pulling aeda25e63ebd:  59% ▕██████████        ▏ 2.0 GB/3.3 GB  5.0 MB/s   4m36s[K[?25h[?2026l[?2026h[?25l[A[1Gpulling manifest [K
pulling aeda25e63ebd:  59% ▕██████████        ▏ 2.0 GB/3.3 GB  5.0 MB/s   4m36s[K[?25h[?2026l[?2026h[?25l[A[1Gpulling manifest [K
pulling aeda25e63ebd:  59% ▕██████████        ▏ 2.0 GB/3.3 GB  5.0 MB/s   4m36s[K[?25h[?2026l[?2026h[?25l[A[1Gpulling manifest [K
pulling aeda25e63ebd:  59% ▕██████████        ▏ 2.0 GB/3.3 GB  5.0 MB/s   4m34s[K[?25h[?2026l[?2026h[?25l[A[1Gpulling manifest [K
pulling aeda25e63ebd:  59% ▕██████████        ▏ 2.0 GB/3.3 GB  5.0 MB/s   4m34s[K[?25h[?2026l[?2026h[?25l[A[1Gpulling manifest [K
pulling aeda25e63ebd:  59% ▕██████████        ▏ 2.0 GB/3.3 GB  5.0 MB/s   4m34s[K[?25h[?2026l[?2026h[?25l[A[1Gpulling manifest [K
pulling aeda25e63ebd:  59% ▕██████████        ▏ 2.0 GB/3.3 GB  5.0 MB/s   4m34s[K[?25h[?2026l[?2026h[?25l[A[1Gpulling manifest [K
pulling aeda25e63ebd:  59% ▕██████████        ▏ 2.0 GB/3.3 GB  5.0 MB/s   4m34s[K[?25h[?2026l[?2026h[?25l[A[1Gpulling manifest [K
pulling aeda25e63ebd:  59% ▕██████████        ▏ 2.0 GB/3.3 GB  5.0 MB/s   4m34s[K[?25h[?2026l[?2026h[?25l[A[1Gpulling manifest [K
pulling aeda25e63ebd:  59% ▕██████████        ▏ 2.0 GB/3.3 GB  5.0 MB/s   4m34s[K[?25h[?2026l[?2026h[?25l[A[1Gpulling manifest [K
pulling aeda25e63ebd:  59% ▕██████████        ▏ 2.0 GB/3.3 GB  5.0 MB/s   4m34s[K[?25h[?2026l[?2026h[?25l[A[1Gpulling manifest [K
pulling aeda25e63ebd:  59% ▕██████████        ▏ 2.0 GB/3.3 GB  5.0 MB/s   4m33s[K[?25h[?2026l[?2026h[?25l[A[1Gpulling manifest [K
pulling aeda25e63ebd:  59% ▕██████████        ▏ 2.0 GB/3.3 GB  5.0 MB/s   4m33s[K[?25h[?2026l[?2026h[?25l[A[1Gpulling manifest [K
pulling aeda25e63ebd:  59% ▕██████████        ▏ 2.0 GB/3.3 GB  5.0 MB/s   4m33s[K[?25h[?2026l[?2026h[?25l[A[1Gpulling manifest [K
pulling aeda25e63ebd:  59% ▕██████████        ▏ 2.0 GB/3.3 GB  5.0 MB/s   4m33s[K[?25h[?2026l[?2026h[?25l[A[1Gpulling manifest [K
pulling aeda25e63ebd:  59% ▕██████████        ▏ 2.0 GB/3.3 GB  5.0 MB/s   4m33s[K[?25h[?2026l[?2026h[?25l[A[1Gpulling manifest [K
pulling aeda25e63ebd:  59% ▕██████████        ▏ 2.0 GB/3.3 GB  5.0 MB/s   4m33s[K[?25h[?2026l[?2026h[?25l[A[1Gpulling manifest [K
pulling aeda25e63ebd:  59% ▕██████████        ▏ 2.0 GB/3.3 GB  5.0 MB/s   4m33s[K[?25h[?2026l[?2026h[?25l[A[1Gpulling manifest [K
pulling aeda25e63ebd:  59% ▕██████████        ▏ 2.0 GB/3.3 GB  5.0 MB/s   4m32s[K[?25h[?2026l[?2026h[?25l[A[1Gpulling manifest [K
pulling aeda25e63ebd:  59% ▕██████████        ▏ 2.0 GB/3.3 GB  5.0 MB/s   4m32s[K[?25h[?2026l[?2026h[?25l[A[1Gpulling manifest [K
pulling aeda25e63ebd:  59% ▕██████████        ▏ 2.0 GB/3.3 GB  5.0 MB/s   4m32s[K[?25h[?2026l[?2026h[?25l[A[1Gpulling manifest [K
pulling aeda25e63ebd:  59% ▕██████████        ▏ 2.0 GB/3.3 GB  5.0 MB/s   4m32s[K[?25h[?2026l[?2026h[?25l[A[1Gpulling manifest [K
pulling aeda25e63ebd:  59% ▕██████████        ▏ 2.0 GB/3.3 GB  5.0 MB/s   4m32s[K[?25h[?2026l[?2026h[?25l[A[1Gpulling manifest [K
pulling aeda25e63ebd:  59% ▕██████████        ▏ 2.0 GB/3.3 GB  4.9 MB/s   4m37s[K[?25h[?2026l[?2026h[?25l[A[1Gpulling manifest [K
pulling aeda25e63ebd:  59% ▕██████████        ▏ 2.0 GB/3.3 GB  4.9 MB/s   4m36s[K[?25h[?2026l[?2026h[?25l[A[1Gpulling manifest [K
pulling aeda25e63ebd:  59% ▕██████████        ▏ 2.0 GB/3.3 GB  4.9 MB/s   4m36s[K[?25h[?2026l[?2026h[?25l[A[1Gpulling manifest [K
pulling aeda25e63ebd:  59% ▕██████████        ▏ 2.0 GB/3.3 GB  4.9 MB/s   4m36s[K[?25h[?2026l[?2026h[?25l[A[1Gpulling manifest [K
pulling aeda25e63ebd:  59% ▕██████████        ▏ 2.0 GB/3.3 GB  4.9 MB/s   4m36s[K[?25h[?2026l[?2026h[?25l[A[1Gpulling manifest [K
pulling aeda25e63ebd:  59% ▕██████████        ▏ 2.0 GB/3.3 GB  4.9 MB/s   4m36s[K[?25h[?2026l[?2026h[?25l[A[1Gpulling manifest [K
pulling aeda25e63ebd:  59% ▕██████████        ▏ 2.0 GB/3.3 GB  4.9 MB/s   4m36s[K[?25h[?2026l[?2026h[?25l[A[1Gpulling manifest [K
pulling aeda25e63ebd:  59% ▕██████████        ▏ 2.0 GB/3.3 GB  4.9 MB/s   4m36s[K[?25h[?2026l[?2026h[?25l[A[1Gpulling manifest [K
pulling aeda25e63ebd:  59% ▕██████████        ▏ 2.0 GB/3.3 GB  4.9 MB/s   4m36s[K[?25h[?2026l[?2026h[?25l[A[1Gpulling manifest [K
pulling aeda25e63ebd:  59% ▕██████████        ▏ 2.0 GB/3.3 GB  4.9 MB/s   4m36s[K[?25h[?2026l[?2026h[?25l[A[1Gpulling manifest [K
pulling aeda25e63ebd:  59% ▕██████████        ▏ 2.0 GB/3.3 GB  4.8 MB/s   4m40s[K[?25h[?2026l[?2026h[?25l[A[1Gpulling manifest [K
pulling aeda25e63ebd:  59% ▕██████████        ▏ 2.0 GB/3.3 GB  4.8 MB/s   4m40s[K[?25h[?2026l[?2026h[?25l[A[1Gpulling manifest [K
pulling aeda25e63ebd:  59% ▕██████████        ▏ 2.0 GB/3.3 GB  4.8 MB/s   4m40s[K[?25h[?2026l[?2026h[?25l[A[1Gpulling manifest [K
pulling aeda25e63ebd:  59% ▕██████████        ▏ 2.0 GB/3.3 GB  4.8 MB/s   4m40s[K[?25h[?2026l[?2026h[?25l[A[1Gpulling manifest [K
pulling aeda25e63ebd:  59% ▕██████████        ▏ 2.0 GB/3.3 GB  4.8 MB/s   4m40s[K[?25h[?2026l[?2026h[?25l[A[1Gpulling manifest [K
pulling aeda25e63ebd:  59% ▕██████████        ▏ 2.0 GB/3.3 GB  4.8 MB/s   4m40s[K[?25h[?2026l[?2026h[?25l[A[1Gpulling manifest [K
pulling aeda25e63ebd:  60% ▕██████████        ▏ 2.0 GB/3.3 GB  4.8 MB/s   4m40s[K[?25h[?2026l[?2026h[?25l[A[1Gpulling manifest [K
pulling aeda25e63ebd:  60% ▕██████████        ▏ 2.0 GB/3.3 GB  4.8 MB/s   4m40s[K[?25h[?2026l[?2026h[?25l[A[1Gpulling manifest [K
pulling aeda25e63ebd:  60% ▕██████████        ▏ 2.0 GB/3.3 GB  4.8 MB/s   4m39s[K[?25h[?2026l[?2026h[?25l[A[1Gpulling manifest [K
pulling aeda25e63ebd:  60% ▕██████████        ▏ 2.0 GB/3.3 GB  4.8 MB/s   4m39s[K[?25h[?2026l[?2026h[?25l[A[1Gpulling manifest [K
pulling aeda25e63ebd:  60% ▕██████████        ▏ 2.0 GB/3.3 GB  4.8 MB/s   4m39s[K[?25h[?2026l[?2026h[?25l[A[1Gpulling manifest [K
pulling aeda25e63ebd:  60% ▕██████████        ▏ 2.0 GB/3.3 GB  4.8 MB/s   4m43s[K[?25h[?2026l[?2026h[?25l[A[1Gpulling manifest [K
pulling aeda25e63ebd:  60% ▕██████████        ▏ 2.0 GB/3.3 GB  4.8 MB/s   4m42s[K[?25h[?2026l[?2026h[?25l[A[1Gpulling manifest [K
pulling aeda25e63ebd:  60% ▕██████████        ▏ 2.0 GB/3.3 GB  4.8 MB/s   4m42s[K[?25h[?2026l[?2026h[?25l[A[1Gpulling manifest [K
pulling aeda25e63ebd:  60% ▕██████████        ▏ 2.0 GB/3.3 GB  4.8 MB/s   4m42s[K[?25h[?2026l[?2026h[?25l[A[1Gpulling manifest [K
pulling aeda25e63ebd:  60% ▕██████████        ▏ 2.0 GB/3.3 GB  4.8 MB/s   4m42s[K[?25h[?2026l[?2026h[?25l[A[1Gpulling manifest [K
pulling aeda25e63ebd:  60% ▕██████████        ▏ 2.0 GB/3.3 GB  4.8 MB/s   4m42s[K[?25h[?2026l[?2026h[?25l[A[1Gpulling manifest [K
pulling aeda25e63ebd:  60% ▕██████████        ▏ 2.0 GB/3.3 GB  4.8 MB/s   4m42s[K[?25h[?2026l[?2026h[?25l[A[1Gpulling manifest [K
pulling aeda25e63ebd:  60% ▕██████████        ▏ 2.0 GB/3.3 GB  4.8 MB/s   4m42s[K[?25h[?2026l[?2026h[?25l[A[1Gpulling manifest [K
pulling aeda25e63ebd:  60% ▕██████████        ▏ 2.0 GB/3.3 GB  4.8 MB/s   4m42s[K[?25h[?2026l[?2026h[?25l[A[1Gpulling manifest [K
pulling aeda25e63ebd:  60% ▕██████████        ▏ 2.0 GB/3.3 GB  4.8 MB/s   4m41s[K[?25h[?2026l[?2026h[?25l[A[1Gpulling manifest [K
pulling aeda25e63ebd:  60% ▕██████████        ▏ 2.0 GB/3.3 GB  4.8 MB/s   4m37s[K[?25h[?2026l[?2026h[?25l[A[1Gpulling manifest [K
pulling aeda25e63ebd:  60% ▕██████████        ▏ 2.0 GB/3.3 GB  4.8 MB/s   4m37s[K[?25h[?2026l[?2026h[?25l[A[1Gpulling manifest [K
pulling aeda25e63ebd:  60% ▕██████████        ▏ 2.0 GB/3.3 GB  4.8 MB/s   4m37s[K[?25h[?2026l[?2026h[?25l[A[1Gpulling manifest [K
pulling aeda25e63ebd:  60% ▕██████████        ▏ 2.0 GB/3.3 GB  4.8 MB/s   4m37s[K[?25h[?2026l[?2026h[?25l[A[1Gpulling manifest [K
pulling aeda25e63ebd:  60% ▕██████████        ▏ 2.0 GB/3.3 GB  4.8 MB/s   4m37s[K[?25h[?2026l[?2026h[?25l[A[1Gpulling manifest [K
pulling aeda25e63ebd:  60% ▕██████████        ▏ 2.0 GB/3.3 GB  4.8 MB/s   4m37s[K[?25h[?2026l[?2026h[?25l[A[1Gpulling manifest [K
pulling aeda25e63ebd:  60% ▕██████████        ▏ 2.0 GB/3.3 GB  4.8 MB/s   4m37s[K[?25h[?2026l[?2026h[?25l[A[1Gpulling manifest [K
pulling aeda25e63ebd:  60% ▕██████████        ▏ 2.0 GB/3.3 GB  4.8 MB/s   4m37s[K[?25h[?2026l[?2026h[?25l[A[1Gpulling manifest [K
pulling aeda25e63ebd:  60% ▕██████████        ▏ 2.0 GB/3.3 GB  4.8 MB/s   4m37s[K[?25h[?2026l[?2026h[?25l[A[1Gpulling manifest [K
pulling aeda25e63ebd:  60% ▕██████████        ▏ 2.0 GB/3.3 GB  4.8 MB/s   4m36s[K[?25h[?2026l[?2026h[?25l[A[1Gpulling manifest [K
pulling aeda25e63ebd:  60% ▕██████████        ▏ 2.0 GB/3.3 GB  5.0 MB/s   4m29s[K[?25h[?2026l[?2026h[?25l[A[1Gpulling manifest [K
pulling aeda25e63ebd:  60% ▕██████████        ▏ 2.0 GB/3.3 GB  5.0 MB/s   4m29s[K[?25h[?2026l[?2026h[?25l[A[1Gpulling manifest [K
pulling aeda25e63ebd:  60% ▕██████████        ▏ 2.0 GB/3.3 GB  5.0 MB/s   4m29s[K[?25h[?2026l[?2026h[?25l[A[1Gpulling manifest [K
pulling aeda25e63ebd:  60% ▕██████████        ▏ 2.0 GB/3.3 GB  5.0 MB/s   4m29s[K[?25h[?2026l[?2026h[?25l[A[1Gpulling manifest [K
pulling aeda25e63ebd:  60% ▕██████████        ▏ 2.0 GB/3.3 GB  5.0 MB/s   4m29s[K[?25h[?2026l[?2026h[?25l[A[1Gpulling manifest [K
pulling aeda25e63ebd:  60% ▕██████████        ▏ 2.0 GB/3.3 GB  5.0 MB/s   4m28s[K[?25h[?2026l[?2026h[?25l[A[1Gpulling manifest [K
pulling aeda25e63ebd:  60% ▕██████████        ▏ 2.0 GB/3.3 GB  5.0 MB/s   4m28s[K[?25h[?2026l[?2026h[?25l[A[1Gpulling manifest [K
pulling aeda25e63ebd:  60% ▕██████████        ▏ 2.0 GB/3.3 GB  5.0 MB/s   4m28s[K[?25h[?2026l[?2026h[?25l[A[1Gpulling manifest [K
pulling aeda25e63ebd:  60% ▕██████████        ▏ 2.0 GB/3.3 GB  5.0 MB/s   4m28s[K[?25h[?2026l[?2026h[?25l[A[1Gpulling manifest [K
pulling aeda25e63ebd:  60% ▕██████████        ▏ 2.0 GB/3.3 GB  5.0 MB/s   4m28s[K[?25h[?2026l[?2026h[?25l[A[1Gpulling manifest [K
pulling aeda25e63ebd:  60% ▕██████████        ▏ 2.0 GB/3.3 GB  5.0 MB/s   4m24s[K[?25h[?2026l[?2026h[?25l[A[1Gpulling manifest [K
pulling aeda25e63ebd:  60% ▕██████████        ▏ 2.0 GB/3.3 GB  5.0 MB/s   4m24s[K[?25h[?2026l[?2026h[?25l[A[1Gpulling manifest [K
pulling aeda25e63ebd:  60% ▕██████████        ▏ 2.0 GB/3.3 GB  5.0 MB/s   4m24s[K[?25h[?2026l[?2026h[?25l[A[1Gpulling manifest [K
pulling aeda25e63ebd:  60% ▕██████████        ▏ 2.0 GB/3.3 GB  5.0 MB/s   4m23s[K[?25h[?2026l[?2026h[?25l[A[1Gpulling manifest [K
pulling aeda25e63ebd:  60% ▕██████████        ▏ 2.0 GB/3.3 GB  5.0 MB/s   4m23s[K[?25h[?2026l[?2026h[?25l[A[1Gpulling manifest [K
pulling aeda25e63ebd:  60% ▕██████████        ▏ 2.0 GB/3.3 GB  5.0 MB/s   4m23s[K[?25h[?2026l[?2026h[?25l[A[1Gpulling manifest [K
pulling aeda25e63ebd:  60% ▕██████████        ▏ 2.0 GB/3.3 GB  5.0 MB/s   4m23s[K[?25h[?2026l[?2026h[?25l[A[1Gpulling manifest [K
pulling aeda25e63ebd:  60% ▕██████████        ▏ 2.0 GB/3.3 GB  5.0 MB/s   4m23s[K[?25h[?2026l[?2026h[?25l[A[1Gpulling manifest [K
pulling aeda25e63ebd:  60% ▕██████████        ▏ 2.0 GB/3.3 GB  5.0 MB/s   4m23s[K[?25h[?2026l[?2026h[?25l[A[1Gpulling manifest [K
pulling aeda25e63ebd:  60% ▕██████████        ▏ 2.0 GB/3.3 GB  5.0 MB/s   4m23s[K[?25h[?2026l[?2026h[?25l[A[1Gpulling manifest [K
pulling aeda25e63ebd:  60% ▕██████████        ▏ 2.0 GB/3.3 GB  5.1 MB/s   4m19s[K[?25h[?2026l[?2026h[?25l[A[1Gpulling manifest [K
pulling aeda25e63ebd:  60% ▕██████████        ▏ 2.0 GB/3.3 GB  5.1 MB/s   4m19s[K[?25h[?2026l[?2026h[?25l[A[1Gpulling manifest [K
pulling aeda25e63ebd:  60% ▕██████████        ▏ 2.0 GB/3.3 GB  5.1 MB/s   4m19s[K[?25h[?2026l[?2026h[?25l[A[1Gpulling manifest [K
pulling aeda25e63ebd:  60% ▕██████████        ▏ 2.0 GB/3.3 GB  5.1 MB/s   4m19s[K[?25h[?2026l[?2026h[?25l[A[1Gpulling manifest [K
pulling aeda25e63ebd:  60% ▕██████████        ▏ 2.0 GB/3.3 GB  5.1 MB/s   4m19s[K[?25h[?2026l[?2026h[?25l[A[1Gpulling manifest [K
pulling aeda25e63ebd:  60% ▕██████████        ▏ 2.0 GB/3.3 GB  5.1 MB/s   4m18s[K[?25h[?2026l[?2026h[?25l[A[1Gpulling manifest [K
pulling aeda25e63ebd:  60% ▕██████████        ▏ 2.0 GB/3.3 GB  5.1 MB/s   4m18s[K[?25h[?2026l[?2026h[?25l[A[1Gpulling manifest [K
pulling aeda25e63ebd:  60% ▕██████████        ▏ 2.0 GB/3.3 GB  5.1 MB/s   4m18s[K[?25h[?2026l[?2026h[?25l[A[1Gpulling manifest [K
pulling aeda25e63ebd:  60% ▕██████████        ▏ 2.0 GB/3.3 GB  5.1 MB/s   4m18s[K[?25h[?2026l[?2026h[?25l[A[1Gpulling manifest [K
pulling aeda25e63ebd:  60% ▕██████████        ▏ 2.0 GB/3.3 GB  5.1 MB/s   4m18s[K[?25h[?2026l[?2026h[?25l[A[1Gpulling manifest [K
pulling aeda25e63ebd:  60% ▕██████████        ▏ 2.0 GB/3.3 GB  5.1 MB/s   4m18s[K[?25h[?2026l[?2026h[?25l[A[1Gpulling manifest [K
pulling aeda25e63ebd:  60% ▕██████████        ▏ 2.0 GB/3.3 GB  5.2 MB/s   4m11s[K[?25h[?2026l[?2026h[?25l[A[1Gpulling manifest [K
pulling aeda25e63ebd:  60% ▕██████████        ▏ 2.0 GB/3.3 GB  5.2 MB/s   4m11s[K[?25h[?2026l[?2026h[?25l[A[1Gpulling manifest [K
pulling aeda25e63ebd:  60% ▕██████████        ▏ 2.0 GB/3.3 GB  5.2 MB/s   4m11s[K[?25h[?2026l[?2026h[?25l[A[1Gpulling manifest [K
pulling aeda25e63ebd:  60% ▕██████████        ▏ 2.0 GB/3.3 GB  5.2 MB/s   4m11s[K[?25h[?2026l[?2026h[?25l[A[1Gpulling manifest [K
pulling aeda25e63ebd:  60% ▕██████████        ▏ 2.0 GB/3.3 GB  5.2 MB/s   4m11s[K[?25h[?2026l[?2026h[?25l[A[1Gpulling manifest [K
pulling aeda25e63ebd:  60% ▕██████████        ▏ 2.0 GB/3.3 GB  5.2 MB/s   4m11s[K[?25h[?2026l[?2026h[?25l[A[1Gpulling manifest [K
pulling aeda25e63ebd:  61% ▕██████████        ▏ 2.0 GB/3.3 GB  5.2 MB/s   4m11s[K[?25h[?2026l[?2026h[?25l[A[1Gpulling manifest [K
pulling aeda25e63ebd:  61% ▕██████████        ▏ 2.0 GB/3.3 GB  5.2 MB/s   4m11s[K[?25h[?2026l[?2026h[?25l[A[1Gpulling manifest [K
pulling aeda25e63ebd:  61% ▕██████████        ▏ 2.0 GB/3.3 GB  5.2 MB/s   4m11s[K[?25h[?2026l[?2026h[?25l[A[1Gpulling manifest [K
pulling aeda25e63ebd:  61% ▕██████████        ▏ 2.0 GB/3.3 GB  5.2 MB/s   4m11s[K[?25h[?2026l[?2026h[?25l[A[1Gpulling manifest [K
pulling aeda25e63ebd:  61% ▕██████████        ▏ 2.0 GB/3.3 GB  5.2 MB/s   4m12s[K[?25h[?2026l[?2026h[?25l[A[1Gpulling manifest [K
pulling aeda25e63ebd:  61% ▕██████████        ▏ 2.0 GB/3.3 GB  5.2 MB/s   4m12s[K[?25h[?2026l[?2026h[?25l[A[1Gpulling manifest [K
pulling aeda25e63ebd:  61% ▕██████████        ▏ 2.0 GB/3.3 GB  5.2 MB/s   4m12s[K[?25h[?2026l[?2026h[?25l[A[1Gpulling manifest [K
pulling aeda25e63ebd:  61% ▕██████████        ▏ 2.0 GB/3.3 GB  5.2 MB/s   4m11s[K[?25h[?2026l[?2026h[?25l[A[1Gpulling manifest [K
pulling aeda25e63ebd:  61% ▕██████████        ▏ 2.0 GB/3.3 GB  5.2 MB/s   4m11s[K[?25h[?2026l[?2026h[?25l[A[1Gpulling manifest [K
pulling aeda25e63ebd:  61% ▕██████████        ▏ 2.0 GB/3.3 GB  5.2 MB/s   4m11s[K[?25h[?2026l[?2026h[?25l[A[1Gpulling manifest [K
pulling aeda25e63ebd:  61% ▕██████████        ▏ 2.0 GB/3.3 GB  5.2 MB/s   4m11s[K[?25h[?2026l[?2026h[?25l[A[1Gpulling manifest [K
pulling aeda25e63ebd:  61% ▕██████████        ▏ 2.0 GB/3.3 GB  5.2 MB/s   4m11s[K[?25h[?2026l[?2026h[?25l[A[1Gpulling manifest [K
pulling aeda25e63ebd:  61% ▕██████████        ▏ 2.0 GB/3.3 GB  5.2 MB/s   4m11s[K[?25h[?2026l[?2026h[?25l[A[1Gpulling manifest [K
pulling aeda25e63ebd:  61% ▕██████████        ▏ 2.0 GB/3.3 GB  5.2 MB/s   4m11s[K[?25h[?2026l[?2026h[?25l[A[1Gpulling manifest [K
pulling aeda25e63ebd:  61% ▕██████████        ▏ 2.0 GB/3.3 GB  5.3 MB/s    4m5s[K[?25h[?2026l[?2026h[?25l[A[1Gpulling manifest [K
pulling aeda25e63ebd:  61% ▕██████████        ▏ 2.0 GB/3.3 GB  5.3 MB/s    4m5s[K[?25h[?2026l[?2026h[?25l[A[1Gpulling manifest [K
pulling aeda25e63ebd:  61% ▕██████████        ▏ 2.0 GB/3.3 GB  5.3 MB/s    4m5s[K[?25h[?2026l[?2026h[?25l[A[1Gpulling manifest [K
pulling aeda25e63ebd:  61% ▕██████████        ▏ 2.0 GB/3.3 GB  5.3 MB/s    4m5s[K[?25h[?2026l[?2026h[?25l[A[1Gpulling manifest [K
pulling aeda25e63ebd:  61% ▕██████████        ▏ 2.0 GB/3.3 GB  5.3 MB/s    4m5s[K[?25h[?2026l[?2026h[?25l[A[1Gpulling manifest [K
pulling aeda25e63ebd:  61% ▕██████████        ▏ 2.0 GB/3.3 GB  5.3 MB/s    4m4s[K[?25h[?2026l[?2026h[?25l[A[1Gpulling manifest [K
pulling aeda25e63ebd:  61% ▕██████████        ▏ 2.0 GB/3.3 GB  5.3 MB/s    4m4s[K[?25h[?2026l[?2026h[?25l[A[1Gpulling manifest [K
pulling aeda25e63ebd:  61% ▕██████████        ▏ 2.0 GB/3.3 GB  5.3 MB/s    4m4s[K[?25h[?2026l[?2026h[?25l[A[1Gpulling manifest [K
pulling aeda25e63ebd:  61% ▕██████████        ▏ 2.0 GB/3.3 GB  5.3 MB/s    4m4s[K[?25h[?2026l[?2026h[?25l[A[1Gpulling manifest [K
pulling aeda25e63ebd:  61% ▕██████████        ▏ 2.0 GB/3.3 GB  5.3 MB/s    4m4s[K[?25h[?2026l[?2026h[?25l[A[1Gpulling manifest [K
pulling aeda25e63ebd:  61% ▕██████████        ▏ 2.0 GB/3.3 GB  5.4 MB/s    4m2s[K[?25h[?2026l[?2026h[?25l[A[1Gpulling manifest [K
pulling aeda25e63ebd:  61% ▕██████████        ▏ 2.0 GB/3.3 GB  5.4 MB/s    4m2s[K[?25h[?2026l[?2026h[?25l[A[1Gpulling manifest [K
pulling aeda25e63ebd:  61% ▕██████████        ▏ 2.0 GB/3.3 GB  5.4 MB/s    4m1s[K[?25h[?2026l[?2026h[?25l[A[1Gpulling manifest [K
pulling aeda25e63ebd:  61% ▕██████████        ▏ 2.0 GB/3.3 GB  5.4 MB/s    4m1s[K[?25h[?2026l[?2026h[?25l[A[1Gpulling manifest [K
pulling aeda25e63ebd:  61% ▕██████████        ▏ 2.0 GB/3.3 GB  5.4 MB/s    4m1s[K[?25h[?2026l[?2026h[?25l[A[1Gpulling manifest [K
pulling aeda25e63ebd:  61% ▕██████████        ▏ 2.0 GB/3.3 GB  5.4 MB/s    4m1s[K[?25h[?2026l[?2026h[?25l[A[1Gpulling manifest [K
pulling aeda25e63ebd:  61% ▕██████████        ▏ 2.0 GB/3.3 GB  5.4 MB/s    4m1s[K[?25h[?2026l[?2026h[?25l[A[1Gpulling manifest [K
pulling aeda25e63ebd:  61% ▕██████████        ▏ 2.0 GB/3.3 GB  5.4 MB/s    4m1s[K[?25h[?2026l[?2026h[?25l[A[1Gpulling manifest [K
pulling aeda25e63ebd:  61% ▕██████████        ▏ 2.0 GB/3.3 GB  5.4 MB/s    4m1s[K[?25h[?2026l[?2026h[?25l[A[1Gpulling manifest [K
pulling aeda25e63ebd:  61% ▕██████████        ▏ 2.0 GB/3.3 GB  5.4 MB/s    4m1s[K[?25h[?2026l[?2026h[?25l[A[1Gpulling manifest [K
pulling aeda25e63ebd:  61% ▕██████████        ▏ 2.0 GB/3.3 GB  5.4 MB/s   3m59s[K[?25h[?2026l[?2026h[?25l[A[1Gpulling manifest [K
pulling aeda25e63ebd:  61% ▕██████████        ▏ 2.0 GB/3.3 GB  5.4 MB/s   3m59s[K[?25h[?2026l[?2026h[?25l[A[1Gpulling manifest [K
pulling aeda25e63ebd:  61% ▕██████████        ▏ 2.0 GB/3.3 GB  5.4 MB/s   3m59s[K[?25h[?2026l[?2026h[?25l[A[1Gpulling manifest [K
pulling aeda25e63ebd:  61% ▕██████████        ▏ 2.0 GB/3.3 GB  5.4 MB/s   3m59s[K[?25h[?2026l[?2026h[?25l[A[1Gpulling manifest [K
pulling aeda25e63ebd:  61% ▕██████████        ▏ 2.0 GB/3.3 GB  5.4 MB/s   3m59s[K[?25h[?2026l[?2026h[?25l[A[1Gpulling manifest [K
pulling aeda25e63ebd:  61% ▕███████████       ▏ 2.0 GB/3.3 GB  5.4 MB/s   3m59s[K[?25h[?2026l[?2026h[?25l[A[1Gpulling manifest [K
pulling aeda25e63ebd:  61% ▕███████████       ▏ 2.0 GB/3.3 GB  5.4 MB/s   3m58s[K[?25h[?2026l[?2026h[?25l[A[1Gpulling manifest [K
pulling aeda25e63ebd:  61% ▕███████████       ▏ 2.0 GB/3.3 GB  5.4 MB/s   3m58s[K[?25h[?2026l[?2026h[?25l[A[1Gpulling manifest [K
pulling aeda25e63ebd:  61% ▕███████████       ▏ 2.0 GB/3.3 GB  5.4 MB/s   3m58s[K[?25h[?2026l[?2026h[?25l[A[1Gpulling manifest [K
pulling aeda25e63ebd:  61% ▕███████████       ▏ 2.0 GB/3.3 GB  5.4 MB/s   3m58s[K[?25h[?2026l[?2026h[?25l[A[1Gpulling manifest [K
pulling aeda25e63ebd:  61% ▕███████████       ▏ 2.0 GB/3.3 GB  5.4 MB/s   3m58s[K[?25h[?2026l[?2026h[?25l[A[1Gpulling manifest [K
pulling aeda25e63ebd:  61% ▕███████████       ▏ 2.0 GB/3.3 GB  5.4 MB/s   3m58s[K[?25h[?2026l[?2026h[?25l[A[1Gpulling manifest [K
pulling aeda25e63ebd:  61% ▕███████████       ▏ 2.0 GB/3.3 GB  5.4 MB/s   3m58s[K[?25h[?2026l[?2026h[?25l[A[1Gpulling manifest [K
pulling aeda25e63ebd:  61% ▕███████████       ▏ 2.0 GB/3.3 GB  5.4 MB/s   3m58s[K[?25h[?2026l[?2026h[?25l[A[1Gpulling manifest [K
pulling aeda25e63ebd:  61% ▕███████████       ▏ 2.0 GB/3.3 GB  5.4 MB/s   3m58s[K[?25h[?2026l[?2026h[?25l[A[1Gpulling manifest [K
pulling aeda25e63ebd:  61% ▕███████████       ▏ 2.0 GB/3.3 GB  5.4 MB/s   3m58s[K[?25h[?2026l[?2026h[?25l[A[1Gpulling manifest [K
pulling aeda25e63ebd:  61% ▕███████████       ▏ 2.0 GB/3.3 GB  5.4 MB/s   3m58s[K[?25h[?2026l[?2026h[?25l[A[1Gpulling manifest [K
pulling aeda25e63ebd:  61% ▕███████████       ▏ 2.0 GB/3.3 GB  5.4 MB/s   3m58s[K[?25h[?2026l[?2026h[?25l[A[1Gpulling manifest [K
pulling aeda25e63ebd:  61% ▕███████████       ▏ 2.0 GB/3.3 GB  5.4 MB/s   3m58s[K[?25h[?2026l[?2026h[?25l[A[1Gpulling manifest [K
pulling aeda25e63ebd:  61% ▕███████████       ▏ 2.0 GB/3.3 GB  5.4 MB/s   3m58s[K[?25h[?2026l[?2026h[?25l[A[1Gpulling manifest [K
pulling aeda25e63ebd:  61% ▕███████████       ▏ 2.0 GB/3.3 GB  5.4 MB/s   3m58s[K[?25h[?2026l[?2026h[?25l[A[1Gpulling manifest [K
pulling aeda25e63ebd:  61% ▕███████████       ▏ 2.0 GB/3.3 GB  5.4 MB/s   3m57s[K[?25h[?2026l[?2026h[?25l[A[1Gpulling manifest [K
pulling aeda25e63ebd:  61% ▕███████████       ▏ 2.0 GB/3.3 GB  5.4 MB/s   3m57s[K[?25h[?2026l[?2026h[?25l[A[1Gpulling manifest [K
pulling aeda25e63ebd:  61% ▕███████████       ▏ 2.1 GB/3.3 GB  5.4 MB/s   3m57s[K[?25h[?2026l[?2026h[?25l[A[1Gpulling manifest [K
pulling aeda25e63ebd:  61% ▕███████████       ▏ 2.1 GB/3.3 GB  5.4 MB/s   3m57s[K[?25h[?2026l[?2026h[?25l[A[1Gpulling manifest [K
pulling aeda25e63ebd:  61% ▕███████████       ▏ 2.1 GB/3.3 GB  5.4 MB/s   3m57s[K[?25h[?2026l[?2026h[?25l[A[1Gpulling manifest [K
pulling aeda25e63ebd:  61% ▕███████████       ▏ 2.1 GB/3.3 GB  5.4 MB/s   3m57s[K[?25h[?2026l[?2026h[?25l[A[1Gpulling manifest [K
pulling aeda25e63ebd:  61% ▕███████████       ▏ 2.1 GB/3.3 GB  5.4 MB/s   3m57s[K[?25h[?2026l[?2026h[?25l[A[1Gpulling manifest [K
pulling aeda25e63ebd:  61% ▕███████████       ▏ 2.1 GB/3.3 GB  5.4 MB/s   3m57s[K[?25h[?2026l[?2026h[?25l[A[1Gpulling manifest [K
pulling aeda25e63ebd:  61% ▕███████████       ▏ 2.1 GB/3.3 GB  5.4 MB/s   3m57s[K[?25h[?2026l[?2026h[?25l[A[1Gpulling manifest [K
pulling aeda25e63ebd:  62% ▕███████████       ▏ 2.1 GB/3.3 GB  5.4 MB/s   3m57s[K[?25h[?2026l[?2026h[?25l[A[1Gpulling manifest [K
pulling aeda25e63ebd:  62% ▕███████████       ▏ 2.1 GB/3.3 GB  5.4 MB/s   3m55s[K[?25h[?2026l[?2026h[?25l[A[1Gpulling manifest [K
pulling aeda25e63ebd:  62% ▕███████████       ▏ 2.1 GB/3.3 GB  5.4 MB/s   3m55s[K[?25h[?2026l[?2026h[?25l[A[1Gpulling manifest [K
pulling aeda25e63ebd:  62% ▕███████████       ▏ 2.1 GB/3.3 GB  5.4 MB/s   3m55s[K[?25h[?2026l[?2026h[?25l[A[1Gpulling manifest [K
pulling aeda25e63ebd:  62% ▕███████████       ▏ 2.1 GB/3.3 GB  5.4 MB/s   3m55s[K[?25h[?2026l[?2026h[?25l[A[1Gpulling manifest [K
pulling aeda25e63ebd:  62% ▕███████████       ▏ 2.1 GB/3.3 GB  5.4 MB/s   3m55s[K[?25h[?2026l[?2026h[?25l[A[1Gpulling manifest [K
pulling aeda25e63ebd:  62% ▕███████████       ▏ 2.1 GB/3.3 GB  5.4 MB/s   3m55s[K[?25h[?2026l[?2026h[?25l[A[1Gpulling manifest [K
pulling aeda25e63ebd:  62% ▕███████████       ▏ 2.1 GB/3.3 GB  5.4 MB/s   3m55s[K[?25h[?2026l[?2026h[?25l[A[1Gpulling manifest [K
pulling aeda25e63ebd:  62% ▕███████████       ▏ 2.1 GB/3.3 GB  5.4 MB/s   3m55s[K[?25h[?2026l[?2026h[?25l[A[1Gpulling manifest [K
pulling aeda25e63ebd:  62% ▕███████████       ▏ 2.1 GB/3.3 GB  5.4 MB/s   3m55s[K[?25h[?2026l[?2026h[?25l[A[1Gpulling manifest [K
pulling aeda25e63ebd:  62% ▕███████████       ▏ 2.1 GB/3.3 GB  5.4 MB/s   3m54s[K[?25h[?2026l[?2026h[?25l[A[1Gpulling manifest [K
pulling aeda25e63ebd:  62% ▕███████████       ▏ 2.1 GB/3.3 GB  5.4 MB/s   3m56s[K[?25h[?2026l[?2026h[?25l[A[1Gpulling manifest [K
pulling aeda25e63ebd:  62% ▕███████████       ▏ 2.1 GB/3.3 GB  5.4 MB/s   3m56s[K[?25h[?2026l[?2026h[?25l[A[1Gpulling manifest [K
pulling aeda25e63ebd:  62% ▕███████████       ▏ 2.1 GB/3.3 GB  5.4 MB/s   3m56s[K[?25h[?2026l[?2026h[?25l[A[1Gpulling manifest [K
pulling aeda25e63ebd:  62% ▕███████████       ▏ 2.1 GB/3.3 GB  5.4 MB/s   3m56s[K[?25h[?2026l[?2026h[?25l[A[1Gpulling manifest [K
pulling aeda25e63ebd:  62% ▕███████████       ▏ 2.1 GB/3.3 GB  5.4 MB/s   3m56s[K[?25h[?2026l[?2026h[?25l[A[1Gpulling manifest [K
pulling aeda25e63ebd:  62% ▕███████████       ▏ 2.1 GB/3.3 GB  5.4 MB/s   3m56s[K[?25h[?2026l[?2026h[?25l[A[1Gpulling manifest [K
pulling aeda25e63ebd:  62% ▕███████████       ▏ 2.1 GB/3.3 GB  5.4 MB/s   3m56s[K[?25h[?2026l[?2026h[?25l[A[1Gpulling manifest [K
pulling aeda25e63ebd:  62% ▕███████████       ▏ 2.1 GB/3.3 GB  5.4 MB/s   3m56s[K[?25h[?2026l[?2026h[?25l[A[1Gpulling manifest [K
pulling aeda25e63ebd:  62% ▕███████████       ▏ 2.1 GB/3.3 GB  5.4 MB/s   3m56s[K[?25h[?2026l[?2026h[?25l[A[1Gpulling manifest [K
pulling aeda25e63ebd:  62% ▕███████████       ▏ 2.1 GB/3.3 GB  5.4 MB/s   3m56s[K[?25h[?2026l[?2026h[?25l[A[1Gpulling manifest [K
pulling aeda25e63ebd:  62% ▕███████████       ▏ 2.1 GB/3.3 GB  5.4 MB/s   3m57s[K[?25h[?2026l[?2026h[?25l[A[1Gpulling manifest [K
pulling aeda25e63ebd:  62% ▕███████████       ▏ 2.1 GB/3.3 GB  5.4 MB/s   3m57s[K[?25h[?2026l[?2026h[?25l[A[1Gpulling manifest [K
pulling aeda25e63ebd:  62% ▕███████████       ▏ 2.1 GB/3.3 GB  5.4 MB/s   3m57s[K[?25h[?2026l[?2026h[?25l[A[1Gpulling manifest [K
pulling aeda25e63ebd:  62% ▕███████████       ▏ 2.1 GB/3.3 GB  5.4 MB/s   3m56s[K[?25h[?2026l[?2026h[?25l[A[1Gpulling manifest [K
pulling aeda25e63ebd:  62% ▕███████████       ▏ 2.1 GB/3.3 GB  5.4 MB/s   3m56s[K[?25h[?2026l[?2026h[?25l[A[1Gpulling manifest [K
pulling aeda25e63ebd:  62% ▕███████████       ▏ 2.1 GB/3.3 GB  5.4 MB/s   3m56s[K[?25h[?2026l[?2026h[?25l[A[1Gpulling manifest [K
pulling aeda25e63ebd:  62% ▕███████████       ▏ 2.1 GB/3.3 GB  5.4 MB/s   3m56s[K[?25h[?2026l[?2026h[?25l[A[1Gpulling manifest [K
pulling aeda25e63ebd:  62% ▕███████████       ▏ 2.1 GB/3.3 GB  5.4 MB/s   3m56s[K[?25h[?2026l[?2026h[?25l[A[1Gpulling manifest [K
pulling aeda25e63ebd:  62% ▕███████████       ▏ 2.1 GB/3.3 GB  5.4 MB/s   3m56s[K[?25h[?2026l[?2026h[?25l[A[1Gpulling manifest [K
pulling aeda25e63ebd:  62% ▕███████████       ▏ 2.1 GB/3.3 GB  5.4 MB/s   3m56s[K[?25h[?2026l[?2026h[?25l[A[1Gpulling manifest [K
pulling aeda25e63ebd:  62% ▕███████████       ▏ 2.1 GB/3.3 GB  5.4 MB/s   3m56s[K[?25h[?2026l[?2026h[?25l[A[1Gpulling manifest [K
pulling aeda25e63ebd:  62% ▕███████████       ▏ 2.1 GB/3.3 GB  5.5 MB/s   3m51s[K[?25h[?2026l[?2026h[?25l[A[1Gpulling manifest [K
pulling aeda25e63ebd:  62% ▕███████████       ▏ 2.1 GB/3.3 GB  5.5 MB/s   3m51s[K[?25h[?2026l[?2026h[?25l[A[1Gpulling manifest [K
pulling aeda25e63ebd:  62% ▕███████████       ▏ 2.1 GB/3.3 GB  5.5 MB/s   3m51s[K[?25h[?2026l[?2026h[?25l[A[1Gpulling manifest [K
pulling aeda25e63ebd:  62% ▕███████████       ▏ 2.1 GB/3.3 GB  5.5 MB/s   3m50s[K[?25h[?2026l[?2026h[?25l[A[1Gpulling manifest [K
pulling aeda25e63ebd:  62% ▕███████████       ▏ 2.1 GB/3.3 GB  5.5 MB/s   3m50s[K[?25h[?2026l[?2026h[?25l[A[1Gpulling manifest [K
pulling aeda25e63ebd:  62% ▕███████████       ▏ 2.1 GB/3.3 GB  5.5 MB/s   3m50s[K[?25h[?2026l[?2026h[?25l[A[1Gpulling manifest [K
pulling aeda25e63ebd:  62% ▕███████████       ▏ 2.1 GB/3.3 GB  5.5 MB/s   3m50s[K[?25h[?2026l[?2026h[?25l[A[1Gpulling manifest [K
pulling aeda25e63ebd:  62% ▕███████████       ▏ 2.1 GB/3.3 GB  5.5 MB/s   3m50s[K[?25h[?2026l[?2026h[?25l[A[1Gpulling manifest [K
pulling aeda25e63ebd:  62% ▕███████████       ▏ 2.1 GB/3.3 GB  5.5 MB/s   3m50s[K[?25h[?2026l[?2026h[?25l[A[1Gpulling manifest [K
pulling aeda25e63ebd:  62% ▕███████████       ▏ 2.1 GB/3.3 GB  5.5 MB/s   3m50s[K[?25h[?2026l[?2026h[?25l[A[1Gpulling manifest [K
pulling aeda25e63ebd:  62% ▕███████████       ▏ 2.1 GB/3.3 GB  5.5 MB/s   3m50s[K[?25h[?2026l[?2026h[?25l[A[1Gpulling manifest [K
pulling aeda25e63ebd:  62% ▕███████████       ▏ 2.1 GB/3.3 GB  5.5 MB/s   3m50s[K[?25h[?2026l[?2026h[?25l[A[1Gpulling manifest [K
pulling aeda25e63ebd:  62% ▕███████████       ▏ 2.1 GB/3.3 GB  5.5 MB/s   3m50s[K[?25h[?2026l[?2026h[?25l[A[1Gpulling manifest [K
pulling aeda25e63ebd:  62% ▕███████████       ▏ 2.1 GB/3.3 GB  5.5 MB/s   3m49s[K[?25h[?2026l[?2026h[?25l[A[1Gpulling manifest [K
pulling aeda25e63ebd:  62% ▕███████████       ▏ 2.1 GB/3.3 GB  5.5 MB/s   3m49s[K[?25h[?2026l[?2026h[?25l[A[1Gpulling manifest [K
pulling aeda25e63ebd:  62% ▕███████████       ▏ 2.1 GB/3.3 GB  5.5 MB/s   3m49s[K[?25h[?2026l[?2026h[?25l[A[1Gpulling manifest [K
pulling aeda25e63ebd:  62% ▕███████████       ▏ 2.1 GB/3.3 GB  5.5 MB/s   3m49s[K[?25h[?2026l[?2026h[?25l[A[1Gpulling manifest [K
pulling aeda25e63ebd:  62% ▕███████████       ▏ 2.1 GB/3.3 GB  5.5 MB/s   3m49s[K[?25h[?2026l[?2026h[?25l[A[1Gpulling manifest [K
pulling aeda25e63ebd:  62% ▕███████████       ▏ 2.1 GB/3.3 GB  5.5 MB/s   3m49s[K[?25h[?2026l[?2026h[?25l[A[1Gpulling manifest [K
pulling aeda25e63ebd:  62% ▕███████████       ▏ 2.1 GB/3.3 GB  5.5 MB/s   3m49s[K[?25h[?2026l[?2026h[?25l[A[1Gpulling manifest [K
pulling aeda25e63ebd:  62% ▕███████████       ▏ 2.1 GB/3.3 GB  5.5 MB/s   3m50s[K[?25h[?2026l[?2026h[?25l[A[1Gpulling manifest [K
pulling aeda25e63ebd:  62% ▕███████████       ▏ 2.1 GB/3.3 GB  5.5 MB/s   3m50s[K[?25h[?2026l[?2026h[?25l[A[1Gpulling manifest [K
pulling aeda25e63ebd:  62% ▕███████████       ▏ 2.1 GB/3.3 GB  5.5 MB/s   3m50s[K[?25h[?2026l[?2026h[?25l[A[1Gpulling manifest [K
pulling aeda25e63ebd:  62% ▕███████████       ▏ 2.1 GB/3.3 GB  5.5 MB/s   3m50s[K[?25h[?2026l[?2026h[?25l[A[1Gpulling manifest [K
pulling aeda25e63ebd:  62% ▕███████████       ▏ 2.1 GB/3.3 GB  5.5 MB/s   3m49s[K[?25h[?2026l[?2026h[?25l[A[1Gpulling manifest [K
pulling aeda25e63ebd:  62% ▕███████████       ▏ 2.1 GB/3.3 GB  5.5 MB/s   3m49s[K[?25h[?2026l[?2026h[?25l[A[1Gpulling manifest [K
pulling aeda25e63ebd:  62% ▕███████████       ▏ 2.1 GB/3.3 GB  5.5 MB/s   3m49s[K[?25h[?2026l[?2026h[?25l[A[1Gpulling manifest [K
pulling aeda25e63ebd:  62% ▕███████████       ▏ 2.1 GB/3.3 GB  5.5 MB/s   3m49s[K[?25h[?2026l[?2026h[?25l[A[1Gpulling manifest [K
pulling aeda25e63ebd:  62% ▕███████████       ▏ 2.1 GB/3.3 GB  5.5 MB/s   3m49s[K[?25h[?2026l[?2026h[?25l[A[1Gpulling manifest [K
pulling aeda25e63ebd:  62% ▕███████████       ▏ 2.1 GB/3.3 GB  5.5 MB/s   3m49s[K[?25h[?2026l[?2026h[?25l[A[1Gpulling manifest [K
pulling aeda25e63ebd:  63% ▕███████████       ▏ 2.1 GB/3.3 GB  5.5 MB/s   3m48s[K[?25h[?2026l[?2026h[?25l[A[1Gpulling manifest [K
pulling aeda25e63ebd:  63% ▕███████████       ▏ 2.1 GB/3.3 GB  5.5 MB/s   3m47s[K[?25h[?2026l[?2026h[?25l[A[1Gpulling manifest [K
pulling aeda25e63ebd:  63% ▕███████████       ▏ 2.1 GB/3.3 GB  5.5 MB/s   3m47s[K[?25h[?2026l[?2026h[?25l[A[1Gpulling manifest [K
pulling aeda25e63ebd:  63% ▕███████████       ▏ 2.1 GB/3.3 GB  5.5 MB/s   3m47s[K[?25h[?2026l[?2026h[?25l[A[1Gpulling manifest [K
pulling aeda25e63ebd:  63% ▕███████████       ▏ 2.1 GB/3.3 GB  5.5 MB/s   3m47s[K[?25h[?2026l[?2026h[?25l[A[1Gpulling manifest [K
pulling aeda25e63ebd:  63% ▕███████████       ▏ 2.1 GB/3.3 GB  5.5 MB/s   3m47s[K[?25h[?2026l[?2026h[?25l[A[1Gpulling manifest [K
pulling aeda25e63ebd:  63% ▕███████████       ▏ 2.1 GB/3.3 GB  5.5 MB/s   3m47s[K[?25h[?2026l[?2026h[?25l[A[1Gpulling manifest [K
pulling aeda25e63ebd:  63% ▕███████████       ▏ 2.1 GB/3.3 GB  5.5 MB/s   3m47s[K[?25h[?2026l[?2026h[?25l[A[1Gpulling manifest [K
pulling aeda25e63ebd:  63% ▕███████████       ▏ 2.1 GB/3.3 GB  5.5 MB/s   3m47s[K[?25h[?2026l[?2026h[?25l[A[1Gpulling manifest [K
pulling aeda25e63ebd:  63% ▕███████████       ▏ 2.1 GB/3.3 GB  5.5 MB/s   3m47s[K[?25h[?2026l[?2026h[?25l[A[1Gpulling manifest [K
pulling aeda25e63ebd:  63% ▕███████████       ▏ 2.1 GB/3.3 GB  5.5 MB/s   3m45s[K[?25h[?2026l[?2026h[?25l[A[1Gpulling manifest [K
pulling aeda25e63ebd:  63% ▕███████████       ▏ 2.1 GB/3.3 GB  5.5 MB/s   3m45s[K[?25h[?2026l[?2026h[?25l[A[1Gpulling manifest [K
pulling aeda25e63ebd:  63% ▕███████████       ▏ 2.1 GB/3.3 GB  5.5 MB/s   3m45s[K[?25h[?2026l[?2026h[?25l[A[1Gpulling manifest [K
pulling aeda25e63ebd:  63% ▕███████████       ▏ 2.1 GB/3.3 GB  5.5 MB/s   3m45s[K[?25h[?2026l[?2026h[?25l[A[1Gpulling manifest [K
pulling aeda25e63ebd:  63% ▕███████████       ▏ 2.1 GB/3.3 GB  5.5 MB/s   3m45s[K[?25h[?2026l[?2026h[?25l[A[1Gpulling manifest [K
pulling aeda25e63ebd:  63% ▕███████████       ▏ 2.1 GB/3.3 GB  5.5 MB/s   3m45s[K[?25h[?2026l[?2026h[?25l[A[1Gpulling manifest [K
pulling aeda25e63ebd:  63% ▕███████████       ▏ 2.1 GB/3.3 GB  5.5 MB/s   3m45s[K[?25h[?2026l[?2026h[?25l[A[1Gpulling manifest [K
pulling aeda25e63ebd:  63% ▕███████████       ▏ 2.1 GB/3.3 GB  5.5 MB/s   3m45s[K[?25h[?2026l[?2026h[?25l[A[1Gpulling manifest [K
pulling aeda25e63ebd:  63% ▕███████████       ▏ 2.1 GB/3.3 GB  5.5 MB/s   3m44s[K[?25h[?2026l[?2026h[?25l[A[1Gpulling manifest [K
pulling aeda25e63ebd:  63% ▕███████████       ▏ 2.1 GB/3.3 GB  5.5 MB/s   3m44s[K[?25h[?2026l[?2026h[?25l[A[1Gpulling manifest [K
pulling aeda25e63ebd:  63% ▕███████████       ▏ 2.1 GB/3.3 GB  5.5 MB/s   3m44s[K[?25h[?2026l[?2026h[?25l[A[1Gpulling manifest [K
pulling aeda25e63ebd:  63% ▕███████████       ▏ 2.1 GB/3.3 GB  5.5 MB/s   3m43s[K[?25h[?2026l[?2026h[?25l[A[1Gpulling manifest [K
pulling aeda25e63ebd:  63% ▕███████████       ▏ 2.1 GB/3.3 GB  5.5 MB/s   3m43s[K[?25h[?2026l[?2026h[?25l[A[1Gpulling manifest [K
pulling aeda25e63ebd:  63% ▕███████████       ▏ 2.1 GB/3.3 GB  5.5 MB/s   3m43s[K[?25h[?2026l[?2026h[?25l[A[1Gpulling manifest [K
pulling aeda25e63ebd:  63% ▕███████████       ▏ 2.1 GB/3.3 GB  5.5 MB/s   3m43s[K[?25h[?2026l[?2026h[?25l[A[1Gpulling manifest [K
pulling aeda25e63ebd:  63% ▕███████████       ▏ 2.1 GB/3.3 GB  5.5 MB/s   3m43s[K[?25h[?2026l[?2026h[?25l[A[1Gpulling manifest [K
pulling aeda25e63ebd:  63% ▕███████████       ▏ 2.1 GB/3.3 GB  5.5 MB/s   3m43s[K[?25h[?2026l[?2026h[?25l[A[1Gpulling manifest [K
pulling aeda25e63ebd:  63% ▕███████████       ▏ 2.1 GB/3.3 GB  5.5 MB/s   3m43s[K[?25h[?2026l[?2026h[?25l[A[1Gpulling manifest [K
pulling aeda25e63ebd:  63% ▕███████████       ▏ 2.1 GB/3.3 GB  5.5 MB/s   3m43s[K[?25h[?2026l[?2026h[?25l[A[1Gpulling manifest [K
pulling aeda25e63ebd:  63% ▕███████████       ▏ 2.1 GB/3.3 GB  5.5 MB/s   3m43s[K[?25h[?2026l[?2026h[?25l[A[1Gpulling manifest [K
pulling aeda25e63ebd:  63% ▕███████████       ▏ 2.1 GB/3.3 GB  5.5 MB/s   3m42s[K[?25h[?2026l[?2026h[?25l[A[1Gpulling manifest [K
pulling aeda25e63ebd:  63% ▕███████████       ▏ 2.1 GB/3.3 GB  5.6 MB/s   3m41s[K[?25h[?2026l[?2026h[?25l[A[1Gpulling manifest [K
pulling aeda25e63ebd:  63% ▕███████████       ▏ 2.1 GB/3.3 GB  5.6 MB/s   3m41s[K[?25h[?2026l[?2026h[?25l[A[1Gpulling manifest [K
pulling aeda25e63ebd:  63% ▕███████████       ▏ 2.1 GB/3.3 GB  5.6 MB/s   3m41s[K[?25h[?2026l[?2026h[?25l[A[1Gpulling manifest [K
pulling aeda25e63ebd:  63% ▕███████████       ▏ 2.1 GB/3.3 GB  5.6 MB/s   3m41s[K[?25h[?2026l[?2026h[?25l[A[1Gpulling manifest [K
pulling aeda25e63ebd:  63% ▕███████████       ▏ 2.1 GB/3.3 GB  5.6 MB/s   3m41s[K[?25h[?2026l[?2026h[?25l[A[1Gpulling manifest [K
pulling aeda25e63ebd:  63% ▕███████████       ▏ 2.1 GB/3.3 GB  5.6 MB/s   3m41s[K[?25h[?2026l[?2026h[?25l[A[1Gpulling manifest [K
pulling aeda25e63ebd:  63% ▕███████████       ▏ 2.1 GB/3.3 GB  5.6 MB/s   3m40s[K[?25h[?2026l[?2026h[?25l[A[1Gpulling manifest [K
pulling aeda25e63ebd:  63% ▕███████████       ▏ 2.1 GB/3.3 GB  5.6 MB/s   3m40s[K[?25h[?2026l[?2026h[?25l[A[1Gpulling manifest [K
pulling aeda25e63ebd:  63% ▕███████████       ▏ 2.1 GB/3.3 GB  5.6 MB/s   3m40s[K[?25h[?2026l[?2026h[?25l[A[1Gpulling manifest [K
pulling aeda25e63ebd:  63% ▕███████████       ▏ 2.1 GB/3.3 GB  5.6 MB/s   3m40s[K[?25h[?2026l[?2026h[?25l[A[1Gpulling manifest [K
pulling aeda25e63ebd:  63% ▕███████████       ▏ 2.1 GB/3.3 GB  5.6 MB/s   3m38s[K[?25h[?2026l[?2026h[?25l[A[1Gpulling manifest [K
pulling aeda25e63ebd:  63% ▕███████████       ▏ 2.1 GB/3.3 GB  5.6 MB/s   3m38s[K[?25h[?2026l[?2026h[?25l[A[1Gpulling manifest [K
pulling aeda25e63ebd:  63% ▕███████████       ▏ 2.1 GB/3.3 GB  5.6 MB/s   3m38s[K[?25h[?2026l[?2026h[?25l[A[1Gpulling manifest [K
pulling aeda25e63ebd:  63% ▕███████████       ▏ 2.1 GB/3.3 GB  5.6 MB/s   3m38s[K[?25h[?2026l[?2026h[?25l[A[1Gpulling manifest [K
pulling aeda25e63ebd:  63% ▕███████████       ▏ 2.1 GB/3.3 GB  5.6 MB/s   3m38s[K[?25h[?2026l[?2026h[?25l[A[1Gpulling manifest [K
pulling aeda25e63ebd:  63% ▕███████████       ▏ 2.1 GB/3.3 GB  5.6 MB/s   3m38s[K[?25h[?2026l[?2026h[?25l[A[1Gpulling manifest [K
pulling aeda25e63ebd:  63% ▕███████████       ▏ 2.1 GB/3.3 GB  5.6 MB/s   3m38s[K[?25h[?2026l[?2026h[?25l[A[1Gpulling manifest [K
pulling aeda25e63ebd:  63% ▕███████████       ▏ 2.1 GB/3.3 GB  5.6 MB/s   3m38s[K[?25h[?2026l[?2026h[?25l[A[1Gpulling manifest [K
pulling aeda25e63ebd:  63% ▕███████████       ▏ 2.1 GB/3.3 GB  5.6 MB/s   3m38s[K[?25h[?2026l[?2026h[?25l[A[1Gpulling manifest [K
pulling aeda25e63ebd:  63% ▕███████████       ▏ 2.1 GB/3.3 GB  5.6 MB/s   3m38s[K[?25h[?2026l[?2026h[?25l[A[1Gpulling manifest [K
pulling aeda25e63ebd:  63% ▕███████████       ▏ 2.1 GB/3.3 GB  5.6 MB/s   3m37s[K[?25h[?2026l[?2026h[?25l[A[1Gpulling manifest [K
pulling aeda25e63ebd:  63% ▕███████████       ▏ 2.1 GB/3.3 GB  5.6 MB/s   3m37s[K[?25h[?2026l[?2026h[?25l[A[1Gpulling manifest [K
pulling aeda25e63ebd:  63% ▕███████████       ▏ 2.1 GB/3.3 GB  5.6 MB/s   3m37s[K[?25h[?2026l[?2026h[?25l[A[1Gpulling manifest [K
pulling aeda25e63ebd:  63% ▕███████████       ▏ 2.1 GB/3.3 GB  5.6 MB/s   3m37s[K[?25h[?2026l[?2026h[?25l[A[1Gpulling manifest [K
pulling aeda25e63ebd:  63% ▕███████████       ▏ 2.1 GB/3.3 GB  5.6 MB/s   3m36s[K[?25h[?2026l[?2026h[?25l[A[1Gpulling manifest [K
pulling aeda25e63ebd:  63% ▕███████████       ▏ 2.1 GB/3.3 GB  5.6 MB/s   3m36s[K[?25h[?2026l[?2026h[?25l[A[1Gpulling manifest [K
pulling aeda25e63ebd:  63% ▕███████████       ▏ 2.1 GB/3.3 GB  5.6 MB/s   3m36s[K[?25h[?2026l[?2026h[?25l[A[1Gpulling manifest [K
pulling aeda25e63ebd:  63% ▕███████████       ▏ 2.1 GB/3.3 GB  5.6 MB/s   3m36s[K[?25h[?2026l[?2026h[?25l[A[1Gpulling manifest [K
pulling aeda25e63ebd:  63% ▕███████████       ▏ 2.1 GB/3.3 GB  5.6 MB/s   3m36s[K[?25h[?2026l[?2026h[?25l[A[1Gpulling manifest [K
pulling aeda25e63ebd:  64% ▕███████████       ▏ 2.1 GB/3.3 GB  5.6 MB/s   3m36s[K[?25h[?2026l[?2026h[?25l[A[1Gpulling manifest [K
pulling aeda25e63ebd:  64% ▕███████████       ▏ 2.1 GB/3.3 GB  5.6 MB/s   3m38s[K[?25h[?2026l[?2026h[?25l[A[1Gpulling manifest [K
pulling aeda25e63ebd:  64% ▕███████████       ▏ 2.1 GB/3.3 GB  5.6 MB/s   3m38s[K[?25h[?2026l[?2026h[?25l[A[1Gpulling manifest [K
pulling aeda25e63ebd:  64% ▕███████████       ▏ 2.1 GB/3.3 GB  5.6 MB/s   3m38s[K[?25h[?2026l[?2026h[?25l[A[1Gpulling manifest [K
pulling aeda25e63ebd:  64% ▕███████████       ▏ 2.1 GB/3.3 GB  5.6 MB/s   3m37s[K[?25h[?2026l[?2026h[?25l[A[1Gpulling manifest [K
pulling aeda25e63ebd:  64% ▕███████████       ▏ 2.1 GB/3.3 GB  5.6 MB/s   3m37s[K[?25h[?2026l[?2026h[?25l[A[1Gpulling manifest [K
pulling aeda25e63ebd:  64% ▕███████████       ▏ 2.1 GB/3.3 GB  5.6 MB/s   3m37s[K[?25h[?2026l[?2026h[?25l[A[1Gpulling manifest [K
pulling aeda25e63ebd:  64% ▕███████████       ▏ 2.1 GB/3.3 GB  5.6 MB/s   3m37s[K[?25h[?2026l[?2026h[?25l[A[1Gpulling manifest [K
pulling aeda25e63ebd:  64% ▕███████████       ▏ 2.1 GB/3.3 GB  5.6 MB/s   3m37s[K[?25h[?2026l[?2026h[?25l[A[1Gpulling manifest [K
pulling aeda25e63ebd:  64% ▕███████████       ▏ 2.1 GB/3.3 GB  5.6 MB/s   3m37s[K[?25h[?2026l[?2026h[?25l[A[1Gpulling manifest [K
pulling aeda25e63ebd:  64% ▕███████████       ▏ 2.1 GB/3.3 GB  5.6 MB/s   3m37s[K[?25h[?2026l[?2026h[?25l[A[1Gpulling manifest [K
pulling aeda25e63ebd:  64% ▕███████████       ▏ 2.1 GB/3.3 GB  5.6 MB/s   3m37s[K[?25h[?2026l[?2026h[?25l[A[1Gpulling manifest [K
pulling aeda25e63ebd:  64% ▕███████████       ▏ 2.1 GB/3.3 GB  5.6 MB/s   3m36s[K[?25h[?2026l[?2026h[?25l[A[1Gpulling manifest [K
pulling aeda25e63ebd:  64% ▕███████████       ▏ 2.1 GB/3.3 GB  5.6 MB/s   3m36s[K[?25h[?2026l[?2026h[?25l[A[1Gpulling manifest [K
pulling aeda25e63ebd:  64% ▕███████████       ▏ 2.1 GB/3.3 GB  5.6 MB/s   3m35s[K[?25h[?2026l[?2026h[?25l[A[1Gpulling manifest [K
pulling aeda25e63ebd:  64% ▕███████████       ▏ 2.1 GB/3.3 GB  5.6 MB/s   3m35s[K[?25h[?2026l[?2026h[?25l[A[1Gpulling manifest [K
pulling aeda25e63ebd:  64% ▕███████████       ▏ 2.1 GB/3.3 GB  5.6 MB/s   3m35s[K[?25h[?2026l[?2026h[?25l[A[1Gpulling manifest [K
pulling aeda25e63ebd:  64% ▕███████████       ▏ 2.1 GB/3.3 GB  5.6 MB/s   3m35s[K[?25h[?2026l[?2026h[?25l[A[1Gpulling manifest [K
pulling aeda25e63ebd:  64% ▕███████████       ▏ 2.1 GB/3.3 GB  5.6 MB/s   3m35s[K[?25h[?2026l[?2026h[?25l[A[1Gpulling manifest [K
pulling aeda25e63ebd:  64% ▕███████████       ▏ 2.1 GB/3.3 GB  5.6 MB/s   3m35s[K[?25h[?2026l[?2026h[?25l[A[1Gpulling manifest [K
pulling aeda25e63ebd:  64% ▕███████████       ▏ 2.1 GB/3.3 GB  5.6 MB/s   3m35s[K[?25h[?2026l[?2026h[?25l[A[1Gpulling manifest [K
pulling aeda25e63ebd:  64% ▕███████████       ▏ 2.1 GB/3.3 GB  5.6 MB/s   3m35s[K[?25h[?2026l[?2026h[?25l[A[1Gpulling manifest [K
pulling aeda25e63ebd:  64% ▕███████████       ▏ 2.1 GB/3.3 GB  5.6 MB/s   3m34s[K[?25h[?2026l[?2026h[?25l[A[1Gpulling manifest [K
pulling aeda25e63ebd:  64% ▕███████████       ▏ 2.1 GB/3.3 GB  5.6 MB/s   3m34s[K[?25h[?2026l[?2026h[?25l[A[1Gpulling manifest [K
pulling aeda25e63ebd:  64% ▕███████████       ▏ 2.1 GB/3.3 GB  5.6 MB/s   3m34s[K[?25h[?2026l[?2026h[?25l[A[1Gpulling manifest [K
pulling aeda25e63ebd:  64% ▕███████████       ▏ 2.1 GB/3.3 GB  5.6 MB/s   3m34s[K[?25h[?2026l[?2026h[?25l[A[1Gpulling manifest [K
pulling aeda25e63ebd:  64% ▕███████████       ▏ 2.1 GB/3.3 GB  5.6 MB/s   3m34s[K[?25h[?2026l[?2026h[?25l[A[1Gpulling manifest [K
pulling aeda25e63ebd:  64% ▕███████████       ▏ 2.1 GB/3.3 GB  5.6 MB/s   3m34s[K[?25h[?2026l[?2026h[?25l[A[1Gpulling manifest [K
pulling aeda25e63ebd:  64% ▕███████████       ▏ 2.1 GB/3.3 GB  5.6 MB/s   3m34s[K[?25h[?2026l[?2026h[?25l[A[1Gpulling manifest [K
pulling aeda25e63ebd:  64% ▕███████████       ▏ 2.1 GB/3.3 GB  5.6 MB/s   3m33s[K[?25h[?2026l[?2026h[?25l[A[1Gpulling manifest [K
pulling aeda25e63ebd:  64% ▕███████████       ▏ 2.1 GB/3.3 GB  5.6 MB/s   3m33s[K[?25h[?2026l[?2026h[?25l[A[1Gpulling manifest [K
pulling aeda25e63ebd:  64% ▕███████████       ▏ 2.1 GB/3.3 GB  5.6 MB/s   3m33s[K[?25h[?2026l[?2026h[?25l[A[1Gpulling manifest [K
pulling aeda25e63ebd:  64% ▕███████████       ▏ 2.1 GB/3.3 GB  5.7 MB/s   3m32s[K[?25h[?2026l[?2026h[?25l[A[1Gpulling manifest [K
pulling aeda25e63ebd:  64% ▕███████████       ▏ 2.1 GB/3.3 GB  5.7 MB/s   3m31s[K[?25h[?2026l[?2026h[?25l[A[1Gpulling manifest [K
pulling aeda25e63ebd:  64% ▕███████████       ▏ 2.1 GB/3.3 GB  5.7 MB/s   3m31s[K[?25h[?2026l[?2026h[?25l[A[1Gpulling manifest [K
pulling aeda25e63ebd:  64% ▕███████████       ▏ 2.1 GB/3.3 GB  5.7 MB/s   3m31s[K[?25h[?2026l[?2026h[?25l[A[1Gpulling manifest [K
pulling aeda25e63ebd:  64% ▕███████████       ▏ 2.1 GB/3.3 GB  5.7 MB/s   3m31s[K[?25h[?2026l[?2026h[?25l[A[1Gpulling manifest [K
pulling aeda25e63ebd:  64% ▕███████████       ▏ 2.1 GB/3.3 GB  5.7 MB/s   3m31s[K[?25h[?2026l[?2026h[?25l[A[1Gpulling manifest [K
pulling aeda25e63ebd:  64% ▕███████████       ▏ 2.1 GB/3.3 GB  5.7 MB/s   3m31s[K[?25h[?2026l[?2026h[?25l[A[1Gpulling manifest [K
pulling aeda25e63ebd:  64% ▕███████████       ▏ 2.1 GB/3.3 GB  5.7 MB/s   3m31s[K[?25h[?2026l[?2026h[?25l[A[1Gpulling manifest [K
pulling aeda25e63ebd:  64% ▕███████████       ▏ 2.1 GB/3.3 GB  5.7 MB/s   3m31s[K[?25h[?2026l[?2026h[?25l[A[1Gpulling manifest [K
pulling aeda25e63ebd:  64% ▕███████████       ▏ 2.1 GB/3.3 GB  5.7 MB/s   3m31s[K[?25h[?2026l[?2026h[?25l[A[1Gpulling manifest [K
pulling aeda25e63ebd:  64% ▕███████████       ▏ 2.1 GB/3.3 GB  5.6 MB/s   3m32s[K[?25h[?2026l[?2026h[?25l[A[1Gpulling manifest [K
pulling aeda25e63ebd:  64% ▕███████████       ▏ 2.1 GB/3.3 GB  5.6 MB/s   3m32s[K[?25h[?2026l[?2026h[?25l[A[1Gpulling manifest [K
pulling aeda25e63ebd:  64% ▕███████████       ▏ 2.1 GB/3.3 GB  5.6 MB/s   3m32s[K[?25h[?2026l[?2026h[?25l[A[1Gpulling manifest [K
pulling aeda25e63ebd:  64% ▕███████████       ▏ 2.1 GB/3.3 GB  5.6 MB/s   3m32s[K[?25h[?2026l[?2026h[?25l[A[1Gpulling manifest [K
pulling aeda25e63ebd:  64% ▕███████████       ▏ 2.1 GB/3.3 GB  5.6 MB/s   3m32s[K[?25h[?2026l[?2026h[?25l[A[1Gpulling manifest [K
pulling aeda25e63ebd:  64% ▕███████████       ▏ 2.1 GB/3.3 GB  5.6 MB/s   3m32s[K[?25h[?2026l[?2026h[?25l[A[1Gpulling manifest [K
pulling aeda25e63ebd:  64% ▕███████████       ▏ 2.1 GB/3.3 GB  5.6 MB/s   3m32s[K[?25h[?2026l[?2026h[?25l[A[1Gpulling manifest [K
pulling aeda25e63ebd:  64% ▕███████████       ▏ 2.1 GB/3.3 GB  5.6 MB/s   3m32s[K[?25h[?2026l[?2026h[?25l[A[1Gpulling manifest [K
pulling aeda25e63ebd:  64% ▕███████████       ▏ 2.1 GB/3.3 GB  5.6 MB/s   3m32s[K[?25h[?2026l[?2026h[?25l[A[1Gpulling manifest [K
pulling aeda25e63ebd:  64% ▕███████████       ▏ 2.1 GB/3.3 GB  5.6 MB/s   3m31s[K[?25h[?2026l[?2026h[?25l[A[1Gpulling manifest [K
pulling aeda25e63ebd:  64% ▕███████████       ▏ 2.1 GB/3.3 GB  5.5 MB/s   3m35s[K[?25h[?2026l[?2026h[?25l[A[1Gpulling manifest [K
pulling aeda25e63ebd:  64% ▕███████████       ▏ 2.1 GB/3.3 GB  5.5 MB/s   3m35s[K[?25h[?2026l[?2026h[?25l[A[1Gpulling manifest [K
pulling aeda25e63ebd:  64% ▕███████████       ▏ 2.1 GB/3.3 GB  5.5 MB/s   3m34s[K[?25h[?2026l[?2026h[?25l[A[1Gpulling manifest [K
pulling aeda25e63ebd:  64% ▕███████████       ▏ 2.2 GB/3.3 GB  5.5 MB/s   3m34s[K[?25h[?2026l[?2026h[?25l[A[1Gpulling manifest [K
pulling aeda25e63ebd:  64% ▕███████████       ▏ 2.2 GB/3.3 GB  5.5 MB/s   3m34s[K[?25h[?2026l[?2026h[?25l[A[1Gpulling manifest [K
pulling aeda25e63ebd:  64% ▕███████████       ▏ 2.2 GB/3.3 GB  5.5 MB/s   3m34s[K[?25h[?2026l[?2026h[?25l[A[1Gpulling manifest [K
pulling aeda25e63ebd:  64% ▕███████████       ▏ 2.2 GB/3.3 GB  5.5 MB/s   3m34s[K[?25h[?2026l[?2026h[?25l[A[1Gpulling manifest [K
pulling aeda25e63ebd:  64% ▕███████████       ▏ 2.2 GB/3.3 GB  5.5 MB/s   3m34s[K[?25h[?2026l[?2026h[?25l[A[1Gpulling manifest [K
pulling aeda25e63ebd:  64% ▕███████████       ▏ 2.2 GB/3.3 GB  5.5 MB/s   3m34s[K[?25h[?2026l[?2026h[?25l[A[1Gpulling manifest [K
pulling aeda25e63ebd:  64% ▕███████████       ▏ 2.2 GB/3.3 GB  5.5 MB/s   3m34s[K[?25h[?2026l[?2026h[?25l[A[1Gpulling manifest [K
pulling aeda25e63ebd:  65% ▕███████████       ▏ 2.2 GB/3.3 GB  5.5 MB/s   3m34s[K[?25h[?2026l[?2026h[?25l[A[1Gpulling manifest [K
pulling aeda25e63ebd:  65% ▕███████████       ▏ 2.2 GB/3.3 GB  5.5 MB/s   3m34s[K[?25h[?2026l[?2026h[?25l[A[1Gpulling manifest [K
pulling aeda25e63ebd:  65% ▕███████████       ▏ 2.2 GB/3.3 GB  5.5 MB/s   3m34s[K[?25h[?2026l[?2026h[?25l[A[1Gpulling manifest [K
pulling aeda25e63ebd:  65% ▕███████████       ▏ 2.2 GB/3.3 GB  5.5 MB/s   3m34s[K[?25h[?2026l[?2026h[?25l[A[1Gpulling manifest [K
pulling aeda25e63ebd:  65% ▕███████████       ▏ 2.2 GB/3.3 GB  5.5 MB/s   3m34s[K[?25h[?2026l[?2026h[?25l[A[1Gpulling manifest [K
pulling aeda25e63ebd:  65% ▕███████████       ▏ 2.2 GB/3.3 GB  5.5 MB/s   3m34s[K[?25h[?2026l[?2026h[?25l[A[1Gpulling manifest [K
pulling aeda25e63ebd:  65% ▕███████████       ▏ 2.2 GB/3.3 GB  5.5 MB/s   3m34s[K[?25h[?2026l[?2026h[?25l[A[1Gpulling manifest [K
pulling aeda25e63ebd:  65% ▕███████████       ▏ 2.2 GB/3.3 GB  5.5 MB/s   3m34s[K[?25h[?2026l[?2026h[?25l[A[1Gpulling manifest [K
pulling aeda25e63ebd:  65% ▕███████████       ▏ 2.2 GB/3.3 GB  5.5 MB/s   3m34s[K[?25h[?2026l[?2026h[?25l[A[1Gpulling manifest [K
pulling aeda25e63ebd:  65% ▕███████████       ▏ 2.2 GB/3.3 GB  5.5 MB/s   3m34s[K[?25h[?2026l[?2026h[?25l[A[1Gpulling manifest [K
pulling aeda25e63ebd:  65% ▕███████████       ▏ 2.2 GB/3.3 GB  5.5 MB/s   3m33s[K[?25h[?2026l[?2026h[?25l[A[1Gpulling manifest [K
pulling aeda25e63ebd:  65% ▕███████████       ▏ 2.2 GB/3.3 GB  5.5 MB/s   3m33s[K[?25h[?2026l[?2026h[?25l[A[1Gpulling manifest [K
pulling aeda25e63ebd:  65% ▕███████████       ▏ 2.2 GB/3.3 GB  5.5 MB/s   3m33s[K[?25h[?2026l[?2026h[?25l[A[1Gpulling manifest [K
pulling aeda25e63ebd:  65% ▕███████████       ▏ 2.2 GB/3.3 GB  5.5 MB/s   3m33s[K[?25h[?2026l[?2026h[?25l[A[1Gpulling manifest [K
pulling aeda25e63ebd:  65% ▕███████████       ▏ 2.2 GB/3.3 GB  5.5 MB/s   3m33s[K[?25h[?2026l[?2026h[?25l[A[1Gpulling manifest [K
pulling aeda25e63ebd:  65% ▕███████████       ▏ 2.2 GB/3.3 GB  5.5 MB/s   3m33s[K[?25h[?2026l[?2026h[?25l[A[1Gpulling manifest [K
pulling aeda25e63ebd:  65% ▕███████████       ▏ 2.2 GB/3.3 GB  5.5 MB/s   3m33s[K[?25h[?2026l[?2026h[?25l[A[1Gpulling manifest [K
pulling aeda25e63ebd:  65% ▕███████████       ▏ 2.2 GB/3.3 GB  5.5 MB/s   3m33s[K[?25h[?2026l[?2026h[?25l[A[1Gpulling manifest [K
pulling aeda25e63ebd:  65% ▕███████████       ▏ 2.2 GB/3.3 GB  5.5 MB/s   3m33s[K[?25h[?2026l[?2026h[?25l[A[1Gpulling manifest [K
pulling aeda25e63ebd:  65% ▕███████████       ▏ 2.2 GB/3.3 GB  5.5 MB/s   3m33s[K[?25h[?2026l[?2026h[?25l[A[1Gpulling manifest [K
pulling aeda25e63ebd:  65% ▕███████████       ▏ 2.2 GB/3.3 GB  5.5 MB/s   3m33s[K[?25h[?2026l[?2026h[?25l[A[1Gpulling manifest [K
pulling aeda25e63ebd:  65% ▕███████████       ▏ 2.2 GB/3.3 GB  5.4 MB/s   3m36s[K[?25h[?2026l[?2026h[?25l[A[1Gpulling manifest [K
pulling aeda25e63ebd:  65% ▕███████████       ▏ 2.2 GB/3.3 GB  5.4 MB/s   3m36s[K[?25h[?2026l[?2026h[?25l[A[1Gpulling manifest [K
pulling aeda25e63ebd:  65% ▕███████████       ▏ 2.2 GB/3.3 GB  5.4 MB/s   3m36s[K[?25h[?2026l[?2026h[?25l[A[1Gpulling manifest [K
pulling aeda25e63ebd:  65% ▕███████████       ▏ 2.2 GB/3.3 GB  5.4 MB/s   3m36s[K[?25h[?2026l[?2026h[?25l[A[1Gpulling manifest [K
pulling aeda25e63ebd:  65% ▕███████████       ▏ 2.2 GB/3.3 GB  5.4 MB/s   3m36s[K[?25h[?2026l[?2026h[?25l[A[1Gpulling manifest [K
pulling aeda25e63ebd:  65% ▕███████████       ▏ 2.2 GB/3.3 GB  5.4 MB/s   3m36s[K[?25h[?2026l[?2026h[?25l[A[1Gpulling manifest [K
pulling aeda25e63ebd:  65% ▕███████████       ▏ 2.2 GB/3.3 GB  5.4 MB/s   3m35s[K[?25h[?2026l[?2026h[?25l[A[1Gpulling manifest [K
pulling aeda25e63ebd:  65% ▕███████████       ▏ 2.2 GB/3.3 GB  5.4 MB/s   3m35s[K[?25h[?2026l[?2026h[?25l[A[1Gpulling manifest [K
pulling aeda25e63ebd:  65% ▕███████████       ▏ 2.2 GB/3.3 GB  5.4 MB/s   3m35s[K[?25h[?2026l[?2026h[?25l[A[1Gpulling manifest [K
pulling aeda25e63ebd:  65% ▕███████████       ▏ 2.2 GB/3.3 GB  5.4 MB/s   3m35s[K[?25h[?2026l[?2026h[?25l[A[1Gpulling manifest [K
pulling aeda25e63ebd:  65% ▕███████████       ▏ 2.2 GB/3.3 GB  5.4 MB/s   3m35s[K[?25h[?2026l[?2026h[?25l[A[1Gpulling manifest [K
pulling aeda25e63ebd:  65% ▕███████████       ▏ 2.2 GB/3.3 GB  5.4 MB/s   3m35s[K[?25h[?2026l[?2026h[?25l[A[1Gpulling manifest [K
pulling aeda25e63ebd:  65% ▕███████████       ▏ 2.2 GB/3.3 GB  5.4 MB/s   3m35s[K[?25h[?2026l[?2026h[?25l[A[1Gpulling manifest [K
pulling aeda25e63ebd:  65% ▕███████████       ▏ 2.2 GB/3.3 GB  5.4 MB/s   3m35s[K[?25h[?2026l[?2026h[?25l[A[1Gpulling manifest [K
pulling aeda25e63ebd:  65% ▕███████████       ▏ 2.2 GB/3.3 GB  5.4 MB/s   3m35s[K[?25h[?2026l[?2026h[?25l[A[1Gpulling manifest [K
pulling aeda25e63ebd:  65% ▕███████████       ▏ 2.2 GB/3.3 GB  5.4 MB/s   3m35s[K[?25h[?2026l[?2026h[?25l[A[1Gpulling manifest [K
pulling aeda25e63ebd:  65% ▕███████████       ▏ 2.2 GB/3.3 GB  5.4 MB/s   3m35s[K[?25h[?2026l[?2026h[?25l[A[1Gpulling manifest [K
pulling aeda25e63ebd:  65% ▕███████████       ▏ 2.2 GB/3.3 GB  5.4 MB/s   3m34s[K[?25h[?2026l[?2026h[?25l[A[1Gpulling manifest [K
pulling aeda25e63ebd:  65% ▕███████████       ▏ 2.2 GB/3.3 GB  5.4 MB/s   3m34s[K[?25h[?2026l[?2026h[?25l[A[1Gpulling manifest [K
pulling aeda25e63ebd:  65% ▕███████████       ▏ 2.2 GB/3.3 GB  5.4 MB/s   3m34s[K[?25h[?2026l[?2026h[?25l[A[1Gpulling manifest [K
pulling aeda25e63ebd:  65% ▕███████████       ▏ 2.2 GB/3.3 GB  5.3 MB/s   3m38s[K[?25h[?2026l[?2026h[?25l[A[1Gpulling manifest [K
pulling aeda25e63ebd:  65% ▕███████████       ▏ 2.2 GB/3.3 GB  5.3 MB/s   3m38s[K[?25h[?2026l[?2026h[?25l[A[1Gpulling manifest [K
pulling aeda25e63ebd:  65% ▕███████████       ▏ 2.2 GB/3.3 GB  5.3 MB/s   3m38s[K[?25h[?2026l[?2026h[?25l[A[1Gpulling manifest [K
pulling aeda25e63ebd:  65% ▕███████████       ▏ 2.2 GB/3.3 GB  5.3 MB/s   3m38s[K[?25h[?2026l[?2026h[?25l[A[1Gpulling manifest [K
pulling aeda25e63ebd:  65% ▕███████████       ▏ 2.2 GB/3.3 GB  5.3 MB/s   3m38s[K[?25h[?2026l[?2026h[?25l[A[1Gpulling manifest [K
pulling aeda25e63ebd:  65% ▕███████████       ▏ 2.2 GB/3.3 GB  5.3 MB/s   3m38s[K[?25h[?2026l[?2026h[?25l[A[1Gpulling manifest [K
pulling aeda25e63ebd:  65% ▕███████████       ▏ 2.2 GB/3.3 GB  5.3 MB/s   3m38s[K[?25h[?2026l[?2026h[?25l[A[1Gpulling manifest [K
pulling aeda25e63ebd:  65% ▕███████████       ▏ 2.2 GB/3.3 GB  5.3 MB/s   3m38s[K[?25h[?2026l[?2026h[?25l[A[1Gpulling manifest [K
pulling aeda25e63ebd:  65% ▕███████████       ▏ 2.2 GB/3.3 GB  5.3 MB/s   3m38s[K[?25h[?2026l[?2026h[?25l[A[1Gpulling manifest [K
pulling aeda25e63ebd:  65% ▕███████████       ▏ 2.2 GB/3.3 GB  5.3 MB/s   3m37s[K[?25h[?2026l[?2026h[?25l[A[1Gpulling manifest [K
pulling aeda25e63ebd:  65% ▕███████████       ▏ 2.2 GB/3.3 GB  5.3 MB/s   3m37s[K[?25h[?2026l[?2026h[?25l[A[1Gpulling manifest [K
pulling aeda25e63ebd:  65% ▕███████████       ▏ 2.2 GB/3.3 GB  5.3 MB/s   3m37s[K[?25h[?2026l[?2026h[?25l[A[1Gpulling manifest [K
pulling aeda25e63ebd:  65% ▕███████████       ▏ 2.2 GB/3.3 GB  5.3 MB/s   3m37s[K[?25h[?2026l[?2026h[?25l[A[1Gpulling manifest [K
pulling aeda25e63ebd:  65% ▕███████████       ▏ 2.2 GB/3.3 GB  5.3 MB/s   3m37s[K[?25h[?2026l[?2026h[?25l[A[1Gpulling manifest [K
pulling aeda25e63ebd:  65% ▕███████████       ▏ 2.2 GB/3.3 GB  5.3 MB/s   3m37s[K[?25h[?2026l[?2026h[?25l[A[1Gpulling manifest [K
pulling aeda25e63ebd:  65% ▕███████████       ▏ 2.2 GB/3.3 GB  5.3 MB/s   3m36s[K[?25h[?2026l[?2026h[?25l[A[1Gpulling manifest [K
pulling aeda25e63ebd:  65% ▕███████████       ▏ 2.2 GB/3.3 GB  5.3 MB/s   3m36s[K[?25h[?2026l[?2026h[?25l[A[1Gpulling manifest [K
pulling aeda25e63ebd:  65% ▕███████████       ▏ 2.2 GB/3.3 GB  5.3 MB/s   3m36s[K[?25h[?2026l[?2026h[?25l[A[1Gpulling manifest [K
pulling aeda25e63ebd:  65% ▕███████████       ▏ 2.2 GB/3.3 GB  5.3 MB/s   3m36s[K[?25h[?2026l[?2026h[?25l[A[1Gpulling manifest [K
pulling aeda25e63ebd:  65% ▕███████████       ▏ 2.2 GB/3.3 GB  5.3 MB/s   3m36s[K[?25h[?2026l[?2026h[?25l[A[1Gpulling manifest [K
pulling aeda25e63ebd:  65% ▕███████████       ▏ 2.2 GB/3.3 GB  5.3 MB/s   3m36s[K[?25h[?2026l[?2026h[?25l[A[1Gpulling manifest [K
pulling aeda25e63ebd:  65% ▕███████████       ▏ 2.2 GB/3.3 GB  5.2 MB/s   3m40s[K[?25h[?2026l[?2026h[?25l[A[1Gpulling manifest [K
pulling aeda25e63ebd:  65% ▕███████████       ▏ 2.2 GB/3.3 GB  5.2 MB/s   3m40s[K[?25h[?2026l[?2026h[?25l[A[1Gpulling manifest [K
pulling aeda25e63ebd:  65% ▕███████████       ▏ 2.2 GB/3.3 GB  5.2 MB/s   3m39s[K[?25h[?2026l[?2026h[?25l[A[1Gpulling manifest [K
pulling aeda25e63ebd:  66% ▕███████████       ▏ 2.2 GB/3.3 GB  5.2 MB/s   3m39s[K[?25h[?2026l[?2026h[?25l[A[1Gpulling manifest [K
pulling aeda25e63ebd:  66% ▕███████████       ▏ 2.2 GB/3.3 GB  5.2 MB/s   3m39s[K[?25h[?2026l[?2026h[?25l[A[1Gpulling manifest [K
pulling aeda25e63ebd:  66% ▕███████████       ▏ 2.2 GB/3.3 GB  5.2 MB/s   3m39s[K[?25h[?2026l[?2026h[?25l[A[1Gpulling manifest [K
pulling aeda25e63ebd:  66% ▕███████████       ▏ 2.2 GB/3.3 GB  5.2 MB/s   3m39s[K[?25h[?2026l[?2026h[?25l[A[1Gpulling manifest [K
pulling aeda25e63ebd:  66% ▕███████████       ▏ 2.2 GB/3.3 GB  5.2 MB/s   3m39s[K[?25h[?2026l[?2026h[?25l[A[1Gpulling manifest [K
pulling aeda25e63ebd:  66% ▕███████████       ▏ 2.2 GB/3.3 GB  5.2 MB/s   3m39s[K[?25h[?2026l[?2026h[?25l[A[1Gpulling manifest [K
pulling aeda25e63ebd:  66% ▕███████████       ▏ 2.2 GB/3.3 GB  5.2 MB/s   3m39s[K[?25h[?2026l[?2026h[?25l[A[1Gpulling manifest [K
pulling aeda25e63ebd:  66% ▕███████████       ▏ 2.2 GB/3.3 GB  5.3 MB/s   3m38s[K[?25h[?2026l[?2026h[?25l[A[1Gpulling manifest [K
pulling aeda25e63ebd:  66% ▕███████████       ▏ 2.2 GB/3.3 GB  5.3 MB/s   3m38s[K[?25h[?2026l[?2026h[?25l[A[1Gpulling manifest [K
pulling aeda25e63ebd:  66% ▕███████████       ▏ 2.2 GB/3.3 GB  5.3 MB/s   3m37s[K[?25h[?2026l[?2026h[?25l[A[1Gpulling manifest [K
pulling aeda25e63ebd:  66% ▕███████████       ▏ 2.2 GB/3.3 GB  5.3 MB/s   3m37s[K[?25h[?2026l[?2026h[?25l[A[1Gpulling manifest [K
pulling aeda25e63ebd:  66% ▕███████████       ▏ 2.2 GB/3.3 GB  5.3 MB/s   3m37s[K[?25h[?2026l[?2026h[?25l[A[1Gpulling manifest [K
pulling aeda25e63ebd:  66% ▕███████████       ▏ 2.2 GB/3.3 GB  5.3 MB/s   3m37s[K[?25h[?2026l[?2026h[?25l[A[1Gpulling manifest [K
pulling aeda25e63ebd:  66% ▕███████████       ▏ 2.2 GB/3.3 GB  5.3 MB/s   3m37s[K[?25h[?2026l[?2026h[?25l[A[1Gpulling manifest [K
pulling aeda25e63ebd:  66% ▕███████████       ▏ 2.2 GB/3.3 GB  5.3 MB/s   3m37s[K[?25h[?2026l[?2026h[?25l[A[1Gpulling manifest [K
pulling aeda25e63ebd:  66% ▕███████████       ▏ 2.2 GB/3.3 GB  5.3 MB/s   3m37s[K[?25h[?2026l[?2026h[?25l[A[1Gpulling manifest [K
pulling aeda25e63ebd:  66% ▕███████████       ▏ 2.2 GB/3.3 GB  5.3 MB/s   3m37s[K[?25h[?2026l[?2026h[?25l[A[1Gpulling manifest [K
pulling aeda25e63ebd:  66% ▕███████████       ▏ 2.2 GB/3.3 GB  5.3 MB/s   3m34s[K[?25h[?2026l[?2026h[?25l[A[1Gpulling manifest [K
pulling aeda25e63ebd:  66% ▕███████████       ▏ 2.2 GB/3.3 GB  5.3 MB/s   3m33s[K[?25h[?2026l[?2026h[?25l[A[1Gpulling manifest [K
pulling aeda25e63ebd:  66% ▕███████████       ▏ 2.2 GB/3.3 GB  5.3 MB/s   3m33s[K[?25h[?2026l[?2026h[?25l[A[1Gpulling manifest [K
pulling aeda25e63ebd:  66% ▕███████████       ▏ 2.2 GB/3.3 GB  5.3 MB/s   3m33s[K[?25h[?2026l[?2026h[?25l[A[1Gpulling manifest [K
pulling aeda25e63ebd:  66% ▕███████████       ▏ 2.2 GB/3.3 GB  5.3 MB/s   3m33s[K[?25h[?2026l[?2026h[?25l[A[1Gpulling manifest [K
pulling aeda25e63ebd:  66% ▕███████████       ▏ 2.2 GB/3.3 GB  5.3 MB/s   3m33s[K[?25h[?2026l[?2026h[?25l[A[1Gpulling manifest [K
pulling aeda25e63ebd:  66% ▕███████████       ▏ 2.2 GB/3.3 GB  5.3 MB/s   3m33s[K[?25h[?2026l[?2026h[?25l[A[1Gpulling manifest [K
pulling aeda25e63ebd:  66% ▕███████████       ▏ 2.2 GB/3.3 GB  5.3 MB/s   3m33s[K[?25h[?2026l[?2026h[?25l[A[1Gpulling manifest [K
pulling aeda25e63ebd:  66% ▕███████████       ▏ 2.2 GB/3.3 GB  5.3 MB/s   3m33s[K[?25h[?2026l[?2026h[?25l[A[1Gpulling manifest [K
pulling aeda25e63ebd:  66% ▕███████████       ▏ 2.2 GB/3.3 GB  5.3 MB/s   3m33s[K[?25h[?2026l[?2026h[?25l[A[1Gpulling manifest [K
pulling aeda25e63ebd:  66% ▕███████████       ▏ 2.2 GB/3.3 GB  5.3 MB/s   3m34s[K[?25h[?2026l[?2026h[?25l[A[1Gpulling manifest [K
pulling aeda25e63ebd:  66% ▕███████████       ▏ 2.2 GB/3.3 GB  5.3 MB/s   3m34s[K[?25h[?2026l[?2026h[?25l[A[1Gpulling manifest [K
pulling aeda25e63ebd:  66% ▕███████████       ▏ 2.2 GB/3.3 GB  5.3 MB/s   3m33s[K[?25h[?2026l[?2026h[?25l[A[1Gpulling manifest [K
pulling aeda25e63ebd:  66% ▕███████████       ▏ 2.2 GB/3.3 GB  5.3 MB/s   3m33s[K[?25h[?2026l[?2026h[?25l[A[1Gpulling manifest [K
pulling aeda25e63ebd:  66% ▕███████████       ▏ 2.2 GB/3.3 GB  5.3 MB/s   3m33s[K[?25h[?2026l[?2026h[?25l[A[1Gpulling manifest [K
pulling aeda25e63ebd:  66% ▕███████████       ▏ 2.2 GB/3.3 GB  5.3 MB/s   3m33s[K[?25h[?2026l[?2026h[?25l[A[1Gpulling manifest [K
pulling aeda25e63ebd:  66% ▕███████████       ▏ 2.2 GB/3.3 GB  5.3 MB/s   3m33s[K[?25h[?2026l[?2026h[?25l[A[1Gpulling manifest [K
pulling aeda25e63ebd:  66% ▕███████████       ▏ 2.2 GB/3.3 GB  5.3 MB/s   3m33s[K[?25h[?2026l[?2026h[?25l[A[1Gpulling manifest [K
pulling aeda25e63ebd:  66% ▕███████████       ▏ 2.2 GB/3.3 GB  5.3 MB/s   3m33s[K[?25h[?2026l[?2026h[?25l[A[1Gpulling manifest [K
pulling aeda25e63ebd:  66% ▕███████████       ▏ 2.2 GB/3.3 GB  5.3 MB/s   3m33s[K[?25h[?2026l[?2026h[?25l[A[1Gpulling manifest [K
pulling aeda25e63ebd:  66% ▕███████████       ▏ 2.2 GB/3.3 GB  5.3 MB/s   3m33s[K[?25h[?2026l[?2026h[?25l[A[1Gpulling manifest [K
pulling aeda25e63ebd:  66% ▕███████████       ▏ 2.2 GB/3.3 GB  5.3 MB/s   3m33s[K[?25h[?2026l[?2026h[?25l[A[1Gpulling manifest [K
pulling aeda25e63ebd:  66% ▕███████████       ▏ 2.2 GB/3.3 GB  5.3 MB/s   3m33s[K[?25h[?2026l[?2026h[?25l[A[1Gpulling manifest [K
pulling aeda25e63ebd:  66% ▕███████████       ▏ 2.2 GB/3.3 GB  5.3 MB/s   3m33s[K[?25h[?2026l[?2026h[?25l[A[1Gpulling manifest [K
pulling aeda25e63ebd:  66% ▕███████████       ▏ 2.2 GB/3.3 GB  5.3 MB/s   3m33s[K[?25h[?2026l[?2026h[?25l[A[1Gpulling manifest [K
pulling aeda25e63ebd:  66% ▕███████████       ▏ 2.2 GB/3.3 GB  5.3 MB/s   3m33s[K[?25h[?2026l[?2026h[?25l[A[1Gpulling manifest [K
pulling aeda25e63ebd:  66% ▕███████████       ▏ 2.2 GB/3.3 GB  5.3 MB/s   3m33s[K[?25h[?2026l[?2026h[?25l[A[1Gpulling manifest [K
pulling aeda25e63ebd:  66% ▕███████████       ▏ 2.2 GB/3.3 GB  5.3 MB/s   3m33s[K[?25h[?2026l[?2026h[?25l[A[1Gpulling manifest [K
pulling aeda25e63ebd:  66% ▕███████████       ▏ 2.2 GB/3.3 GB  5.3 MB/s   3m33s[K[?25h[?2026l[?2026h[?25l[A[1Gpulling manifest [K
pulling aeda25e63ebd:  66% ▕███████████       ▏ 2.2 GB/3.3 GB  5.3 MB/s   3m32s[K[?25h[?2026l[?2026h[?25l[A[1Gpulling manifest [K
pulling aeda25e63ebd:  66% ▕███████████       ▏ 2.2 GB/3.3 GB  5.3 MB/s   3m32s[K[?25h[?2026l[?2026h[?25l[A[1Gpulling manifest [K
pulling aeda25e63ebd:  66% ▕███████████       ▏ 2.2 GB/3.3 GB  5.4 MB/s   3m27s[K[?25h[?2026l[?2026h[?25l[A[1Gpulling manifest [K
pulling aeda25e63ebd:  66% ▕███████████       ▏ 2.2 GB/3.3 GB  5.4 MB/s   3m27s[K[?25h[?2026l[?2026h[?25l[A[1Gpulling manifest [K
pulling aeda25e63ebd:  66% ▕███████████       ▏ 2.2 GB/3.3 GB  5.4 MB/s   3m27s[K[?25h[?2026l[?2026h[?25l[A[1Gpulling manifest [K
pulling aeda25e63ebd:  66% ▕███████████       ▏ 2.2 GB/3.3 GB  5.4 MB/s   3m26s[K[?25h[?2026l[?2026h[?25l[A[1Gpulling manifest [K
pulling aeda25e63ebd:  66% ▕███████████       ▏ 2.2 GB/3.3 GB  5.4 MB/s   3m26s[K[?25h[?2026l[?2026h[?25l[A[1Gpulling manifest [K
pulling aeda25e63ebd:  66% ▕███████████       ▏ 2.2 GB/3.3 GB  5.4 MB/s   3m26s[K[?25h[?2026l[?2026h[?25l[A[1Gpulling manifest [K
pulling aeda25e63ebd:  66% ▕███████████       ▏ 2.2 GB/3.3 GB  5.4 MB/s   3m26s[K[?25h[?2026l[?2026h[?25l[A[1Gpulling manifest [K
pulling aeda25e63ebd:  66% ▕███████████       ▏ 2.2 GB/3.3 GB  5.4 MB/s   3m26s[K[?25h[?2026l[?2026h[?25l[A[1Gpulling manifest [K
pulling aeda25e63ebd:  66% ▕███████████       ▏ 2.2 GB/3.3 GB  5.4 MB/s   3m26s[K[?25h[?2026l[?2026h[?25l[A[1Gpulling manifest [K
pulling aeda25e63ebd:  66% ▕███████████       ▏ 2.2 GB/3.3 GB  5.4 MB/s   3m26s[K[?25h[?2026l[?2026h[?25l[A[1Gpulling manifest [K
pulling aeda25e63ebd:  66% ▕███████████       ▏ 2.2 GB/3.3 GB  5.4 MB/s   3m25s[K[?25h[?2026l[?2026h[?25l[A[1Gpulling manifest [K
pulling aeda25e63ebd:  66% ▕███████████       ▏ 2.2 GB/3.3 GB  5.4 MB/s   3m25s[K[?25h[?2026l[?2026h[?25l[A[1Gpulling manifest [K
pulling aeda25e63ebd:  66% ▕███████████       ▏ 2.2 GB/3.3 GB  5.4 MB/s   3m25s[K[?25h[?2026l[?2026h[?25l[A[1Gpulling manifest [K
pulling aeda25e63ebd:  67% ▕███████████       ▏ 2.2 GB/3.3 GB  5.4 MB/s   3m25s[K[?25h[?2026l[?2026h[?25l[A[1Gpulling manifest [K
pulling aeda25e63ebd:  67% ▕███████████       ▏ 2.2 GB/3.3 GB  5.4 MB/s   3m25s[K[?25h[?2026l[?2026h[?25l[A[1Gpulling manifest [K
pulling aeda25e63ebd:  67% ▕███████████       ▏ 2.2 GB/3.3 GB  5.4 MB/s   3m25s[K[?25h[?2026l[?2026h[?25l[A[1Gpulling manifest [K
pulling aeda25e63ebd:  67% ▕███████████       ▏ 2.2 GB/3.3 GB  5.4 MB/s   3m25s[K[?25h[?2026l[?2026h[?25l[A[1Gpulling manifest [K
pulling aeda25e63ebd:  67% ▕███████████       ▏ 2.2 GB/3.3 GB  5.4 MB/s   3m25s[K[?25h[?2026l[?2026h[?25l[A[1Gpulling manifest [K
pulling aeda25e63ebd:  67% ▕███████████       ▏ 2.2 GB/3.3 GB  5.4 MB/s   3m24s[K[?25h[?2026l[?2026h[?25l[A[1Gpulling manifest [K
pulling aeda25e63ebd:  67% ▕███████████       ▏ 2.2 GB/3.3 GB  5.4 MB/s   3m24s[K[?25h[?2026l[?2026h[?25l[A[1Gpulling manifest [K
pulling aeda25e63ebd:  67% ▕███████████       ▏ 2.2 GB/3.3 GB  5.5 MB/s   3m23s[K[?25h[?2026l[?2026h[?25l[A[1Gpulling manifest [K
pulling aeda25e63ebd:  67% ▕███████████       ▏ 2.2 GB/3.3 GB  5.5 MB/s   3m23s[K[?25h[?2026l[?2026h[?25l[A[1Gpulling manifest [K
pulling aeda25e63ebd:  67% ▕███████████       ▏ 2.2 GB/3.3 GB  5.5 MB/s   3m23s[K[?25h[?2026l[?2026h[?25l[A[1Gpulling manifest [K
pulling aeda25e63ebd:  67% ▕████████████      ▏ 2.2 GB/3.3 GB  5.5 MB/s   3m23s[K[?25h[?2026l[?2026h[?25l[A[1Gpulling manifest [K
pulling aeda25e63ebd:  67% ▕████████████      ▏ 2.2 GB/3.3 GB  5.5 MB/s   3m23s[K[?25h[?2026l[?2026h[?25l[A[1Gpulling manifest [K
pulling aeda25e63ebd:  67% ▕████████████      ▏ 2.2 GB/3.3 GB  5.5 MB/s   3m23s[K[?25h[?2026l[?2026h[?25l[A[1Gpulling manifest [K
pulling aeda25e63ebd:  67% ▕████████████      ▏ 2.2 GB/3.3 GB  5.5 MB/s   3m22s[K[?25h[?2026l[?2026h[?25l[A[1Gpulling manifest [K
pulling aeda25e63ebd:  67% ▕████████████      ▏ 2.2 GB/3.3 GB  5.5 MB/s   3m22s[K[?25h[?2026l[?2026h[?25l[A[1Gpulling manifest [K
pulling aeda25e63ebd:  67% ▕████████████      ▏ 2.2 GB/3.3 GB  5.5 MB/s   3m22s[K[?25h[?2026l[?2026h[?25l[A[1Gpulling manifest [K
pulling aeda25e63ebd:  67% ▕████████████      ▏ 2.2 GB/3.3 GB  5.5 MB/s   3m22s[K[?25h[?2026l[?2026h[?25l[A[1Gpulling manifest [K
pulling aeda25e63ebd:  67% ▕████████████      ▏ 2.2 GB/3.3 GB  5.4 MB/s   3m25s[K[?25h[?2026l[?2026h[?25l[A[1Gpulling manifest [K
pulling aeda25e63ebd:  67% ▕████████████      ▏ 2.2 GB/3.3 GB  5.4 MB/s   3m25s[K[?25h[?2026l[?2026h[?25l[A[1Gpulling manifest [K
pulling aeda25e63ebd:  67% ▕████████████      ▏ 2.2 GB/3.3 GB  5.4 MB/s   3m25s[K[?25h[?2026l[?2026h[?25l[A[1Gpulling manifest [K
pulling aeda25e63ebd:  67% ▕████████████      ▏ 2.2 GB/3.3 GB  5.4 MB/s   3m25s[K[?25h[?2026l[?2026h[?25l[A[1Gpulling manifest [K
pulling aeda25e63ebd:  67% ▕████████████      ▏ 2.2 GB/3.3 GB  5.4 MB/s   3m25s[K[?25h[?2026l[?2026h[?25l[A[1Gpulling manifest [K
pulling aeda25e63ebd:  67% ▕████████████      ▏ 2.2 GB/3.3 GB  5.4 MB/s   3m25s[K[?25h[?2026l[?2026h[?25l[A[1Gpulling manifest [K
pulling aeda25e63ebd:  67% ▕████████████      ▏ 2.2 GB/3.3 GB  5.4 MB/s   3m25s[K[?25h[?2026l[?2026h[?25l[A[1Gpulling manifest [K
pulling aeda25e63ebd:  67% ▕████████████      ▏ 2.2 GB/3.3 GB  5.4 MB/s   3m25s[K[?25h[?2026l[?2026h[?25l[A[1Gpulling manifest [K
pulling aeda25e63ebd:  67% ▕████████████      ▏ 2.2 GB/3.3 GB  5.4 MB/s   3m25s[K[?25h[?2026l[?2026h[?25l[A[1Gpulling manifest [K
pulling aeda25e63ebd:  67% ▕████████████      ▏ 2.2 GB/3.3 GB  5.4 MB/s   3m25s[K[?25h[?2026l[?2026h[?25l[A[1Gpulling manifest [K
pulling aeda25e63ebd:  67% ▕████████████      ▏ 2.2 GB/3.3 GB  5.4 MB/s   3m24s[K[?25h[?2026l[?2026h[?25l[A[1Gpulling manifest [K
pulling aeda25e63ebd:  67% ▕████████████      ▏ 2.2 GB/3.3 GB  5.5 MB/s   3m22s[K[?25h[?2026l[?2026h[?25l[A[1Gpulling manifest [K
pulling aeda25e63ebd:  67% ▕████████████      ▏ 2.2 GB/3.3 GB  5.5 MB/s   3m22s[K[?25h[?2026l[?2026h[?25l[A[1Gpulling manifest [K
pulling aeda25e63ebd:  67% ▕████████████      ▏ 2.2 GB/3.3 GB  5.5 MB/s   3m22s[K[?25h[?2026l[?2026h[?25l[A[1Gpulling manifest [K
pulling aeda25e63ebd:  67% ▕████████████      ▏ 2.2 GB/3.3 GB  5.5 MB/s   3m22s[K[?25h[?2026l[?2026h[?25l[A[1Gpulling manifest [K
pulling aeda25e63ebd:  67% ▕████████████      ▏ 2.2 GB/3.3 GB  5.5 MB/s   3m21s[K[?25h[?2026l[?2026h[?25l[A[1Gpulling manifest [K
pulling aeda25e63ebd:  67% ▕████████████      ▏ 2.2 GB/3.3 GB  5.5 MB/s   3m21s[K[?25h[?2026l[?2026h[?25l[A[1Gpulling manifest [K
pulling aeda25e63ebd:  67% ▕████████████      ▏ 2.2 GB/3.3 GB  5.5 MB/s   3m21s[K[?25h[?2026l[?2026h[?25l[A[1Gpulling manifest [K
pulling aeda25e63ebd:  67% ▕████████████      ▏ 2.2 GB/3.3 GB  5.5 MB/s   3m21s[K[?25h[?2026l[?2026h[?25l[A[1Gpulling manifest [K
pulling aeda25e63ebd:  67% ▕████████████      ▏ 2.2 GB/3.3 GB  5.5 MB/s   3m21s[K[?25h[?2026l[?2026h[?25l[A[1Gpulling manifest [K
pulling aeda25e63ebd:  67% ▕████████████      ▏ 2.2 GB/3.3 GB  5.5 MB/s   3m21s[K[?25h[?2026l[?2026h[?25l[A[1Gpulling manifest [K
pulling aeda25e63ebd:  67% ▕████████████      ▏ 2.2 GB/3.3 GB  5.4 MB/s   3m23s[K[?25h[?2026l[?2026h[?25l[A[1Gpulling manifest [K
pulling aeda25e63ebd:  67% ▕████████████      ▏ 2.2 GB/3.3 GB  5.4 MB/s   3m22s[K[?25h[?2026l[?2026h[?25l[A[1Gpulling manifest [K
pulling aeda25e63ebd:  67% ▕████████████      ▏ 2.2 GB/3.3 GB  5.4 MB/s   3m22s[K[?25h[?2026l[?2026h[?25l[A[1Gpulling manifest [K
pulling aeda25e63ebd:  67% ▕████████████      ▏ 2.2 GB/3.3 GB  5.4 MB/s   3m22s[K[?25h[?2026l[?2026h[?25l[A[1Gpulling manifest [K
pulling aeda25e63ebd:  67% ▕████████████      ▏ 2.2 GB/3.3 GB  5.4 MB/s   3m22s[K[?25h[?2026l[?2026h[?25l[A[1Gpulling manifest [K
pulling aeda25e63ebd:  67% ▕████████████      ▏ 2.2 GB/3.3 GB  5.4 MB/s   3m22s[K[?25h[?2026l[?2026h[?25l[A[1Gpulling manifest [K
pulling aeda25e63ebd:  67% ▕████████████      ▏ 2.2 GB/3.3 GB  5.4 MB/s   3m22s[K[?25h[?2026l[?2026h[?25l[A[1Gpulling manifest [K
pulling aeda25e63ebd:  67% ▕████████████      ▏ 2.2 GB/3.3 GB  5.4 MB/s   3m22s[K[?25h[?2026l[?2026h[?25l[A[1Gpulling manifest [K
pulling aeda25e63ebd:  67% ▕████████████      ▏ 2.2 GB/3.3 GB  5.4 MB/s   3m22s[K[?25h[?2026l[?2026h[?25l[A[1Gpulling manifest [K
pulling aeda25e63ebd:  67% ▕████████████      ▏ 2.2 GB/3.3 GB  5.4 MB/s   3m22s[K[?25h[?2026l[?2026h[?25l[A[1Gpulling manifest [K
pulling aeda25e63ebd:  67% ▕████████████      ▏ 2.2 GB/3.3 GB  5.4 MB/s   3m22s[K[?25h[?2026l[?2026h[?25l[A[1Gpulling manifest [K
pulling aeda25e63ebd:  67% ▕████████████      ▏ 2.2 GB/3.3 GB  5.4 MB/s   3m22s[K[?25h[?2026l[?2026h[?25l[A[1Gpulling manifest [K
pulling aeda25e63ebd:  67% ▕████████████      ▏ 2.2 GB/3.3 GB  5.4 MB/s   3m22s[K[?25h[?2026l[?2026h[?25l[A[1Gpulling manifest [K
pulling aeda25e63ebd:  67% ▕████████████      ▏ 2.2 GB/3.3 GB  5.4 MB/s   3m22s[K[?25h[?2026l[?2026h[?25l[A[1Gpulling manifest [K
pulling aeda25e63ebd:  67% ▕████████████      ▏ 2.2 GB/3.3 GB  5.4 MB/s   3m21s[K[?25h[?2026l[?2026h[?25l[A[1Gpulling manifest [K
pulling aeda25e63ebd:  67% ▕████████████      ▏ 2.2 GB/3.3 GB  5.4 MB/s   3m21s[K[?25h[?2026l[?2026h[?25l[A[1Gpulling manifest [K
pulling aeda25e63ebd:  67% ▕████████████      ▏ 2.2 GB/3.3 GB  5.4 MB/s   3m21s[K[?25h[?2026l[?2026h[?25l[A[1Gpulling manifest [K
pulling aeda25e63ebd:  67% ▕████████████      ▏ 2.2 GB/3.3 GB  5.4 MB/s   3m21s[K[?25h[?2026l[?2026h[?25l[A[1Gpulling manifest [K
pulling aeda25e63ebd:  67% ▕████████████      ▏ 2.2 GB/3.3 GB  5.4 MB/s   3m21s[K[?25h[?2026l[?2026h[?25l[A[1Gpulling manifest [K
pulling aeda25e63ebd:  67% ▕████████████      ▏ 2.3 GB/3.3 GB  5.4 MB/s   3m21s[K[?25h[?2026l[?2026h[?25l[A[1Gpulling manifest [K
pulling aeda25e63ebd:  67% ▕████████████      ▏ 2.3 GB/3.3 GB  5.5 MB/s   3m18s[K[?25h[?2026l[?2026h[?25l[A[1Gpulling manifest [K
pulling aeda25e63ebd:  67% ▕████████████      ▏ 2.3 GB/3.3 GB  5.5 MB/s   3m18s[K[?25h[?2026l[?2026h[?25l[A[1Gpulling manifest [K
pulling aeda25e63ebd:  67% ▕████████████      ▏ 2.3 GB/3.3 GB  5.5 MB/s   3m18s[K[?25h[?2026l[?2026h[?25l[A[1Gpulling manifest [K
pulling aeda25e63ebd:  67% ▕████████████      ▏ 2.3 GB/3.3 GB  5.5 MB/s   3m18s[K[?25h[?2026l[?2026h[?25l[A[1Gpulling manifest [K
pulling aeda25e63ebd:  67% ▕████████████      ▏ 2.3 GB/3.3 GB  5.5 MB/s   3m18s[K[?25h[?2026l[?2026h[?25l[A[1Gpulling manifest [K
pulling aeda25e63ebd:  67% ▕████████████      ▏ 2.3 GB/3.3 GB  5.5 MB/s   3m18s[K[?25h[?2026l[?2026h[?25l[A[1Gpulling manifest [K
pulling aeda25e63ebd:  68% ▕████████████      ▏ 2.3 GB/3.3 GB  5.5 MB/s   3m18s[K[?25h[?2026l[?2026h[?25l[A[1Gpulling manifest [K
pulling aeda25e63ebd:  68% ▕████████████      ▏ 2.3 GB/3.3 GB  5.5 MB/s   3m18s[K[?25h[?2026l[?2026h[?25l[A[1Gpulling manifest [K
pulling aeda25e63ebd:  68% ▕████████████      ▏ 2.3 GB/3.3 GB  5.5 MB/s   3m18s[K[?25h[?2026l[?2026h[?25l[A[1Gpulling manifest [K
pulling aeda25e63ebd:  68% ▕████████████      ▏ 2.3 GB/3.3 GB  5.5 MB/s   3m18s[K[?25h[?2026l[?2026h[?25l[A[1Gpulling manifest [K
pulling aeda25e63ebd:  68% ▕████████████      ▏ 2.3 GB/3.3 GB  5.3 MB/s   3m22s[K[?25h[?2026l[?2026h[?25l[A[1Gpulling manifest [K
pulling aeda25e63ebd:  68% ▕████████████      ▏ 2.3 GB/3.3 GB  5.3 MB/s   3m22s[K[?25h[?2026l[?2026h[?25l[A[1Gpulling manifest [K
pulling aeda25e63ebd:  68% ▕████████████      ▏ 2.3 GB/3.3 GB  5.3 MB/s   3m22s[K[?25h[?2026l[?2026h[?25l[A[1Gpulling manifest [K
pulling aeda25e63ebd:  68% ▕████████████      ▏ 2.3 GB/3.3 GB  5.3 MB/s   3m22s[K[?25h[?2026l[?2026h[?25l[A[1Gpulling manifest [K
pulling aeda25e63ebd:  68% ▕████████████      ▏ 2.3 GB/3.3 GB  5.3 MB/s   3m22s[K[?25h[?2026l[?2026h[?25l[A[1Gpulling manifest [K
pulling aeda25e63ebd:  68% ▕████████████      ▏ 2.3 GB/3.3 GB  5.3 MB/s   3m22s[K[?25h[?2026l[?2026h[?25l[A[1Gpulling manifest [K
pulling aeda25e63ebd:  68% ▕████████████      ▏ 2.3 GB/3.3 GB  5.3 MB/s   3m21s[K[?25h[?2026l[?2026h[?25l[A[1Gpulling manifest [K
pulling aeda25e63ebd:  68% ▕████████████      ▏ 2.3 GB/3.3 GB  5.3 MB/s   3m21s[K[?25h[?2026l[?2026h[?25l[A[1Gpulling manifest [K
pulling aeda25e63ebd:  68% ▕████████████      ▏ 2.3 GB/3.3 GB  5.3 MB/s   3m21s[K[?25h[?2026l[?2026h[?25l[A[1Gpulling manifest [K
pulling aeda25e63ebd:  68% ▕████████████      ▏ 2.3 GB/3.3 GB  5.3 MB/s   3m21s[K[?25h[?2026l[?2026h[?25l[A[1Gpulling manifest [K
pulling aeda25e63ebd:  68% ▕████████████      ▏ 2.3 GB/3.3 GB  5.3 MB/s   3m21s[K[?25h[?2026l[?2026h[?25l[A[1Gpulling manifest [K
pulling aeda25e63ebd:  68% ▕████████████      ▏ 2.3 GB/3.3 GB  5.4 MB/s   3m21s[K[?25h[?2026l[?2026h[?25l[A[1Gpulling manifest [K
pulling aeda25e63ebd:  68% ▕████████████      ▏ 2.3 GB/3.3 GB  5.4 MB/s   3m21s[K[?25h[?2026l[?2026h[?25l[A[1Gpulling manifest [K
pulling aeda25e63ebd:  68% ▕████████████      ▏ 2.3 GB/3.3 GB  5.4 MB/s   3m20s[K[?25h[?2026l[?2026h[?25l[A[1Gpulling manifest [K
pulling aeda25e63ebd:  68% ▕████████████      ▏ 2.3 GB/3.3 GB  5.4 MB/s   3m20s[K[?25h[?2026l[?2026h[?25l[A[1Gpulling manifest [K
pulling aeda25e63ebd:  68% ▕████████████      ▏ 2.3 GB/3.3 GB  5.4 MB/s   3m20s[K[?25h[?2026l[?2026h[?25l[A[1Gpulling manifest [K
pulling aeda25e63ebd:  68% ▕████████████      ▏ 2.3 GB/3.3 GB  5.4 MB/s   3m20s[K[?25h[?2026l[?2026h[?25l[A[1Gpulling manifest [K
pulling aeda25e63ebd:  68% ▕████████████      ▏ 2.3 GB/3.3 GB  5.4 MB/s   3m20s[K[?25h[?2026l[?2026h[?25l[A[1Gpulling manifest [K
pulling aeda25e63ebd:  68% ▕████████████      ▏ 2.3 GB/3.3 GB  5.4 MB/s   3m20s[K[?25h[?2026l[?2026h[?25l[A[1Gpulling manifest [K
pulling aeda25e63ebd:  68% ▕████████████      ▏ 2.3 GB/3.3 GB  5.4 MB/s   3m20s[K[?25h[?2026l[?2026h[?25l[A[1Gpulling manifest [K
pulling aeda25e63ebd:  68% ▕████████████      ▏ 2.3 GB/3.3 GB  5.4 MB/s   3m20s[K[?25h[?2026l[?2026h[?25l[A[1Gpulling manifest [K
pulling aeda25e63ebd:  68% ▕████████████      ▏ 2.3 GB/3.3 GB  5.4 MB/s   3m19s[K[?25h[?2026l[?2026h[?25l[A[1Gpulling manifest [K
pulling aeda25e63ebd:  68% ▕████████████      ▏ 2.3 GB/3.3 GB  5.4 MB/s   3m19s[K[?25h[?2026l[?2026h[?25l[A[1Gpulling manifest [K
pulling aeda25e63ebd:  68% ▕████████████      ▏ 2.3 GB/3.3 GB  5.4 MB/s   3m19s[K[?25h[?2026l[?2026h[?25l[A[1Gpulling manifest [K
pulling aeda25e63ebd:  68% ▕████████████      ▏ 2.3 GB/3.3 GB  5.4 MB/s   3m19s[K[?25h[?2026l[?2026h[?25l[A[1Gpulling manifest [K
pulling aeda25e63ebd:  68% ▕████████████      ▏ 2.3 GB/3.3 GB  5.4 MB/s   3m19s[K[?25h[?2026l[?2026h[?25l[A[1Gpulling manifest [K
pulling aeda25e63ebd:  68% ▕████████████      ▏ 2.3 GB/3.3 GB  5.4 MB/s   3m18s[K[?25h[?2026l[?2026h[?25l[A[1Gpulling manifest [K
pulling aeda25e63ebd:  68% ▕████████████      ▏ 2.3 GB/3.3 GB  5.4 MB/s   3m18s[K[?25h[?2026l[?2026h[?25l[A[1Gpulling manifest [K
pulling aeda25e63ebd:  68% ▕████████████      ▏ 2.3 GB/3.3 GB  5.4 MB/s   3m18s[K[?25h[?2026l[?2026h[?25l[A[1Gpulling manifest [K
pulling aeda25e63ebd:  68% ▕████████████      ▏ 2.3 GB/3.3 GB  5.4 MB/s   3m18s[K[?25h[?2026l[?2026h[?25l[A[1Gpulling manifest [K
pulling aeda25e63ebd:  68% ▕████████████      ▏ 2.3 GB/3.3 GB  5.4 MB/s   3m18s[K[?25h[?2026l[?2026h[?25l[A[1Gpulling manifest [K
pulling aeda25e63ebd:  68% ▕████████████      ▏ 2.3 GB/3.3 GB  5.4 MB/s   3m18s[K[?25h[?2026l[?2026h[?25l[A[1Gpulling manifest [K
pulling aeda25e63ebd:  68% ▕████████████      ▏ 2.3 GB/3.3 GB  5.4 MB/s   3m18s[K[?25h[?2026l[?2026h[?25l[A[1Gpulling manifest [K
pulling aeda25e63ebd:  68% ▕████████████      ▏ 2.3 GB/3.3 GB  5.4 MB/s   3m18s[K[?25h[?2026l[?2026h[?25l[A[1Gpulling manifest [K
pulling aeda25e63ebd:  68% ▕████████████      ▏ 2.3 GB/3.3 GB  5.4 MB/s   3m18s[K[?25h[?2026l[?2026h[?25l[A[1Gpulling manifest [K
pulling aeda25e63ebd:  68% ▕████████████      ▏ 2.3 GB/3.3 GB  5.4 MB/s   3m18s[K[?25h[?2026l[?2026h[?25l[A[1Gpulling manifest [K
pulling aeda25e63ebd:  68% ▕████████████      ▏ 2.3 GB/3.3 GB  5.4 MB/s   3m17s[K[?25h[?2026l[?2026h[?25l[A[1Gpulling manifest [K
pulling aeda25e63ebd:  68% ▕████████████      ▏ 2.3 GB/3.3 GB  5.4 MB/s   3m17s[K[?25h[?2026l[?2026h[?25l[A[1Gpulling manifest [K
pulling aeda25e63ebd:  68% ▕████████████      ▏ 2.3 GB/3.3 GB  5.4 MB/s   3m17s[K[?25h[?2026l[?2026h[?25l[A[1Gpulling manifest [K
pulling aeda25e63ebd:  68% ▕████████████      ▏ 2.3 GB/3.3 GB  5.4 MB/s   3m17s[K[?25h[?2026l[?2026h[?25l[A[1Gpulling manifest [K
pulling aeda25e63ebd:  68% ▕████████████      ▏ 2.3 GB/3.3 GB  5.4 MB/s   3m17s[K[?25h[?2026l[?2026h[?25l[A[1Gpulling manifest [K
pulling aeda25e63ebd:  68% ▕████████████      ▏ 2.3 GB/3.3 GB  5.5 MB/s   3m12s[K[?25h[?2026l[?2026h[?25l[A[1Gpulling manifest [K
pulling aeda25e63ebd:  68% ▕████████████      ▏ 2.3 GB/3.3 GB  5.5 MB/s   3m12s[K[?25h[?2026l[?2026h[?25l[A[1Gpulling manifest [K
pulling aeda25e63ebd:  68% ▕████████████      ▏ 2.3 GB/3.3 GB  5.5 MB/s   3m12s[K[?25h[?2026l[?2026h[?25l[A[1Gpulling manifest [K
pulling aeda25e63ebd:  68% ▕████████████      ▏ 2.3 GB/3.3 GB  5.5 MB/s   3m12s[K[?25h[?2026l[?2026h[?25l[A[1Gpulling manifest [K
pulling aeda25e63ebd:  68% ▕████████████      ▏ 2.3 GB/3.3 GB  5.5 MB/s   3m12s[K[?25h[?2026l[?2026h[?25l[A[1Gpulling manifest [K
pulling aeda25e63ebd:  68% ▕████████████      ▏ 2.3 GB/3.3 GB  5.5 MB/s   3m12s[K[?25h[?2026l[?2026h[?25l[A[1Gpulling manifest [K
pulling aeda25e63ebd:  68% ▕████████████      ▏ 2.3 GB/3.3 GB  5.5 MB/s   3m12s[K[?25h[?2026l[?2026h[?25l[A[1Gpulling manifest [K
pulling aeda25e63ebd:  68% ▕████████████      ▏ 2.3 GB/3.3 GB  5.5 MB/s   3m12s[K[?25h[?2026l[?2026h[?25l[A[1Gpulling manifest [K
pulling aeda25e63ebd:  68% ▕████████████      ▏ 2.3 GB/3.3 GB  5.5 MB/s   3m12s[K[?25h[?2026l[?2026h[?25l[A[1Gpulling manifest [K
pulling aeda25e63ebd:  68% ▕████████████      ▏ 2.3 GB/3.3 GB  5.5 MB/s   3m12s[K[?25h[?2026l[?2026h[?25l[A[1Gpulling manifest [K
pulling aeda25e63ebd:  68% ▕████████████      ▏ 2.3 GB/3.3 GB  5.4 MB/s   3m14s[K[?25h[?2026l[?2026h[?25l[A[1Gpulling manifest [K
pulling aeda25e63ebd:  68% ▕████████████      ▏ 2.3 GB/3.3 GB  5.4 MB/s   3m14s[K[?25h[?2026l[?2026h[?25l[A[1Gpulling manifest [K
pulling aeda25e63ebd:  68% ▕████████████      ▏ 2.3 GB/3.3 GB  5.4 MB/s   3m14s[K[?25h[?2026l[?2026h[?25l[A[1Gpulling manifest [K
pulling aeda25e63ebd:  68% ▕████████████      ▏ 2.3 GB/3.3 GB  5.4 MB/s   3m13s[K[?25h[?2026l[?2026h[?25l[A[1Gpulling manifest [K
pulling aeda25e63ebd:  68% ▕████████████      ▏ 2.3 GB/3.3 GB  5.4 MB/s   3m13s[K[?25h[?2026l[?2026h[?25l[A[1Gpulling manifest [K
pulling aeda25e63ebd:  68% ▕████████████      ▏ 2.3 GB/3.3 GB  5.4 MB/s   3m13s[K[?25h[?2026l[?2026h[?25l[A[1Gpulling manifest [K
pulling aeda25e63ebd:  68% ▕████████████      ▏ 2.3 GB/3.3 GB  5.4 MB/s   3m13s[K[?25h[?2026l[?2026h[?25l[A[1Gpulling manifest [K
pulling aeda25e63ebd:  68% ▕████████████      ▏ 2.3 GB/3.3 GB  5.4 MB/s   3m13s[K[?25h[?2026l[?2026h[?25l[A[1Gpulling manifest [K
pulling aeda25e63ebd:  69% ▕████████████      ▏ 2.3 GB/3.3 GB  5.4 MB/s   3m13s[K[?25h[?2026l[?2026h[?25l[A[1Gpulling manifest [K
pulling aeda25e63ebd:  69% ▕████████████      ▏ 2.3 GB/3.3 GB  5.4 MB/s   3m13s[K[?25h[?2026l[?2026h[?25l[A[1Gpulling manifest [K
pulling aeda25e63ebd:  69% ▕████████████      ▏ 2.3 GB/3.3 GB  5.4 MB/s   3m13s[K[?25h[?2026l[?2026h[?25l[A[1Gpulling manifest [K
pulling aeda25e63ebd:  69% ▕████████████      ▏ 2.3 GB/3.3 GB  5.5 MB/s   3m12s[K[?25h[?2026l[?2026h[?25l[A[1Gpulling manifest [K
pulling aeda25e63ebd:  69% ▕████████████      ▏ 2.3 GB/3.3 GB  5.5 MB/s   3m12s[K[?25h[?2026l[?2026h[?25l[A[1Gpulling manifest [K
pulling aeda25e63ebd:  69% ▕████████████      ▏ 2.3 GB/3.3 GB  5.5 MB/s   3m12s[K[?25h[?2026l[?2026h[?25l[A[1Gpulling manifest [K
pulling aeda25e63ebd:  69% ▕████████████      ▏ 2.3 GB/3.3 GB  5.5 MB/s   3m12s[K[?25h[?2026l[?2026h[?25l[A[1Gpulling manifest [K
pulling aeda25e63ebd:  69% ▕████████████      ▏ 2.3 GB/3.3 GB  5.5 MB/s   3m11s[K[?25h[?2026l[?2026h[?25l[A[1Gpulling manifest [K
pulling aeda25e63ebd:  69% ▕████████████      ▏ 2.3 GB/3.3 GB  5.5 MB/s   3m11s[K[?25h[?2026l[?2026h[?25l[A[1Gpulling manifest [K
pulling aeda25e63ebd:  69% ▕████████████      ▏ 2.3 GB/3.3 GB  5.5 MB/s   3m11s[K[?25h[?2026l[?2026h[?25l[A[1Gpulling manifest [K
pulling aeda25e63ebd:  69% ▕████████████      ▏ 2.3 GB/3.3 GB  5.5 MB/s   3m11s[K[?25h[?2026l[?2026h[?25l[A[1Gpulling manifest [K
pulling aeda25e63ebd:  69% ▕████████████      ▏ 2.3 GB/3.3 GB  5.5 MB/s   3m11s[K[?25h[?2026l[?2026h[?25l[A[1Gpulling manifest [K
pulling aeda25e63ebd:  69% ▕████████████      ▏ 2.3 GB/3.3 GB  5.5 MB/s   3m11s[K[?25h[?2026l[?2026h[?25l[A[1Gpulling manifest [K
pulling aeda25e63ebd:  69% ▕████████████      ▏ 2.3 GB/3.3 GB  5.4 MB/s   3m11s[K[?25h[?2026l[?2026h[?25l[A[1Gpulling manifest [K
pulling aeda25e63ebd:  69% ▕████████████      ▏ 2.3 GB/3.3 GB  5.4 MB/s   3m11s[K[?25h[?2026l[?2026h[?25l[A[1Gpulling manifest [K
pulling aeda25e63ebd:  69% ▕████████████      ▏ 2.3 GB/3.3 GB  5.4 MB/s   3m11s[K[?25h[?2026l[?2026h[?25l[A[1Gpulling manifest [K
pulling aeda25e63ebd:  69% ▕████████████      ▏ 2.3 GB/3.3 GB  5.4 MB/s   3m11s[K[?25h[?2026l[?2026h[?25l[A[1Gpulling manifest [K
pulling aeda25e63ebd:  69% ▕████████████      ▏ 2.3 GB/3.3 GB  5.4 MB/s   3m11s[K[?25h[?2026l[?2026h[?25l[A[1Gpulling manifest [K
pulling aeda25e63ebd:  69% ▕████████████      ▏ 2.3 GB/3.3 GB  5.4 MB/s   3m11s[K[?25h[?2026l[?2026h[?25l[A[1Gpulling manifest [K
pulling aeda25e63ebd:  69% ▕████████████      ▏ 2.3 GB/3.3 GB  5.4 MB/s   3m11s[K[?25h[?2026l[?2026h[?25l[A[1Gpulling manifest [K
pulling aeda25e63ebd:  69% ▕████████████      ▏ 2.3 GB/3.3 GB  5.4 MB/s   3m11s[K[?25h[?2026l[?2026h[?25l[A[1Gpulling manifest [K
pulling aeda25e63ebd:  69% ▕████████████      ▏ 2.3 GB/3.3 GB  5.4 MB/s   3m11s[K[?25h[?2026l[?2026h[?25l[A[1Gpulling manifest [K
pulling aeda25e63ebd:  69% ▕████████████      ▏ 2.3 GB/3.3 GB  5.4 MB/s   3m10s[K[?25h[?2026l[?2026h[?25l[A[1Gpulling manifest [K
pulling aeda25e63ebd:  69% ▕████████████      ▏ 2.3 GB/3.3 GB  5.4 MB/s   3m13s[K[?25h[?2026l[?2026h[?25l[A[1Gpulling manifest [K
pulling aeda25e63ebd:  69% ▕████████████      ▏ 2.3 GB/3.3 GB  5.4 MB/s   3m13s[K[?25h[?2026l[?2026h[?25l[A[1Gpulling manifest [K
pulling aeda25e63ebd:  69% ▕████████████      ▏ 2.3 GB/3.3 GB  5.4 MB/s   3m12s[K[?25h[?2026l[?2026h[?25l[A[1Gpulling manifest [K
pulling aeda25e63ebd:  69% ▕████████████      ▏ 2.3 GB/3.3 GB  5.4 MB/s   3m12s[K[?25h[?2026l[?2026h[?25l[A[1Gpulling manifest [K
pulling aeda25e63ebd:  69% ▕████████████      ▏ 2.3 GB/3.3 GB  5.4 MB/s   3m12s[K[?25h[?2026l[?2026h[?25l[A[1Gpulling manifest [K
pulling aeda25e63ebd:  69% ▕████████████      ▏ 2.3 GB/3.3 GB  5.4 MB/s   3m12s[K[?25h[?2026l[?2026h[?25l[A[1Gpulling manifest [K
pulling aeda25e63ebd:  69% ▕████████████      ▏ 2.3 GB/3.3 GB  5.4 MB/s   3m12s[K[?25h[?2026l[?2026h[?25l[A[1Gpulling manifest [K
pulling aeda25e63ebd:  69% ▕████████████      ▏ 2.3 GB/3.3 GB  5.4 MB/s   3m12s[K[?25h[?2026l[?2026h[?25l[A[1Gpulling manifest [K
pulling aeda25e63ebd:  69% ▕████████████      ▏ 2.3 GB/3.3 GB  5.4 MB/s   3m12s[K[?25h[?2026l[?2026h[?25l[A[1Gpulling manifest [K
pulling aeda25e63ebd:  69% ▕████████████      ▏ 2.3 GB/3.3 GB  5.4 MB/s   3m12s[K[?25h[?2026l[?2026h[?25l[A[1Gpulling manifest [K
pulling aeda25e63ebd:  69% ▕████████████      ▏ 2.3 GB/3.3 GB  5.5 MB/s    3m8s[K[?25h[?2026l[?2026h[?25l[A[1Gpulling manifest [K
pulling aeda25e63ebd:  69% ▕████████████      ▏ 2.3 GB/3.3 GB  5.5 MB/s    3m8s[K[?25h[?2026l[?2026h[?25l[A[1Gpulling manifest [K
pulling aeda25e63ebd:  69% ▕████████████      ▏ 2.3 GB/3.3 GB  5.5 MB/s    3m8s[K[?25h[?2026l[?2026h[?25l[A[1Gpulling manifest [K
pulling aeda25e63ebd:  69% ▕████████████      ▏ 2.3 GB/3.3 GB  5.5 MB/s    3m7s[K[?25h[?2026l[?2026h[?25l[A[1Gpulling manifest [K
pulling aeda25e63ebd:  69% ▕████████████      ▏ 2.3 GB/3.3 GB  5.5 MB/s    3m7s[K[?25h[?2026l[?2026h[?25l[A[1Gpulling manifest [K
pulling aeda25e63ebd:  69% ▕████████████      ▏ 2.3 GB/3.3 GB  5.5 MB/s    3m7s[K[?25h[?2026l[?2026h[?25l[A[1Gpulling manifest [K
pulling aeda25e63ebd:  69% ▕████████████      ▏ 2.3 GB/3.3 GB  5.5 MB/s    3m7s[K[?25h[?2026l[?2026h[?25l[A[1Gpulling manifest [K
pulling aeda25e63ebd:  69% ▕████████████      ▏ 2.3 GB/3.3 GB  5.5 MB/s    3m7s[K[?25h[?2026l[?2026h[?25l[A[1Gpulling manifest [K
pulling aeda25e63ebd:  69% ▕████████████      ▏ 2.3 GB/3.3 GB  5.5 MB/s    3m7s[K[?25h[?2026l[?2026h[?25l[A[1Gpulling manifest [K
pulling aeda25e63ebd:  69% ▕████████████      ▏ 2.3 GB/3.3 GB  5.5 MB/s    3m7s[K[?25h[?2026l[?2026h[?25l[A[1Gpulling manifest [K
pulling aeda25e63ebd:  69% ▕████████████      ▏ 2.3 GB/3.3 GB  5.4 MB/s   3m10s[K[?25h[?2026l[?2026h[?25l[A[1Gpulling manifest [K
pulling aeda25e63ebd:  69% ▕████████████      ▏ 2.3 GB/3.3 GB  5.4 MB/s   3m10s[K[?25h[?2026l[?2026h[?25l[A[1Gpulling manifest [K
pulling aeda25e63ebd:  69% ▕████████████      ▏ 2.3 GB/3.3 GB  5.4 MB/s   3m10s[K[?25h[?2026l[?2026h[?25l[A[1Gpulling manifest [K
pulling aeda25e63ebd:  69% ▕████████████      ▏ 2.3 GB/3.3 GB  5.4 MB/s   3m10s[K[?25h[?2026l[?2026h[?25l[A[1Gpulling manifest [K
pulling aeda25e63ebd:  69% ▕████████████      ▏ 2.3 GB/3.3 GB  5.4 MB/s   3m10s[K[?25h[?2026l[?2026h[?25l[A[1Gpulling manifest [K
pulling aeda25e63ebd:  69% ▕████████████      ▏ 2.3 GB/3.3 GB  5.4 MB/s   3m10s[K[?25h[?2026l[?2026h[?25l[A[1Gpulling manifest [K
pulling aeda25e63ebd:  69% ▕████████████      ▏ 2.3 GB/3.3 GB  5.4 MB/s   3m10s[K[?25h[?2026l[?2026h[?25l[A[1Gpulling manifest [K
pulling aeda25e63ebd:  69% ▕████████████      ▏ 2.3 GB/3.3 GB  5.4 MB/s   3m10s[K[?25h[?2026l[?2026h[?25l[A[1Gpulling manifest [K
pulling aeda25e63ebd:  69% ▕████████████      ▏ 2.3 GB/3.3 GB  5.4 MB/s    3m9s[K[?25h[?2026l[?2026h[?25l[A[1Gpulling manifest [K
pulling aeda25e63ebd:  69% ▕████████████      ▏ 2.3 GB/3.3 GB  5.4 MB/s    3m9s[K[?25h[?2026l[?2026h[?25l[A[1Gpulling manifest [K
pulling aeda25e63ebd:  69% ▕████████████      ▏ 2.3 GB/3.3 GB  5.4 MB/s    3m9s[K[?25h[?2026l[?2026h[?25l[A[1Gpulling manifest [K
pulling aeda25e63ebd:  69% ▕████████████      ▏ 2.3 GB/3.3 GB  5.4 MB/s    3m9s[K[?25h[?2026l[?2026h[?25l[A[1Gpulling manifest [K
pulling aeda25e63ebd:  69% ▕████████████      ▏ 2.3 GB/3.3 GB  5.4 MB/s    3m9s[K[?25h[?2026l[?2026h[?25l[A[1Gpulling manifest [K
pulling aeda25e63ebd:  69% ▕████████████      ▏ 2.3 GB/3.3 GB  5.4 MB/s    3m9s[K[?25h[?2026l[?2026h[?25l[A[1Gpulling manifest [K
pulling aeda25e63ebd:  69% ▕████████████      ▏ 2.3 GB/3.3 GB  5.4 MB/s    3m9s[K[?25h[?2026l[?2026h[?25l[A[1Gpulling manifest [K
pulling aeda25e63ebd:  69% ▕████████████      ▏ 2.3 GB/3.3 GB  5.4 MB/s    3m9s[K[?25h[?2026l[?2026h[?25l[A[1Gpulling manifest [K
pulling aeda25e63ebd:  69% ▕████████████      ▏ 2.3 GB/3.3 GB  5.4 MB/s    3m9s[K[?25h[?2026l[?2026h[?25l[A[1Gpulling manifest [K
pulling aeda25e63ebd:  69% ▕████████████      ▏ 2.3 GB/3.3 GB  5.4 MB/s    3m9s[K[?25h[?2026l[?2026h[?25l[A[1Gpulling manifest [K
pulling aeda25e63ebd:  69% ▕████████████      ▏ 2.3 GB/3.3 GB  5.4 MB/s    3m9s[K[?25h[?2026l[?2026h[?25l[A[1Gpulling manifest [K
pulling aeda25e63ebd:  69% ▕████████████      ▏ 2.3 GB/3.3 GB  5.4 MB/s    3m9s[K[?25h[?2026l[?2026h[?25l[A[1Gpulling manifest [K
pulling aeda25e63ebd:  70% ▕████████████      ▏ 2.3 GB/3.3 GB  5.4 MB/s    3m8s[K[?25h[?2026l[?2026h[?25l[A[1Gpulling manifest [K
pulling aeda25e63ebd:  70% ▕████████████      ▏ 2.3 GB/3.3 GB  5.4 MB/s    3m8s[K[?25h[?2026l[?2026h[?25l[A[1Gpulling manifest [K
pulling aeda25e63ebd:  70% ▕████████████      ▏ 2.3 GB/3.3 GB  5.4 MB/s    3m8s[K[?25h[?2026l[?2026h[?25l[A[1Gpulling manifest [K
pulling aeda25e63ebd:  70% ▕████████████      ▏ 2.3 GB/3.3 GB  5.4 MB/s    3m8s[K[?25h[?2026l[?2026h[?25l[A[1Gpulling manifest [K
pulling aeda25e63ebd:  70% ▕████████████      ▏ 2.3 GB/3.3 GB  5.4 MB/s    3m8s[K[?25h[?2026l[?2026h[?25l[A[1Gpulling manifest [K
pulling aeda25e63ebd:  70% ▕████████████      ▏ 2.3 GB/3.3 GB  5.4 MB/s    3m8s[K[?25h[?2026l[?2026h[?25l[A[1Gpulling manifest [K
pulling aeda25e63ebd:  70% ▕████████████      ▏ 2.3 GB/3.3 GB  5.4 MB/s    3m8s[K[?25h[?2026l[?2026h[?25l[A[1Gpulling manifest [K
pulling aeda25e63ebd:  70% ▕████████████      ▏ 2.3 GB/3.3 GB  5.4 MB/s    3m7s[K[?25h[?2026l[?2026h[?25l[A[1Gpulling manifest [K
pulling aeda25e63ebd:  70% ▕████████████      ▏ 2.3 GB/3.3 GB  5.4 MB/s    3m7s[K[?25h[?2026l[?2026h[?25l[A[1Gpulling manifest [K
pulling aeda25e63ebd:  70% ▕████████████      ▏ 2.3 GB/3.3 GB  5.4 MB/s    3m7s[K[?25h[?2026l[?2026h[?25l[A[1Gpulling manifest [K
pulling aeda25e63ebd:  70% ▕████████████      ▏ 2.3 GB/3.3 GB  5.4 MB/s    3m7s[K[?25h[?2026l[?2026h[?25l[A[1Gpulling manifest [K
pulling aeda25e63ebd:  70% ▕████████████      ▏ 2.3 GB/3.3 GB  5.4 MB/s    3m6s[K[?25h[?2026l[?2026h[?25l[A[1Gpulling manifest [K
pulling aeda25e63ebd:  70% ▕████████████      ▏ 2.3 GB/3.3 GB  5.4 MB/s    3m5s[K[?25h[?2026l[?2026h[?25l[A[1Gpulling manifest [K
pulling aeda25e63ebd:  70% ▕████████████      ▏ 2.3 GB/3.3 GB  5.4 MB/s    3m5s[K[?25h[?2026l[?2026h[?25l[A[1Gpulling manifest [K
pulling aeda25e63ebd:  70% ▕████████████      ▏ 2.3 GB/3.3 GB  5.4 MB/s    3m5s[K[?25h[?2026l[?2026h[?25l[A[1Gpulling manifest [K
pulling aeda25e63ebd:  70% ▕████████████      ▏ 2.3 GB/3.3 GB  5.4 MB/s    3m5s[K[?25h[?2026l[?2026h[?25l[A[1Gpulling manifest [K
pulling aeda25e63ebd:  70% ▕████████████      ▏ 2.3 GB/3.3 GB  5.4 MB/s    3m5s[K[?25h[?2026l[?2026h[?25l[A[1Gpulling manifest [K
pulling aeda25e63ebd:  70% ▕████████████      ▏ 2.3 GB/3.3 GB  5.4 MB/s    3m5s[K[?25h[?2026l[?2026h[?25l[A[1Gpulling manifest [K
pulling aeda25e63ebd:  70% ▕████████████      ▏ 2.3 GB/3.3 GB  5.4 MB/s    3m5s[K[?25h[?2026l[?2026h[?25l[A[1Gpulling manifest [K
pulling aeda25e63ebd:  70% ▕████████████      ▏ 2.3 GB/3.3 GB  5.4 MB/s    3m5s[K[?25h[?2026l[?2026h[?25l[A[1Gpulling manifest [K
pulling aeda25e63ebd:  70% ▕████████████      ▏ 2.3 GB/3.3 GB  5.4 MB/s    3m5s[K[?25h[?2026l[?2026h[?25l[A[1Gpulling manifest [K
pulling aeda25e63ebd:  70% ▕████████████      ▏ 2.3 GB/3.3 GB  5.5 MB/s    3m1s[K[?25h[?2026l[?2026h[?25l[A[1Gpulling manifest [K
pulling aeda25e63ebd:  70% ▕████████████      ▏ 2.3 GB/3.3 GB  5.5 MB/s    3m1s[K[?25h[?2026l[?2026h[?25l[A[1Gpulling manifest [K
pulling aeda25e63ebd:  70% ▕████████████      ▏ 2.3 GB/3.3 GB  5.5 MB/s    3m1s[K[?25h[?2026l[?2026h[?25l[A[1Gpulling manifest [K
pulling aeda25e63ebd:  70% ▕████████████      ▏ 2.3 GB/3.3 GB  5.5 MB/s    3m1s[K[?25h[?2026l[?2026h[?25l[A[1Gpulling manifest [K
pulling aeda25e63ebd:  70% ▕████████████      ▏ 2.3 GB/3.3 GB  5.5 MB/s    3m1s[K[?25h[?2026l[?2026h[?25l[A[1Gpulling manifest [K
pulling aeda25e63ebd:  70% ▕████████████      ▏ 2.3 GB/3.3 GB  5.5 MB/s    3m1s[K[?25h[?2026l[?2026h[?25l[A[1Gpulling manifest [K
pulling aeda25e63ebd:  70% ▕████████████      ▏ 2.3 GB/3.3 GB  5.5 MB/s    3m1s[K[?25h[?2026l[?2026h[?25l[A[1Gpulling manifest [K
pulling aeda25e63ebd:  70% ▕████████████      ▏ 2.3 GB/3.3 GB  5.5 MB/s    3m1s[K[?25h[?2026l[?2026h[?25l[A[1Gpulling manifest [K
pulling aeda25e63ebd:  70% ▕████████████      ▏ 2.3 GB/3.3 GB  5.5 MB/s    3m1s[K[?25h[?2026l[?2026h[?25l[A[1Gpulling manifest [K
pulling aeda25e63ebd:  70% ▕████████████      ▏ 2.3 GB/3.3 GB  5.5 MB/s    3m1s[K[?25h[?2026l[?2026h[?25l[A[1Gpulling manifest [K
pulling aeda25e63ebd:  70% ▕████████████      ▏ 2.3 GB/3.3 GB  5.5 MB/s    3m3s[K[?25h[?2026l[?2026h[?25l[A[1Gpulling manifest [K
pulling aeda25e63ebd:  70% ▕████████████      ▏ 2.3 GB/3.3 GB  5.5 MB/s    3m3s[K[?25h[?2026l[?2026h[?25l[A[1Gpulling manifest [K
pulling aeda25e63ebd:  70% ▕████████████      ▏ 2.3 GB/3.3 GB  5.5 MB/s    3m3s[K[?25h[?2026l[?2026h[?25l[A[1Gpulling manifest [K
pulling aeda25e63ebd:  70% ▕████████████      ▏ 2.3 GB/3.3 GB  5.5 MB/s    3m2s[K[?25h[?2026l[?2026h[?25l[A[1Gpulling manifest [K
pulling aeda25e63ebd:  70% ▕████████████      ▏ 2.3 GB/3.3 GB  5.5 MB/s    3m2s[K[?25h[?2026l[?2026h[?25l[A[1Gpulling manifest [K
pulling aeda25e63ebd:  70% ▕████████████      ▏ 2.3 GB/3.3 GB  5.5 MB/s    3m2s[K[?25h[?2026l[?2026h[?25l[A[1Gpulling manifest [K
pulling aeda25e63ebd:  70% ▕████████████      ▏ 2.3 GB/3.3 GB  5.5 MB/s    3m2s[K[?25h[?2026l[?2026h[?25l[A[1Gpulling manifest [K
pulling aeda25e63ebd:  70% ▕████████████      ▏ 2.3 GB/3.3 GB  5.5 MB/s    3m2s[K[?25h[?2026l[?2026h[?25l[A[1Gpulling manifest [K
pulling aeda25e63ebd:  70% ▕████████████      ▏ 2.3 GB/3.3 GB  5.5 MB/s    3m2s[K[?25h[?2026l[?2026h[?25l[A[1Gpulling manifest [K
pulling aeda25e63ebd:  70% ▕████████████      ▏ 2.3 GB/3.3 GB  5.5 MB/s    3m2s[K[?25h[?2026l[?2026h[?25l[A[1Gpulling manifest [K
pulling aeda25e63ebd:  70% ▕████████████      ▏ 2.3 GB/3.3 GB  5.5 MB/s    3m2s[K[?25h[?2026l[?2026h[?25l[A[1Gpulling manifest [K
pulling aeda25e63ebd:  70% ▕████████████      ▏ 2.3 GB/3.3 GB  5.5 MB/s    3m0s[K[?25h[?2026l[?2026h[?25l[A[1Gpulling manifest [K
pulling aeda25e63ebd:  70% ▕████████████      ▏ 2.3 GB/3.3 GB  5.5 MB/s    3m0s[K[?25h[?2026l[?2026h[?25l[A[1Gpulling manifest [K
pulling aeda25e63ebd:  70% ▕████████████      ▏ 2.3 GB/3.3 GB  5.5 MB/s    3m0s[K[?25h[?2026l[?2026h[?25l[A[1Gpulling manifest [K
pulling aeda25e63ebd:  70% ▕████████████      ▏ 2.3 GB/3.3 GB  5.5 MB/s    3m0s[K[?25h[?2026l[?2026h[?25l[A[1Gpulling manifest [K
pulling aeda25e63ebd:  70% ▕████████████      ▏ 2.3 GB/3.3 GB  5.5 MB/s    3m0s[K[?25h[?2026l[?2026h[?25l[A[1Gpulling manifest [K
pulling aeda25e63ebd:  70% ▕████████████      ▏ 2.3 GB/3.3 GB  5.5 MB/s    3m0s[K[?25h[?2026l[?2026h[?25l[A[1Gpulling manifest [K
pulling aeda25e63ebd:  70% ▕████████████      ▏ 2.3 GB/3.3 GB  5.5 MB/s    3m0s[K[?25h[?2026l[?2026h[?25l[A[1Gpulling manifest [K
pulling aeda25e63ebd:  70% ▕████████████      ▏ 2.3 GB/3.3 GB  5.5 MB/s    3m0s[K[?25h[?2026l[?2026h[?25l[A[1Gpulling manifest [K
pulling aeda25e63ebd:  70% ▕████████████      ▏ 2.3 GB/3.3 GB  5.5 MB/s    3m0s[K[?25h[?2026l[?2026h[?25l[A[1Gpulling manifest [K
pulling aeda25e63ebd:  70% ▕████████████      ▏ 2.3 GB/3.3 GB  5.5 MB/s   2m59s[K[?25h[?2026l[?2026h[?25l[A[1Gpulling manifest [K
pulling aeda25e63ebd:  70% ▕████████████      ▏ 2.3 GB/3.3 GB  5.5 MB/s   2m58s[K[?25h[?2026l[?2026h[?25l[A[1Gpulling manifest [K
pulling aeda25e63ebd:  70% ▕████████████      ▏ 2.4 GB/3.3 GB  5.5 MB/s   2m58s[K[?25h[?2026l[?2026h[?25l[A[1Gpulling manifest [K
pulling aeda25e63ebd:  70% ▕████████████      ▏ 2.4 GB/3.3 GB  5.5 MB/s   2m58s[K[?25h[?2026l[?2026h[?25l[A[1Gpulling manifest [K
pulling aeda25e63ebd:  70% ▕████████████      ▏ 2.4 GB/3.3 GB  5.5 MB/s   2m58s[K[?25h[?2026l[?2026h[?25l[A[1Gpulling manifest [K
pulling aeda25e63ebd:  70% ▕████████████      ▏ 2.4 GB/3.3 GB  5.5 MB/s   2m57s[K[?25h[?2026l[?2026h[?25l[A[1Gpulling manifest [K
pulling aeda25e63ebd:  70% ▕████████████      ▏ 2.4 GB/3.3 GB  5.5 MB/s   2m57s[K[?25h[?2026l[?2026h[?25l[A[1Gpulling manifest [K
pulling aeda25e63ebd:  70% ▕████████████      ▏ 2.4 GB/3.3 GB  5.5 MB/s   2m57s[K[?25h[?2026l[?2026h[?25l[A[1Gpulling manifest [K
pulling aeda25e63ebd:  70% ▕████████████      ▏ 2.4 GB/3.3 GB  5.5 MB/s   2m57s[K[?25h[?2026l[?2026h[?25l[A[1Gpulling manifest [K
pulling aeda25e63ebd:  71% ▕████████████      ▏ 2.4 GB/3.3 GB  5.5 MB/s   2m57s[K[?25h[?2026l[?2026h[?25l[A[1Gpulling manifest [K
pulling aeda25e63ebd:  71% ▕████████████      ▏ 2.4 GB/3.3 GB  5.5 MB/s   2m57s[K[?25h[?2026l[?2026h[?25l[A[1Gpulling manifest [K
pulling aeda25e63ebd:  71% ▕████████████      ▏ 2.4 GB/3.3 GB  5.6 MB/s   2m56s[K[?25h[?2026l[?2026h[?25l[A[1Gpulling manifest [K
pulling aeda25e63ebd:  71% ▕████████████      ▏ 2.4 GB/3.3 GB  5.6 MB/s   2m56s[K[?25h[?2026l[?2026h[?25l[A[1Gpulling manifest [K
pulling aeda25e63ebd:  71% ▕████████████      ▏ 2.4 GB/3.3 GB  5.6 MB/s   2m56s[K[?25h[?2026l[?2026h[?25l[A[1Gpulling manifest [K
pulling aeda25e63ebd:  71% ▕████████████      ▏ 2.4 GB/3.3 GB  5.6 MB/s   2m56s[K[?25h[?2026l[?2026h[?25l[A[1Gpulling manifest [K
pulling aeda25e63ebd:  71% ▕████████████      ▏ 2.4 GB/3.3 GB  5.6 MB/s   2m56s[K[?25h[?2026l[?2026h[?25l[A[1Gpulling manifest [K
pulling aeda25e63ebd:  71% ▕████████████      ▏ 2.4 GB/3.3 GB  5.6 MB/s   2m56s[K[?25h[?2026l[?2026h[?25l[A[1Gpulling manifest [K
pulling aeda25e63ebd:  71% ▕████████████      ▏ 2.4 GB/3.3 GB  5.6 MB/s   2m56s[K[?25h[?2026l[?2026h[?25l[A[1Gpulling manifest [K
pulling aeda25e63ebd:  71% ▕████████████      ▏ 2.4 GB/3.3 GB  5.6 MB/s   2m56s[K[?25h[?2026l[?2026h[?25l[A[1Gpulling manifest [K
pulling aeda25e63ebd:  71% ▕████████████      ▏ 2.4 GB/3.3 GB  5.6 MB/s   2m56s[K[?25h[?2026l[?2026h[?25l[A[1Gpulling manifest [K
pulling aeda25e63ebd:  71% ▕████████████      ▏ 2.4 GB/3.3 GB  5.6 MB/s   2m56s[K[?25h[?2026l[?2026h[?25l[A[1Gpulling manifest [K
pulling aeda25e63ebd:  71% ▕████████████      ▏ 2.4 GB/3.3 GB  5.6 MB/s   2m54s[K[?25h[?2026l[?2026h[?25l[A[1Gpulling manifest [K
pulling aeda25e63ebd:  71% ▕████████████      ▏ 2.4 GB/3.3 GB  5.6 MB/s   2m54s[K[?25h[?2026l[?2026h[?25l[A[1Gpulling manifest [K
pulling aeda25e63ebd:  71% ▕████████████      ▏ 2.4 GB/3.3 GB  5.6 MB/s   2m54s[K[?25h[?2026l[?2026h[?25l[A[1Gpulling manifest [K
pulling aeda25e63ebd:  71% ▕████████████      ▏ 2.4 GB/3.3 GB  5.6 MB/s   2m53s[K[?25h[?2026l[?2026h[?25l[A[1Gpulling manifest [K
pulling aeda25e63ebd:  71% ▕████████████      ▏ 2.4 GB/3.3 GB  5.6 MB/s   2m53s[K[?25h[?2026l[?2026h[?25l[A[1Gpulling manifest [K
pulling aeda25e63ebd:  71% ▕████████████      ▏ 2.4 GB/3.3 GB  5.6 MB/s   2m53s[K[?25h[?2026l[?2026h[?25l[A[1Gpulling manifest [K
pulling aeda25e63ebd:  71% ▕████████████      ▏ 2.4 GB/3.3 GB  5.6 MB/s   2m53s[K[?25h[?2026l[?2026h[?25l[A[1Gpulling manifest [K
pulling aeda25e63ebd:  71% ▕████████████      ▏ 2.4 GB/3.3 GB  5.6 MB/s   2m53s[K[?25h[?2026l[?2026h[?25l[A[1Gpulling manifest [K
pulling aeda25e63ebd:  71% ▕████████████      ▏ 2.4 GB/3.3 GB  5.6 MB/s   2m53s[K[?25h[?2026l[?2026h[?25l[A[1Gpulling manifest [K
pulling aeda25e63ebd:  71% ▕████████████      ▏ 2.4 GB/3.3 GB  5.6 MB/s   2m53s[K[?25h[?2026l[?2026h[?25l[A[1Gpulling manifest [K
pulling aeda25e63ebd:  71% ▕████████████      ▏ 2.4 GB/3.3 GB  5.6 MB/s   2m53s[K[?25h[?2026l[?2026h[?25l[A[1Gpulling manifest [K
pulling aeda25e63ebd:  71% ▕████████████      ▏ 2.4 GB/3.3 GB  5.6 MB/s   2m53s[K[?25h[?2026l[?2026h[?25l[A[1Gpulling manifest [K
pulling aeda25e63ebd:  71% ▕████████████      ▏ 2.4 GB/3.3 GB  5.6 MB/s   2m53s[K[?25h[?2026l[?2026h[?25l[A[1Gpulling manifest [K
pulling aeda25e63ebd:  71% ▕████████████      ▏ 2.4 GB/3.3 GB  5.6 MB/s   2m52s[K[?25h[?2026l[?2026h[?25l[A[1Gpulling manifest [K
pulling aeda25e63ebd:  71% ▕████████████      ▏ 2.4 GB/3.3 GB  5.6 MB/s   2m52s[K[?25h[?2026l[?2026h[?25l[A[1Gpulling manifest [K
pulling aeda25e63ebd:  71% ▕████████████      ▏ 2.4 GB/3.3 GB  5.6 MB/s   2m52s[K[?25h[?2026l[?2026h[?25l[A[1Gpulling manifest [K
pulling aeda25e63ebd:  71% ▕████████████      ▏ 2.4 GB/3.3 GB  5.6 MB/s   2m52s[K[?25h[?2026l[?2026h[?25l[A[1Gpulling manifest [K
pulling aeda25e63ebd:  71% ▕████████████      ▏ 2.4 GB/3.3 GB  5.6 MB/s   2m52s[K[?25h[?2026l[?2026h[?25l[A[1Gpulling manifest [K
pulling aeda25e63ebd:  71% ▕████████████      ▏ 2.4 GB/3.3 GB  5.6 MB/s   2m52s[K[?25h[?2026l[?2026h[?25l[A[1Gpulling manifest [K
pulling aeda25e63ebd:  71% ▕████████████      ▏ 2.4 GB/3.3 GB  5.6 MB/s   2m52s[K[?25h[?2026l[?2026h[?25l[A[1Gpulling manifest [K
pulling aeda25e63ebd:  71% ▕████████████      ▏ 2.4 GB/3.3 GB  5.6 MB/s   2m52s[K[?25h[?2026l[?2026h[?25l[A[1Gpulling manifest [K
pulling aeda25e63ebd:  71% ▕████████████      ▏ 2.4 GB/3.3 GB  5.6 MB/s   2m52s[K[?25h[?2026l[?2026h[?25l[A[1Gpulling manifest [K
pulling aeda25e63ebd:  71% ▕████████████      ▏ 2.4 GB/3.3 GB  5.6 MB/s   2m52s[K[?25h[?2026l[?2026h[?25l[A[1Gpulling manifest [K
pulling aeda25e63ebd:  71% ▕████████████      ▏ 2.4 GB/3.3 GB  5.6 MB/s   2m52s[K[?25h[?2026l[?2026h[?25l[A[1Gpulling manifest [K
pulling aeda25e63ebd:  71% ▕████████████      ▏ 2.4 GB/3.3 GB  5.6 MB/s   2m51s[K[?25h[?2026l[?2026h[?25l[A[1Gpulling manifest [K
pulling aeda25e63ebd:  71% ▕████████████      ▏ 2.4 GB/3.3 GB  5.6 MB/s   2m51s[K[?25h[?2026l[?2026h[?25l[A[1Gpulling manifest [K
pulling aeda25e63ebd:  71% ▕████████████      ▏ 2.4 GB/3.3 GB  5.6 MB/s   2m51s[K[?25h[?2026l[?2026h[?25l[A[1Gpulling manifest [K
pulling aeda25e63ebd:  71% ▕████████████      ▏ 2.4 GB/3.3 GB  5.6 MB/s   2m51s[K[?25h[?2026l[?2026h[?25l[A[1Gpulling manifest [K
pulling aeda25e63ebd:  71% ▕████████████      ▏ 2.4 GB/3.3 GB  5.6 MB/s   2m51s[K[?25h[?2026l[?2026h[?25l[A[1Gpulling manifest [K
pulling aeda25e63ebd:  71% ▕████████████      ▏ 2.4 GB/3.3 GB  5.6 MB/s   2m51s[K[?25h[?2026l[?2026h[?25l[A[1Gpulling manifest [K
pulling aeda25e63ebd:  71% ▕████████████      ▏ 2.4 GB/3.3 GB  5.6 MB/s   2m51s[K[?25h[?2026l[?2026h[?25l[A[1Gpulling manifest [K
pulling aeda25e63ebd:  71% ▕████████████      ▏ 2.4 GB/3.3 GB  5.6 MB/s   2m51s[K[?25h[?2026l[?2026h[?25l[A[1Gpulling manifest [K
pulling aeda25e63ebd:  71% ▕████████████      ▏ 2.4 GB/3.3 GB  5.6 MB/s   2m51s[K[?25h[?2026l[?2026h[?25l[A[1Gpulling manifest [K
pulling aeda25e63ebd:  71% ▕████████████      ▏ 2.4 GB/3.3 GB  5.6 MB/s   2m51s[K[?25h[?2026l[?2026h[?25l[A[1Gpulling manifest [K
pulling aeda25e63ebd:  71% ▕████████████      ▏ 2.4 GB/3.3 GB  5.6 MB/s   2m51s[K[?25h[?2026l[?2026h[?25l[A[1Gpulling manifest [K
pulling aeda25e63ebd:  71% ▕████████████      ▏ 2.4 GB/3.3 GB  5.6 MB/s   2m51s[K[?25h[?2026l[?2026h[?25l[A[1Gpulling manifest [K
pulling aeda25e63ebd:  71% ▕████████████      ▏ 2.4 GB/3.3 GB  5.6 MB/s   2m51s[K[?25h[?2026l[?2026h[?25l[A[1Gpulling manifest [K
pulling aeda25e63ebd:  71% ▕████████████      ▏ 2.4 GB/3.3 GB  5.6 MB/s   2m51s[K[?25h[?2026l[?2026h[?25l[A[1Gpulling manifest [K
pulling aeda25e63ebd:  71% ▕████████████      ▏ 2.4 GB/3.3 GB  5.6 MB/s   2m51s[K[?25h[?2026l[?2026h[?25l[A[1Gpulling manifest [K
pulling aeda25e63ebd:  71% ▕████████████      ▏ 2.4 GB/3.3 GB  5.6 MB/s   2m50s[K[?25h[?2026l[?2026h[?25l[A[1Gpulling manifest [K
pulling aeda25e63ebd:  71% ▕████████████      ▏ 2.4 GB/3.3 GB  5.6 MB/s   2m50s[K[?25h[?2026l[?2026h[?25l[A[1Gpulling manifest [K
pulling aeda25e63ebd:  71% ▕████████████      ▏ 2.4 GB/3.3 GB  5.6 MB/s   2m50s[K[?25h[?2026l[?2026h[?25l[A[1Gpulling manifest [K
pulling aeda25e63ebd:  71% ▕████████████      ▏ 2.4 GB/3.3 GB  5.6 MB/s   2m50s[K[?25h[?2026l[?2026h[?25l[A[1Gpulling manifest [K
pulling aeda25e63ebd:  71% ▕████████████      ▏ 2.4 GB/3.3 GB  5.6 MB/s   2m50s[K[?25h[?2026l[?2026h[?25l[A[1Gpulling manifest [K
pulling aeda25e63ebd:  71% ▕████████████      ▏ 2.4 GB/3.3 GB  5.6 MB/s   2m50s[K[?25h[?2026l[?2026h[?25l[A[1Gpulling manifest [K
pulling aeda25e63ebd:  71% ▕████████████      ▏ 2.4 GB/3.3 GB  5.6 MB/s   2m49s[K[?25h[?2026l[?2026h[?25l[A[1Gpulling manifest [K
pulling aeda25e63ebd:  71% ▕████████████      ▏ 2.4 GB/3.3 GB  5.6 MB/s   2m49s[K[?25h[?2026l[?2026h[?25l[A[1Gpulling manifest [K
pulling aeda25e63ebd:  71% ▕████████████      ▏ 2.4 GB/3.3 GB  5.6 MB/s   2m49s[K[?25h[?2026l[?2026h[?25l[A[1Gpulling manifest [K
pulling aeda25e63ebd:  72% ▕████████████      ▏ 2.4 GB/3.3 GB  5.6 MB/s   2m49s[K[?25h[?2026l[?2026h[?25l[A[1Gpulling manifest [K
pulling aeda25e63ebd:  72% ▕████████████      ▏ 2.4 GB/3.3 GB  5.6 MB/s   2m49s[K[?25h[?2026l[?2026h[?25l[A[1Gpulling manifest [K
pulling aeda25e63ebd:  72% ▕████████████      ▏ 2.4 GB/3.3 GB  5.6 MB/s   2m49s[K[?25h[?2026l[?2026h[?25l[A[1Gpulling manifest [K
pulling aeda25e63ebd:  72% ▕████████████      ▏ 2.4 GB/3.3 GB  5.7 MB/s   2m46s[K[?25h[?2026l[?2026h[?25l[A[1Gpulling manifest [K
pulling aeda25e63ebd:  72% ▕████████████      ▏ 2.4 GB/3.3 GB  5.7 MB/s   2m45s[K[?25h[?2026l[?2026h[?25l[A[1Gpulling manifest [K
pulling aeda25e63ebd:  72% ▕████████████      ▏ 2.4 GB/3.3 GB  5.7 MB/s   2m45s[K[?25h[?2026l[?2026h[?25l[A[1Gpulling manifest [K
pulling aeda25e63ebd:  72% ▕████████████      ▏ 2.4 GB/3.3 GB  5.7 MB/s   2m45s[K[?25h[?2026l[?2026h[?25l[A[1Gpulling manifest [K
pulling aeda25e63ebd:  72% ▕████████████      ▏ 2.4 GB/3.3 GB  5.7 MB/s   2m45s[K[?25h[?2026l[?2026h[?25l[A[1Gpulling manifest [K
pulling aeda25e63ebd:  72% ▕████████████      ▏ 2.4 GB/3.3 GB  5.7 MB/s   2m45s[K[?25h[?2026l[?2026h[?25l[A[1Gpulling manifest [K
pulling aeda25e63ebd:  72% ▕████████████      ▏ 2.4 GB/3.3 GB  5.7 MB/s   2m45s[K[?25h[?2026l[?2026h[?25l[A[1Gpulling manifest [K
pulling aeda25e63ebd:  72% ▕████████████      ▏ 2.4 GB/3.3 GB  5.7 MB/s   2m45s[K[?25h[?2026l[?2026h[?25l[A[1Gpulling manifest [K
pulling aeda25e63ebd:  72% ▕████████████      ▏ 2.4 GB/3.3 GB  5.7 MB/s   2m45s[K[?25h[?2026l[?2026h[?25l[A[1Gpulling manifest [K
pulling aeda25e63ebd:  72% ▕████████████      ▏ 2.4 GB/3.3 GB  5.7 MB/s   2m45s[K[?25h[?2026l[?2026h[?25l[A[1Gpulling manifest [K
pulling aeda25e63ebd:  72% ▕████████████      ▏ 2.4 GB/3.3 GB  5.6 MB/s   2m47s[K[?25h[?2026l[?2026h[?25l[A[1Gpulling manifest [K
pulling aeda25e63ebd:  72% ▕████████████      ▏ 2.4 GB/3.3 GB  5.6 MB/s   2m47s[K[?25h[?2026l[?2026h[?25l[A[1Gpulling manifest [K
pulling aeda25e63ebd:  72% ▕████████████      ▏ 2.4 GB/3.3 GB  5.6 MB/s   2m47s[K[?25h[?2026l[?2026h[?25l[A[1Gpulling manifest [K
pulling aeda25e63ebd:  72% ▕████████████      ▏ 2.4 GB/3.3 GB  5.6 MB/s   2m47s[K[?25h[?2026l[?2026h[?25l[A[1Gpulling manifest [K
pulling aeda25e63ebd:  72% ▕████████████      ▏ 2.4 GB/3.3 GB  5.6 MB/s   2m47s[K[?25h[?2026l[?2026h[?25l[A[1Gpulling manifest [K
pulling aeda25e63ebd:  72% ▕████████████      ▏ 2.4 GB/3.3 GB  5.6 MB/s   2m46s[K[?25h[?2026l[?2026h[?25l[A[1Gpulling manifest [K
pulling aeda25e63ebd:  72% ▕████████████      ▏ 2.4 GB/3.3 GB  5.6 MB/s   2m46s[K[?25h[?2026l[?2026h[?25l[A[1Gpulling manifest [K
pulling aeda25e63ebd:  72% ▕████████████      ▏ 2.4 GB/3.3 GB  5.6 MB/s   2m46s[K[?25h[?2026l[?2026h[?25l[A[1Gpulling manifest [K
pulling aeda25e63ebd:  72% ▕████████████      ▏ 2.4 GB/3.3 GB  5.6 MB/s   2m46s[K[?25h[?2026l[?2026h[?25l[A[1Gpulling manifest [K
pulling aeda25e63ebd:  72% ▕████████████      ▏ 2.4 GB/3.3 GB  5.6 MB/s   2m46s[K[?25h[?2026l[?2026h[?25l[A[1Gpulling manifest [K
pulling aeda25e63ebd:  72% ▕████████████      ▏ 2.4 GB/3.3 GB  5.6 MB/s   2m46s[K[?25h[?2026l[?2026h[?25l[A[1Gpulling manifest [K
pulling aeda25e63ebd:  72% ▕████████████      ▏ 2.4 GB/3.3 GB  5.6 MB/s   2m47s[K[?25h[?2026l[?2026h[?25l[A[1Gpulling manifest [K
pulling aeda25e63ebd:  72% ▕████████████      ▏ 2.4 GB/3.3 GB  5.6 MB/s   2m47s[K[?25h[?2026l[?2026h[?25l[A[1Gpulling manifest [K
pulling aeda25e63ebd:  72% ▕████████████      ▏ 2.4 GB/3.3 GB  5.6 MB/s   2m47s[K[?25h[?2026l[?2026h[?25l[A[1Gpulling manifest [K
pulling aeda25e63ebd:  72% ▕████████████      ▏ 2.4 GB/3.3 GB  5.6 MB/s   2m47s[K[?25h[?2026l[?2026h[?25l[A[1Gpulling manifest [K
pulling aeda25e63ebd:  72% ▕████████████      ▏ 2.4 GB/3.3 GB  5.6 MB/s   2m47s[K[?25h[?2026l[?2026h[?25l[A[1Gpulling manifest [K
pulling aeda25e63ebd:  72% ▕████████████      ▏ 2.4 GB/3.3 GB  5.6 MB/s   2m47s[K[?25h[?2026l[?2026h[?25l[A[1Gpulling manifest [K
pulling aeda25e63ebd:  72% ▕████████████      ▏ 2.4 GB/3.3 GB  5.6 MB/s   2m47s[K[?25h[?2026l[?2026h[?25l[A[1Gpulling manifest [K
pulling aeda25e63ebd:  72% ▕████████████      ▏ 2.4 GB/3.3 GB  5.6 MB/s   2m46s[K[?25h[?2026l[?2026h[?25l[A[1Gpulling manifest [K
pulling aeda25e63ebd:  72% ▕████████████      ▏ 2.4 GB/3.3 GB  5.6 MB/s   2m46s[K[?25h[?2026l[?2026h[?25l[A[1Gpulling manifest [K
pulling aeda25e63ebd:  72% ▕████████████      ▏ 2.4 GB/3.3 GB  5.6 MB/s   2m46s[K[?25h[?2026l[?2026h[?25l[A[1Gpulling manifest [K
pulling aeda25e63ebd:  72% ▕████████████      ▏ 2.4 GB/3.3 GB  5.6 MB/s   2m47s[K[?25h[?2026l[?2026h[?25l[A[1Gpulling manifest [K
pulling aeda25e63ebd:  72% ▕████████████      ▏ 2.4 GB/3.3 GB  5.6 MB/s   2m47s[K[?25h[?2026l[?2026h[?25l[A[1Gpulling manifest [K
pulling aeda25e63ebd:  72% ▕████████████      ▏ 2.4 GB/3.3 GB  5.6 MB/s   2m47s[K[?25h[?2026l[?2026h[?25l[A[1Gpulling manifest [K
pulling aeda25e63ebd:  72% ▕████████████      ▏ 2.4 GB/3.3 GB  5.6 MB/s   2m47s[K[?25h[?2026l[?2026h[?25l[A[1Gpulling manifest [K
pulling aeda25e63ebd:  72% ▕████████████      ▏ 2.4 GB/3.3 GB  5.6 MB/s   2m46s[K[?25h[?2026l[?2026h[?25l[A[1Gpulling manifest [K
pulling aeda25e63ebd:  72% ▕████████████      ▏ 2.4 GB/3.3 GB  5.6 MB/s   2m46s[K[?25h[?2026l[?2026h[?25l[A[1Gpulling manifest [K
pulling aeda25e63ebd:  72% ▕████████████      ▏ 2.4 GB/3.3 GB  5.6 MB/s   2m46s[K[?25h[?2026l[?2026h[?25l[A[1Gpulling manifest [K
pulling aeda25e63ebd:  72% ▕████████████      ▏ 2.4 GB/3.3 GB  5.6 MB/s   2m46s[K[?25h[?2026l[?2026h[?25l[A[1Gpulling manifest [K
pulling aeda25e63ebd:  72% ▕████████████      ▏ 2.4 GB/3.3 GB  5.6 MB/s   2m46s[K[?25h[?2026l[?2026h[?25l[A[1Gpulling manifest [K
pulling aeda25e63ebd:  72% ▕████████████      ▏ 2.4 GB/3.3 GB  5.6 MB/s   2m46s[K[?25h[?2026l[?2026h[?25l[A[1Gpulling manifest [K
pulling aeda25e63ebd:  72% ▕████████████      ▏ 2.4 GB/3.3 GB  5.5 MB/s   2m49s[K[?25h[?2026l[?2026h[?25l[A[1Gpulling manifest [K
pulling aeda25e63ebd:  72% ▕████████████      ▏ 2.4 GB/3.3 GB  5.5 MB/s   2m49s[K[?25h[?2026l[?2026h[?25l[A[1Gpulling manifest [K
pulling aeda25e63ebd:  72% ▕█████████████     ▏ 2.4 GB/3.3 GB  5.5 MB/s   2m49s[K[?25h[?2026l[?2026h[?25l[A[1Gpulling manifest [K
pulling aeda25e63ebd:  72% ▕█████████████     ▏ 2.4 GB/3.3 GB  5.5 MB/s   2m49s[K[?25h[?2026l[?2026h[?25l[A[1Gpulling manifest [K
pulling aeda25e63ebd:  72% ▕█████████████     ▏ 2.4 GB/3.3 GB  5.5 MB/s   2m48s[K[?25h[?2026l[?2026h[?25l[A[1Gpulling manifest [K
pulling aeda25e63ebd:  72% ▕█████████████     ▏ 2.4 GB/3.3 GB  5.5 MB/s   2m48s[K[?25h[?2026l[?2026h[?25l[A[1Gpulling manifest [K
pulling aeda25e63ebd:  72% ▕█████████████     ▏ 2.4 GB/3.3 GB  5.5 MB/s   2m48s[K[?25h[?2026l[?2026h[?25l[A[1Gpulling manifest [K
pulling aeda25e63ebd:  72% ▕█████████████     ▏ 2.4 GB/3.3 GB  5.5 MB/s   2m48s[K[?25h[?2026l[?2026h[?25l[A[1Gpulling manifest [K
pulling aeda25e63ebd:  72% ▕█████████████     ▏ 2.4 GB/3.3 GB  5.5 MB/s   2m48s[K[?25h[?2026l[?2026h[?25l[A[1Gpulling manifest [K
pulling aeda25e63ebd:  72% ▕█████████████     ▏ 2.4 GB/3.3 GB  5.5 MB/s   2m48s[K[?25h[?2026l[?2026h[?25l[A[1Gpulling manifest [K
pulling aeda25e63ebd:  72% ▕█████████████     ▏ 2.4 GB/3.3 GB  5.5 MB/s   2m47s[K[?25h[?2026l[?2026h[?25l[A[1Gpulling manifest [K
pulling aeda25e63ebd:  72% ▕█████████████     ▏ 2.4 GB/3.3 GB  5.5 MB/s   2m47s[K[?25h[?2026l[?2026h[?25l[A[1Gpulling manifest [K
pulling aeda25e63ebd:  72% ▕█████████████     ▏ 2.4 GB/3.3 GB  5.5 MB/s   2m47s[K[?25h[?2026l[?2026h[?25l[A[1Gpulling manifest [K
pulling aeda25e63ebd:  72% ▕█████████████     ▏ 2.4 GB/3.3 GB  5.5 MB/s   2m47s[K[?25h[?2026l[?2026h[?25l[A[1Gpulling manifest [K
pulling aeda25e63ebd:  72% ▕█████████████     ▏ 2.4 GB/3.3 GB  5.5 MB/s   2m47s[K[?25h[?2026l[?2026h[?25l[A[1Gpulling manifest [K
pulling aeda25e63ebd:  72% ▕█████████████     ▏ 2.4 GB/3.3 GB  5.5 MB/s   2m47s[K[?25h[?2026l[?2026h[?25l[A[1Gpulling manifest [K
pulling aeda25e63ebd:  72% ▕█████████████     ▏ 2.4 GB/3.3 GB  5.5 MB/s   2m47s[K[?25h[?2026l[?2026h[?25l[A[1Gpulling manifest [K
pulling aeda25e63ebd:  72% ▕█████████████     ▏ 2.4 GB/3.3 GB  5.5 MB/s   2m47s[K[?25h[?2026l[?2026h[?25l[A[1Gpulling manifest [K
pulling aeda25e63ebd:  72% ▕█████████████     ▏ 2.4 GB/3.3 GB  5.5 MB/s   2m47s[K[?25h[?2026l[?2026h[?25l[A[1Gpulling manifest [K
pulling aeda25e63ebd:  73% ▕█████████████     ▏ 2.4 GB/3.3 GB  5.5 MB/s   2m46s[K[?25h[?2026l[?2026h[?25l[A[1Gpulling manifest [K
pulling aeda25e63ebd:  73% ▕█████████████     ▏ 2.4 GB/3.3 GB  5.5 MB/s   2m46s[K[?25h[?2026l[?2026h[?25l[A[1Gpulling manifest [K
pulling aeda25e63ebd:  73% ▕█████████████     ▏ 2.4 GB/3.3 GB  5.5 MB/s   2m45s[K[?25h[?2026l[?2026h[?25l[A[1Gpulling manifest [K
pulling aeda25e63ebd:  73% ▕█████████████     ▏ 2.4 GB/3.3 GB  5.5 MB/s   2m45s[K[?25h[?2026l[?2026h[?25l[A[1Gpulling manifest [K
pulling aeda25e63ebd:  73% ▕█████████████     ▏ 2.4 GB/3.3 GB  5.5 MB/s   2m45s[K[?25h[?2026l[?2026h[?25l[A[1Gpulling manifest [K
pulling aeda25e63ebd:  73% ▕█████████████     ▏ 2.4 GB/3.3 GB  5.5 MB/s   2m45s[K[?25h[?2026l[?2026h[?25l[A[1Gpulling manifest [K
pulling aeda25e63ebd:  73% ▕█████████████     ▏ 2.4 GB/3.3 GB  5.5 MB/s   2m45s[K[?25h[?2026l[?2026h[?25l[A[1Gpulling manifest [K
pulling aeda25e63ebd:  73% ▕█████████████     ▏ 2.4 GB/3.3 GB  5.5 MB/s   2m45s[K[?25h[?2026l[?2026h[?25l[A[1Gpulling manifest [K
pulling aeda25e63ebd:  73% ▕█████████████     ▏ 2.4 GB/3.3 GB  5.5 MB/s   2m45s[K[?25h[?2026l[?2026h[?25l[A[1Gpulling manifest [K
pulling aeda25e63ebd:  73% ▕█████████████     ▏ 2.4 GB/3.3 GB  5.5 MB/s   2m45s[K[?25h[?2026l[?2026h[?25l[A[1Gpulling manifest [K
pulling aeda25e63ebd:  73% ▕█████████████     ▏ 2.4 GB/3.3 GB  5.5 MB/s   2m45s[K[?25h[?2026l[?2026h[?25l[A[1Gpulling manifest [K
pulling aeda25e63ebd:  73% ▕█████████████     ▏ 2.4 GB/3.3 GB  5.5 MB/s   2m45s[K[?25h[?2026l[?2026h[?25l[A[1Gpulling manifest [K
pulling aeda25e63ebd:  73% ▕█████████████     ▏ 2.4 GB/3.3 GB  5.5 MB/s   2m46s[K[?25h[?2026l[?2026h[?25l[A[1Gpulling manifest [K
pulling aeda25e63ebd:  73% ▕█████████████     ▏ 2.4 GB/3.3 GB  5.5 MB/s   2m46s[K[?25h[?2026l[?2026h[?25l[A[1Gpulling manifest [K
pulling aeda25e63ebd:  73% ▕█████████████     ▏ 2.4 GB/3.3 GB  5.5 MB/s   2m46s[K[?25h[?2026l[?2026h[?25l[A[1Gpulling manifest [K
pulling aeda25e63ebd:  73% ▕█████████████     ▏ 2.4 GB/3.3 GB  5.5 MB/s   2m46s[K[?25h[?2026l[?2026h[?25l[A[1Gpulling manifest [K
pulling aeda25e63ebd:  73% ▕█████████████     ▏ 2.4 GB/3.3 GB  5.5 MB/s   2m45s[K[?25h[?2026l[?2026h[?25l[A[1Gpulling manifest [K
pulling aeda25e63ebd:  73% ▕█████████████     ▏ 2.4 GB/3.3 GB  5.5 MB/s   2m45s[K[?25h[?2026l[?2026h[?25l[A[1Gpulling manifest [K
pulling aeda25e63ebd:  73% ▕█████████████     ▏ 2.4 GB/3.3 GB  5.5 MB/s   2m45s[K[?25h[?2026l[?2026h[?25l[A[1Gpulling manifest [K
pulling aeda25e63ebd:  73% ▕█████████████     ▏ 2.4 GB/3.3 GB  5.5 MB/s   2m45s[K[?25h[?2026l[?2026h[?25l[A[1Gpulling manifest [K
pulling aeda25e63ebd:  73% ▕█████████████     ▏ 2.4 GB/3.3 GB  5.5 MB/s   2m45s[K[?25h[?2026l[?2026h[?25l[A[1Gpulling manifest [K
pulling aeda25e63ebd:  73% ▕█████████████     ▏ 2.4 GB/3.3 GB  5.5 MB/s   2m45s[K[?25h[?2026l[?2026h[?25l[A[1Gpulling manifest [K
pulling aeda25e63ebd:  73% ▕█████████████     ▏ 2.4 GB/3.3 GB  5.4 MB/s   2m46s[K[?25h[?2026l[?2026h[?25l[A[1Gpulling manifest [K
pulling aeda25e63ebd:  73% ▕█████████████     ▏ 2.4 GB/3.3 GB  5.4 MB/s   2m46s[K[?25h[?2026l[?2026h[?25l[A[1Gpulling manifest [K
pulling aeda25e63ebd:  73% ▕█████████████     ▏ 2.4 GB/3.3 GB  5.4 MB/s   2m46s[K[?25h[?2026l[?2026h[?25l[A[1Gpulling manifest [K
pulling aeda25e63ebd:  73% ▕█████████████     ▏ 2.4 GB/3.3 GB  5.4 MB/s   2m46s[K[?25h[?2026l[?2026h[?25l[A[1Gpulling manifest [K
pulling aeda25e63ebd:  73% ▕█████████████     ▏ 2.4 GB/3.3 GB  5.4 MB/s   2m46s[K[?25h[?2026l[?2026h[?25l[A[1Gpulling manifest [K
pulling aeda25e63ebd:  73% ▕█████████████     ▏ 2.4 GB/3.3 GB  5.4 MB/s   2m46s[K[?25h[?2026l[?2026h[?25l[A[1Gpulling manifest [K
pulling aeda25e63ebd:  73% ▕█████████████     ▏ 2.4 GB/3.3 GB  5.4 MB/s   2m46s[K[?25h[?2026l[?2026h[?25l[A[1Gpulling manifest [K
pulling aeda25e63ebd:  73% ▕█████████████     ▏ 2.4 GB/3.3 GB  5.4 MB/s   2m46s[K[?25h[?2026l[?2026h[?25l[A[1Gpulling manifest [K
pulling aeda25e63ebd:  73% ▕█████████████     ▏ 2.4 GB/3.3 GB  5.4 MB/s   2m46s[K[?25h[?2026l[?2026h[?25l[A[1Gpulling manifest [K
pulling aeda25e63ebd:  73% ▕█████████████     ▏ 2.4 GB/3.3 GB  5.4 MB/s   2m45s[K[?25h[?2026l[?2026h[?25l[A[1Gpulling manifest [K
pulling aeda25e63ebd:  73% ▕█████████████     ▏ 2.4 GB/3.3 GB  5.4 MB/s   2m46s[K[?25h[?2026l[?2026h[?25l[A[1Gpulling manifest [K
pulling aeda25e63ebd:  73% ▕█████████████     ▏ 2.4 GB/3.3 GB  5.4 MB/s   2m46s[K[?25h[?2026l[?2026h[?25l[A[1Gpulling manifest [K
pulling aeda25e63ebd:  73% ▕█████████████     ▏ 2.4 GB/3.3 GB  5.4 MB/s   2m46s[K[?25h[?2026l[?2026h[?25l[A[1Gpulling manifest [K
pulling aeda25e63ebd:  73% ▕█████████████     ▏ 2.4 GB/3.3 GB  5.4 MB/s   2m46s[K[?25h[?2026l[?2026h[?25l[A[1Gpulling manifest [K
pulling aeda25e63ebd:  73% ▕█████████████     ▏ 2.4 GB/3.3 GB  5.4 MB/s   2m45s[K[?25h[?2026l[?2026h[?25l[A[1Gpulling manifest [K
pulling aeda25e63ebd:  73% ▕█████████████     ▏ 2.4 GB/3.3 GB  5.4 MB/s   2m45s[K[?25h[?2026l[?2026h[?25l[A[1Gpulling manifest [K
pulling aeda25e63ebd:  73% ▕█████████████     ▏ 2.4 GB/3.3 GB  5.4 MB/s   2m45s[K[?25h[?2026l[?2026h[?25l[A[1Gpulling manifest [K
pulling aeda25e63ebd:  73% ▕█████████████     ▏ 2.4 GB/3.3 GB  5.4 MB/s   2m45s[K[?25h[?2026l[?2026h[?25l[A[1Gpulling manifest [K
pulling aeda25e63ebd:  73% ▕█████████████     ▏ 2.4 GB/3.3 GB  5.4 MB/s   2m45s[K[?25h[?2026l[?2026h[?25l[A[1Gpulling manifest [K
pulling aeda25e63ebd:  73% ▕█████████████     ▏ 2.4 GB/3.3 GB  5.4 MB/s   2m45s[K[?25h[?2026l[?2026h[?25l[A[1Gpulling manifest [K
pulling aeda25e63ebd:  73% ▕█████████████     ▏ 2.4 GB/3.3 GB  5.5 MB/s   2m42s[K[?25h[?2026l[?2026h[?25l[A[1Gpulling manifest [K
pulling aeda25e63ebd:  73% ▕█████████████     ▏ 2.4 GB/3.3 GB  5.5 MB/s   2m42s[K[?25h[?2026l[?2026h[?25l[A[1Gpulling manifest [K
pulling aeda25e63ebd:  73% ▕█████████████     ▏ 2.4 GB/3.3 GB  5.5 MB/s   2m42s[K[?25h[?2026l[?2026h[?25l[A[1Gpulling manifest [K
pulling aeda25e63ebd:  73% ▕█████████████     ▏ 2.4 GB/3.3 GB  5.5 MB/s   2m41s[K[?25h[?2026l[?2026h[?25l[A[1Gpulling manifest [K
pulling aeda25e63ebd:  73% ▕█████████████     ▏ 2.4 GB/3.3 GB  5.5 MB/s   2m41s[K[?25h[?2026l[?2026h[?25l[A[1Gpulling manifest [K
pulling aeda25e63ebd:  73% ▕█████████████     ▏ 2.4 GB/3.3 GB  5.5 MB/s   2m41s[K[?25h[?2026l[?2026h[?25l[A[1Gpulling manifest [K
pulling aeda25e63ebd:  73% ▕█████████████     ▏ 2.4 GB/3.3 GB  5.5 MB/s   2m41s[K[?25h[?2026l[?2026h[?25l[A[1Gpulling manifest [K
pulling aeda25e63ebd:  73% ▕█████████████     ▏ 2.4 GB/3.3 GB  5.5 MB/s   2m41s[K[?25h[?2026l[?2026h[?25l[A[1Gpulling manifest [K
pulling aeda25e63ebd:  73% ▕█████████████     ▏ 2.4 GB/3.3 GB  5.5 MB/s   2m41s[K[?25h[?2026l[?2026h[?25l[A[1Gpulling manifest [K
pulling aeda25e63ebd:  73% ▕█████████████     ▏ 2.4 GB/3.3 GB  5.5 MB/s   2m41s[K[?25h[?2026l[?2026h[?25l[A[1Gpulling manifest [K
pulling aeda25e63ebd:  73% ▕█████████████     ▏ 2.4 GB/3.3 GB  5.4 MB/s   2m44s[K[?25h[?2026l[?2026h[?25l[A[1Gpulling manifest [K
pulling aeda25e63ebd:  73% ▕█████████████     ▏ 2.4 GB/3.3 GB  5.4 MB/s   2m44s[K[?25h[?2026l[?2026h[?25l[A[1Gpulling manifest [K
pulling aeda25e63ebd:  73% ▕█████████████     ▏ 2.4 GB/3.3 GB  5.4 MB/s   2m44s[K[?25h[?2026l[?2026h[?25l[A[1Gpulling manifest [K
pulling aeda25e63ebd:  73% ▕█████████████     ▏ 2.5 GB/3.3 GB  5.4 MB/s   2m43s[K[?25h[?2026l[?2026h[?25l[A[1Gpulling manifest [K
pulling aeda25e63ebd:  73% ▕█████████████     ▏ 2.5 GB/3.3 GB  5.4 MB/s   2m43s[K[?25h[?2026l[?2026h[?25l[A[1Gpulling manifest [K
pulling aeda25e63ebd:  73% ▕█████████████     ▏ 2.5 GB/3.3 GB  5.4 MB/s   2m43s[K[?25h[?2026l[?2026h[?25l[A[1Gpulling manifest [K
pulling aeda25e63ebd:  73% ▕█████████████     ▏ 2.5 GB/3.3 GB  5.4 MB/s   2m43s[K[?25h[?2026l[?2026h[?25l[A[1Gpulling manifest [K
pulling aeda25e63ebd:  73% ▕█████████████     ▏ 2.5 GB/3.3 GB  5.4 MB/s   2m43s[K[?25h[?2026l[?2026h[?25l[A[1Gpulling manifest [K
pulling aeda25e63ebd:  73% ▕█████████████     ▏ 2.5 GB/3.3 GB  5.4 MB/s   2m43s[K[?25h[?2026l[?2026h[?25l[A[1Gpulling manifest [K
pulling aeda25e63ebd:  73% ▕█████████████     ▏ 2.5 GB/3.3 GB  5.4 MB/s   2m43s[K[?25h[?2026l[?2026h[?25l[A[1Gpulling manifest [K
pulling aeda25e63ebd:  73% ▕█████████████     ▏ 2.5 GB/3.3 GB  5.4 MB/s   2m43s[K[?25h[?2026l[?2026h[?25l[A[1Gpulling manifest [K
pulling aeda25e63ebd:  74% ▕█████████████     ▏ 2.5 GB/3.3 GB  5.4 MB/s   2m42s[K[?25h[?2026l[?2026h[?25l[A[1Gpulling manifest [K
pulling aeda25e63ebd:  74% ▕█████████████     ▏ 2.5 GB/3.3 GB  5.4 MB/s   2m42s[K[?25h[?2026l[?2026h[?25l[A[1Gpulling manifest [K
pulling aeda25e63ebd:  74% ▕█████████████     ▏ 2.5 GB/3.3 GB  5.4 MB/s   2m42s[K[?25h[?2026l[?2026h[?25l[A[1Gpulling manifest [K
pulling aeda25e63ebd:  74% ▕█████████████     ▏ 2.5 GB/3.3 GB  5.4 MB/s   2m42s[K[?25h[?2026l[?2026h[?25l[A[1Gpulling manifest [K
pulling aeda25e63ebd:  74% ▕█████████████     ▏ 2.5 GB/3.3 GB  5.4 MB/s   2m42s[K[?25h[?2026l[?2026h[?25l[A[1Gpulling manifest [K
pulling aeda25e63ebd:  74% ▕█████████████     ▏ 2.5 GB/3.3 GB  5.4 MB/s   2m41s[K[?25h[?2026l[?2026h[?25l[A[1Gpulling manifest [K
pulling aeda25e63ebd:  74% ▕█████████████     ▏ 2.5 GB/3.3 GB  5.4 MB/s   2m41s[K[?25h[?2026l[?2026h[?25l[A[1Gpulling manifest [K
pulling aeda25e63ebd:  74% ▕█████████████     ▏ 2.5 GB/3.3 GB  5.4 MB/s   2m41s[K[?25h[?2026l[?2026h[?25l[A[1Gpulling manifest [K
pulling aeda25e63ebd:  74% ▕█████████████     ▏ 2.5 GB/3.3 GB  5.4 MB/s   2m41s[K[?25h[?2026l[?2026h[?25l[A[1Gpulling manifest [K
pulling aeda25e63ebd:  74% ▕█████████████     ▏ 2.5 GB/3.3 GB  5.4 MB/s   2m41s[K[?25h[?2026l[?2026h[?25l[A[1Gpulling manifest [K
pulling aeda25e63ebd:  74% ▕█████████████     ▏ 2.5 GB/3.3 GB  5.5 MB/s   2m38s[K[?25h[?2026l[?2026h[?25l[A[1Gpulling manifest [K
pulling aeda25e63ebd:  74% ▕█████████████     ▏ 2.5 GB/3.3 GB  5.5 MB/s   2m38s[K[?25h[?2026l[?2026h[?25l[A[1Gpulling manifest [K
pulling aeda25e63ebd:  74% ▕█████████████     ▏ 2.5 GB/3.3 GB  5.5 MB/s   2m38s[K[?25h[?2026l[?2026h[?25l[A[1Gpulling manifest [K
pulling aeda25e63ebd:  74% ▕█████████████     ▏ 2.5 GB/3.3 GB  5.5 MB/s   2m38s[K[?25h[?2026l[?2026h[?25l[A[1Gpulling manifest [K
pulling aeda25e63ebd:  74% ▕█████████████     ▏ 2.5 GB/3.3 GB  5.5 MB/s   2m38s[K[?25h[?2026l[?2026h[?25l[A[1Gpulling manifest [K
pulling aeda25e63ebd:  74% ▕█████████████     ▏ 2.5 GB/3.3 GB  5.5 MB/s   2m38s[K[?25h[?2026l[?2026h[?25l[A[1Gpulling manifest [K
pulling aeda25e63ebd:  74% ▕█████████████     ▏ 2.5 GB/3.3 GB  5.5 MB/s   2m38s[K[?25h[?2026l[?2026h[?25l[A[1Gpulling manifest [K
pulling aeda25e63ebd:  74% ▕█████████████     ▏ 2.5 GB/3.3 GB  5.5 MB/s   2m38s[K[?25h[?2026l[?2026h[?25l[A[1Gpulling manifest [K
pulling aeda25e63ebd:  74% ▕█████████████     ▏ 2.5 GB/3.3 GB  5.5 MB/s   2m38s[K[?25h[?2026l[?2026h[?25l[A[1Gpulling manifest [K
pulling aeda25e63ebd:  74% ▕█████████████     ▏ 2.5 GB/3.3 GB  5.5 MB/s   2m37s[K[?25h[?2026l[?2026h[?25l[A[1Gpulling manifest [K
pulling aeda25e63ebd:  74% ▕█████████████     ▏ 2.5 GB/3.3 GB  5.5 MB/s   2m38s[K[?25h[?2026l[?2026h[?25l[A[1Gpulling manifest [K
pulling aeda25e63ebd:  74% ▕█████████████     ▏ 2.5 GB/3.3 GB  5.5 MB/s   2m38s[K[?25h[?2026l[?2026h[?25l[A[1Gpulling manifest [K
pulling aeda25e63ebd:  74% ▕█████████████     ▏ 2.5 GB/3.3 GB  5.5 MB/s   2m38s[K[?25h[?2026l[?2026h[?25l[A[1Gpulling manifest [K
pulling aeda25e63ebd:  74% ▕█████████████     ▏ 2.5 GB/3.3 GB  5.5 MB/s   2m38s[K[?25h[?2026l[?2026h[?25l[A[1Gpulling manifest [K
pulling aeda25e63ebd:  74% ▕█████████████     ▏ 2.5 GB/3.3 GB  5.5 MB/s   2m38s[K[?25h[?2026l[?2026h[?25l[A[1Gpulling manifest [K
pulling aeda25e63ebd:  74% ▕█████████████     ▏ 2.5 GB/3.3 GB  5.5 MB/s   2m38s[K[?25h[?2026l[?2026h[?25l[A[1Gpulling manifest [K
pulling aeda25e63ebd:  74% ▕█████████████     ▏ 2.5 GB/3.3 GB  5.5 MB/s   2m37s[K[?25h[?2026l[?2026h[?25l[A[1Gpulling manifest [K
pulling aeda25e63ebd:  74% ▕█████████████     ▏ 2.5 GB/3.3 GB  5.5 MB/s   2m37s[K[?25h[?2026l[?2026h[?25l[A[1Gpulling manifest [K
pulling aeda25e63ebd:  74% ▕█████████████     ▏ 2.5 GB/3.3 GB  5.5 MB/s   2m37s[K[?25h[?2026l[?2026h[?25l[A[1Gpulling manifest [K
pulling aeda25e63ebd:  74% ▕█████████████     ▏ 2.5 GB/3.3 GB  5.5 MB/s   2m37s[K[?25h[?2026l[?2026h[?25l[A[1Gpulling manifest [K
pulling aeda25e63ebd:  74% ▕█████████████     ▏ 2.5 GB/3.3 GB  5.5 MB/s   2m37s[K[?25h[?2026l[?2026h[?25l[A[1Gpulling manifest [K
pulling aeda25e63ebd:  74% ▕█████████████     ▏ 2.5 GB/3.3 GB  5.5 MB/s   2m37s[K[?25h[?2026l[?2026h[?25l[A[1Gpulling manifest [K
pulling aeda25e63ebd:  74% ▕█████████████     ▏ 2.5 GB/3.3 GB  5.5 MB/s   2m37s[K[?25h[?2026l[?2026h[?25l[A[1Gpulling manifest [K
pulling aeda25e63ebd:  74% ▕█████████████     ▏ 2.5 GB/3.3 GB  5.5 MB/s   2m36s[K[?25h[?2026l[?2026h[?25l[A[1Gpulling manifest [K
pulling aeda25e63ebd:  74% ▕█████████████     ▏ 2.5 GB/3.3 GB  5.5 MB/s   2m36s[K[?25h[?2026l[?2026h[?25l[A[1Gpulling manifest [K
pulling aeda25e63ebd:  74% ▕█████████████     ▏ 2.5 GB/3.3 GB  5.5 MB/s   2m36s[K[?25h[?2026l[?2026h[?25l[A[1Gpulling manifest [K
pulling aeda25e63ebd:  74% ▕█████████████     ▏ 2.5 GB/3.3 GB  5.5 MB/s   2m36s[K[?25h[?2026l[?2026h[?25l[A[1Gpulling manifest [K
pulling aeda25e63ebd:  74% ▕█████████████     ▏ 2.5 GB/3.3 GB  5.5 MB/s   2m36s[K[?25h[?2026l[?2026h[?25l[A[1Gpulling manifest [K
pulling aeda25e63ebd:  74% ▕█████████████     ▏ 2.5 GB/3.3 GB  5.5 MB/s   2m36s[K[?25h[?2026l[?2026h[?25l[A[1Gpulling manifest [K
pulling aeda25e63ebd:  74% ▕█████████████     ▏ 2.5 GB/3.3 GB  5.5 MB/s   2m36s[K[?25h[?2026l[?2026h[?25l[A[1Gpulling manifest [K
pulling aeda25e63ebd:  74% ▕█████████████     ▏ 2.5 GB/3.3 GB  5.6 MB/s   2m35s[K[?25h[?2026l[?2026h[?25l[A[1Gpulling manifest [K
pulling aeda25e63ebd:  74% ▕█████████████     ▏ 2.5 GB/3.3 GB  5.6 MB/s   2m35s[K[?25h[?2026l[?2026h[?25l[A[1Gpulling manifest [K
pulling aeda25e63ebd:  74% ▕█████████████     ▏ 2.5 GB/3.3 GB  5.6 MB/s   2m35s[K[?25h[?2026l[?2026h[?25l[A[1Gpulling manifest [K
pulling aeda25e63ebd:  74% ▕█████████████     ▏ 2.5 GB/3.3 GB  5.6 MB/s   2m34s[K[?25h[?2026l[?2026h[?25l[A[1Gpulling manifest [K
pulling aeda25e63ebd:  74% ▕█████████████     ▏ 2.5 GB/3.3 GB  5.6 MB/s   2m34s[K[?25h[?2026l[?2026h[?25l[A[1Gpulling manifest [K
pulling aeda25e63ebd:  74% ▕█████████████     ▏ 2.5 GB/3.3 GB  5.6 MB/s   2m34s[K[?25h[?2026l[?2026h[?25l[A[1Gpulling manifest [K
pulling aeda25e63ebd:  74% ▕█████████████     ▏ 2.5 GB/3.3 GB  5.6 MB/s   2m34s[K[?25h[?2026l[?2026h[?25l[A[1Gpulling manifest [K
pulling aeda25e63ebd:  74% ▕█████████████     ▏ 2.5 GB/3.3 GB  5.6 MB/s   2m34s[K[?25h[?2026l[?2026h[?25l[A[1Gpulling manifest [K
pulling aeda25e63ebd:  74% ▕█████████████     ▏ 2.5 GB/3.3 GB  5.6 MB/s   2m34s[K[?25h[?2026l[?2026h[?25l[A[1Gpulling manifest [K
pulling aeda25e63ebd:  74% ▕█████████████     ▏ 2.5 GB/3.3 GB  5.6 MB/s   2m34s[K[?25h[?2026l[?2026h[?25l[A[1Gpulling manifest [K
pulling aeda25e63ebd:  74% ▕█████████████     ▏ 2.5 GB/3.3 GB  5.6 MB/s   2m34s[K[?25h[?2026l[?2026h[?25l[A[1Gpulling manifest [K
pulling aeda25e63ebd:  74% ▕█████████████     ▏ 2.5 GB/3.3 GB  5.6 MB/s   2m33s[K[?25h[?2026l[?2026h[?25l[A[1Gpulling manifest [K
pulling aeda25e63ebd:  74% ▕█████████████     ▏ 2.5 GB/3.3 GB  5.6 MB/s   2m33s[K[?25h[?2026l[?2026h[?25l[A[1Gpulling manifest [K
pulling aeda25e63ebd:  74% ▕█████████████     ▏ 2.5 GB/3.3 GB  5.6 MB/s   2m33s[K[?25h[?2026l[?2026h[?25l[A[1Gpulling manifest [K
pulling aeda25e63ebd:  74% ▕█████████████     ▏ 2.5 GB/3.3 GB  5.6 MB/s   2m33s[K[?25h[?2026l[?2026h[?25l[A[1Gpulling manifest [K
pulling aeda25e63ebd:  74% ▕█████████████     ▏ 2.5 GB/3.3 GB  5.6 MB/s   2m33s[K[?25h[?2026l[?2026h[?25l[A[1Gpulling manifest [K
pulling aeda25e63ebd:  74% ▕█████████████     ▏ 2.5 GB/3.3 GB  5.6 MB/s   2m33s[K[?25h[?2026l[?2026h[?25l[A[1Gpulling manifest [K
pulling aeda25e63ebd:  74% ▕█████████████     ▏ 2.5 GB/3.3 GB  5.6 MB/s   2m32s[K[?25h[?2026l[?2026h[?25l[A[1Gpulling manifest [K
pulling aeda25e63ebd:  74% ▕█████████████     ▏ 2.5 GB/3.3 GB  5.6 MB/s   2m32s[K[?25h[?2026l[?2026h[?25l[A[1Gpulling manifest [K
pulling aeda25e63ebd:  74% ▕█████████████     ▏ 2.5 GB/3.3 GB  5.6 MB/s   2m32s[K[?25h[?2026l[?2026h[?25l[A[1Gpulling manifest [K
pulling aeda25e63ebd:  75% ▕█████████████     ▏ 2.5 GB/3.3 GB  5.6 MB/s   2m32s[K[?25h[?2026l[?2026h[?25l[A[1Gpulling manifest [K
pulling aeda25e63ebd:  75% ▕█████████████     ▏ 2.5 GB/3.3 GB  5.6 MB/s   2m33s[K[?25h[?2026l[?2026h[?25l[A[1Gpulling manifest [K
pulling aeda25e63ebd:  75% ▕█████████████     ▏ 2.5 GB/3.3 GB  5.6 MB/s   2m33s[K[?25h[?2026l[?2026h[?25l[A[1Gpulling manifest [K
pulling aeda25e63ebd:  75% ▕█████████████     ▏ 2.5 GB/3.3 GB  5.6 MB/s   2m32s[K[?25h[?2026l[?2026h[?25l[A[1Gpulling manifest [K
pulling aeda25e63ebd:  75% ▕█████████████     ▏ 2.5 GB/3.3 GB  5.6 MB/s   2m32s[K[?25h[?2026l[?2026h[?25l[A[1Gpulling manifest [K
pulling aeda25e63ebd:  75% ▕█████████████     ▏ 2.5 GB/3.3 GB  5.6 MB/s   2m32s[K[?25h[?2026l[?2026h[?25l[A[1Gpulling manifest [K
pulling aeda25e63ebd:  75% ▕█████████████     ▏ 2.5 GB/3.3 GB  5.6 MB/s   2m32s[K[?25h[?2026l[?2026h[?25l[A[1Gpulling manifest [K
pulling aeda25e63ebd:  75% ▕█████████████     ▏ 2.5 GB/3.3 GB  5.6 MB/s   2m32s[K[?25h[?2026l[?2026h[?25l[A[1Gpulling manifest [K
pulling aeda25e63ebd:  75% ▕█████████████     ▏ 2.5 GB/3.3 GB  5.6 MB/s   2m32s[K[?25h[?2026l[?2026h[?25l[A[1Gpulling manifest [K
pulling aeda25e63ebd:  75% ▕█████████████     ▏ 2.5 GB/3.3 GB  5.6 MB/s   2m32s[K[?25h[?2026l[?2026h[?25l[A[1Gpulling manifest [K
pulling aeda25e63ebd:  75% ▕█████████████     ▏ 2.5 GB/3.3 GB  5.6 MB/s   2m32s[K[?25h[?2026l[?2026h[?25l[A[1Gpulling manifest [K
pulling aeda25e63ebd:  75% ▕█████████████     ▏ 2.5 GB/3.3 GB  5.5 MB/s   2m32s[K[?25h[?2026l[?2026h[?25l[A[1Gpulling manifest [K
pulling aeda25e63ebd:  75% ▕█████████████     ▏ 2.5 GB/3.3 GB  5.5 MB/s   2m32s[K[?25h[?2026l[?2026h[?25l[A[1Gpulling manifest [K
pulling aeda25e63ebd:  75% ▕█████████████     ▏ 2.5 GB/3.3 GB  5.5 MB/s   2m32s[K[?25h[?2026l[?2026h[?25l[A[1Gpulling manifest [K
pulling aeda25e63ebd:  75% ▕█████████████     ▏ 2.5 GB/3.3 GB  5.5 MB/s   2m32s[K[?25h[?2026l[?2026h[?25l[A[1Gpulling manifest [K
pulling aeda25e63ebd:  75% ▕█████████████     ▏ 2.5 GB/3.3 GB  5.5 MB/s   2m32s[K[?25h[?2026l[?2026h[?25l[A[1Gpulling manifest [K
pulling aeda25e63ebd:  75% ▕█████████████     ▏ 2.5 GB/3.3 GB  5.5 MB/s   2m32s[K[?25h[?2026l[?2026h[?25l[A[1Gpulling manifest [K
pulling aeda25e63ebd:  75% ▕█████████████     ▏ 2.5 GB/3.3 GB  5.5 MB/s   2m32s[K[?25h[?2026l[?2026h[?25l[A[1Gpulling manifest [K
pulling aeda25e63ebd:  75% ▕█████████████     ▏ 2.5 GB/3.3 GB  5.5 MB/s   2m32s[K[?25h[?2026l[?2026h[?25l[A[1Gpulling manifest [K
pulling aeda25e63ebd:  75% ▕█████████████     ▏ 2.5 GB/3.3 GB  5.5 MB/s   2m32s[K[?25h[?2026l[?2026h[?25l[A[1Gpulling manifest [K
pulling aeda25e63ebd:  75% ▕█████████████     ▏ 2.5 GB/3.3 GB  5.5 MB/s   2m31s[K[?25h[?2026l[?2026h[?25l[A[1Gpulling manifest [K
pulling aeda25e63ebd:  75% ▕█████████████     ▏ 2.5 GB/3.3 GB  5.6 MB/s   2m28s[K[?25h[?2026l[?2026h[?25l[A[1Gpulling manifest [K
pulling aeda25e63ebd:  75% ▕█████████████     ▏ 2.5 GB/3.3 GB  5.6 MB/s   2m28s[K[?25h[?2026l[?2026h[?25l[A[1Gpulling manifest [K
pulling aeda25e63ebd:  75% ▕█████████████     ▏ 2.5 GB/3.3 GB  5.6 MB/s   2m28s[K[?25h[?2026l[?2026h[?25l[A[1Gpulling manifest [K
pulling aeda25e63ebd:  75% ▕█████████████     ▏ 2.5 GB/3.3 GB  5.6 MB/s   2m28s[K[?25h[?2026l[?2026h[?25l[A[1Gpulling manifest [K
pulling aeda25e63ebd:  75% ▕█████████████     ▏ 2.5 GB/3.3 GB  5.6 MB/s   2m28s[K[?25h[?2026l[?2026h[?25l[A[1Gpulling manifest [K
pulling aeda25e63ebd:  75% ▕█████████████     ▏ 2.5 GB/3.3 GB  5.6 MB/s   2m28s[K[?25h[?2026l[?2026h[?25l[A[1Gpulling manifest [K
pulling aeda25e63ebd:  75% ▕█████████████     ▏ 2.5 GB/3.3 GB  5.6 MB/s   2m28s[K[?25h[?2026l[?2026h[?25l[A[1Gpulling manifest [K
pulling aeda25e63ebd:  75% ▕█████████████     ▏ 2.5 GB/3.3 GB  5.6 MB/s   2m28s[K[?25h[?2026l[?2026h[?25l[A[1Gpulling manifest [K
pulling aeda25e63ebd:  75% ▕█████████████     ▏ 2.5 GB/3.3 GB  5.6 MB/s   2m28s[K[?25h[?2026l[?2026h[?25l[A[1Gpulling manifest [K
pulling aeda25e63ebd:  75% ▕█████████████     ▏ 2.5 GB/3.3 GB  5.6 MB/s   2m28s[K[?25h[?2026l[?2026h[?25l[A[1Gpulling manifest [K
pulling aeda25e63ebd:  75% ▕█████████████     ▏ 2.5 GB/3.3 GB  5.6 MB/s   2m27s[K[?25h[?2026l[?2026h[?25l[A[1Gpulling manifest [K
pulling aeda25e63ebd:  75% ▕█████████████     ▏ 2.5 GB/3.3 GB  5.6 MB/s   2m27s[K[?25h[?2026l[?2026h[?25l[A[1Gpulling manifest [K
pulling aeda25e63ebd:  75% ▕█████████████     ▏ 2.5 GB/3.3 GB  5.6 MB/s   2m27s[K[?25h[?2026l[?2026h[?25l[A[1Gpulling manifest [K
pulling aeda25e63ebd:  75% ▕█████████████     ▏ 2.5 GB/3.3 GB  5.6 MB/s   2m27s[K[?25h[?2026l[?2026h[?25l[A[1Gpulling manifest [K
pulling aeda25e63ebd:  75% ▕█████████████     ▏ 2.5 GB/3.3 GB  5.6 MB/s   2m27s[K[?25h[?2026l[?2026h[?25l[A[1Gpulling manifest [K
pulling aeda25e63ebd:  75% ▕█████████████     ▏ 2.5 GB/3.3 GB  5.6 MB/s   2m27s[K[?25h[?2026l[?2026h[?25l[A[1Gpulling manifest [K
pulling aeda25e63ebd:  75% ▕█████████████     ▏ 2.5 GB/3.3 GB  5.6 MB/s   2m27s[K[?25h[?2026l[?2026h[?25l[A[1Gpulling manifest [K
pulling aeda25e63ebd:  75% ▕█████████████     ▏ 2.5 GB/3.3 GB  5.6 MB/s   2m27s[K[?25h[?2026l[?2026h[?25l[A[1Gpulling manifest [K
pulling aeda25e63ebd:  75% ▕█████████████     ▏ 2.5 GB/3.3 GB  5.6 MB/s   2m27s[K[?25h[?2026l[?2026h[?25l[A[1Gpulling manifest [K
pulling aeda25e63ebd:  75% ▕█████████████     ▏ 2.5 GB/3.3 GB  5.6 MB/s   2m27s[K[?25h[?2026l[?2026h[?25l[A[1Gpulling manifest [K
pulling aeda25e63ebd:  75% ▕█████████████     ▏ 2.5 GB/3.3 GB  5.6 MB/s   2m27s[K[?25h[?2026l[?2026h[?25l[A[1Gpulling manifest [K
pulling aeda25e63ebd:  75% ▕█████████████     ▏ 2.5 GB/3.3 GB  5.6 MB/s   2m28s[K[?25h[?2026l[?2026h[?25l[A[1Gpulling manifest [K
pulling aeda25e63ebd:  75% ▕█████████████     ▏ 2.5 GB/3.3 GB  5.6 MB/s   2m28s[K[?25h[?2026l[?2026h[?25l[A[1Gpulling manifest [K
pulling aeda25e63ebd:  75% ▕█████████████     ▏ 2.5 GB/3.3 GB  5.6 MB/s   2m28s[K[?25h[?2026l[?2026h[?25l[A[1Gpulling manifest [K
pulling aeda25e63ebd:  75% ▕█████████████     ▏ 2.5 GB/3.3 GB  5.6 MB/s   2m28s[K[?25h[?2026l[?2026h[?25l[A[1Gpulling manifest [K
pulling aeda25e63ebd:  75% ▕█████████████     ▏ 2.5 GB/3.3 GB  5.6 MB/s   2m28s[K[?25h[?2026l[?2026h[?25l[A[1Gpulling manifest [K
pulling aeda25e63ebd:  75% ▕█████████████     ▏ 2.5 GB/3.3 GB  5.6 MB/s   2m28s[K[?25h[?2026l[?2026h[?25l[A[1Gpulling manifest [K
pulling aeda25e63ebd:  75% ▕█████████████     ▏ 2.5 GB/3.3 GB  5.6 MB/s   2m28s[K[?25h[?2026l[?2026h[?25l[A[1Gpulling manifest [K
pulling aeda25e63ebd:  75% ▕█████████████     ▏ 2.5 GB/3.3 GB  5.6 MB/s   2m28s[K[?25h[?2026l[?2026h[?25l[A[1Gpulling manifest [K
pulling aeda25e63ebd:  75% ▕█████████████     ▏ 2.5 GB/3.3 GB  5.6 MB/s   2m28s[K[?25h[?2026l[?2026h[?25l[A[1Gpulling manifest [K
pulling aeda25e63ebd:  75% ▕█████████████     ▏ 2.5 GB/3.3 GB  5.6 MB/s   2m27s[K[?25h[?2026l[?2026h[?25l[A[1Gpulling manifest [K
pulling aeda25e63ebd:  75% ▕█████████████     ▏ 2.5 GB/3.3 GB  5.6 MB/s   2m26s[K[?25h[?2026l[?2026h[?25l[A[1Gpulling manifest [K
pulling aeda25e63ebd:  75% ▕█████████████     ▏ 2.5 GB/3.3 GB  5.6 MB/s   2m26s[K[?25h[?2026l[?2026h[?25l[A[1Gpulling manifest [K
pulling aeda25e63ebd:  75% ▕█████████████     ▏ 2.5 GB/3.3 GB  5.6 MB/s   2m26s[K[?25h[?2026l[?2026h[?25l[A[1Gpulling manifest [K
pulling aeda25e63ebd:  75% ▕█████████████     ▏ 2.5 GB/3.3 GB  5.6 MB/s   2m26s[K[?25h[?2026l[?2026h[?25l[A[1Gpulling manifest [K
pulling aeda25e63ebd:  75% ▕█████████████     ▏ 2.5 GB/3.3 GB  5.6 MB/s   2m26s[K[?25h[?2026l[?2026h[?25l[A[1Gpulling manifest [K
pulling aeda25e63ebd:  75% ▕█████████████     ▏ 2.5 GB/3.3 GB  5.6 MB/s   2m26s[K[?25h[?2026l[?2026h[?25l[A[1Gpulling manifest [K
pulling aeda25e63ebd:  75% ▕█████████████     ▏ 2.5 GB/3.3 GB  5.6 MB/s   2m26s[K[?25h[?2026l[?2026h[?25l[A[1Gpulling manifest [K
pulling aeda25e63ebd:  75% ▕█████████████     ▏ 2.5 GB/3.3 GB  5.6 MB/s   2m26s[K[?25h[?2026l[?2026h[?25l[A[1Gpulling manifest [K
pulling aeda25e63ebd:  75% ▕█████████████     ▏ 2.5 GB/3.3 GB  5.6 MB/s   2m26s[K[?25h[?2026l[?2026h[?25l[A[1Gpulling manifest [K
pulling aeda25e63ebd:  75% ▕█████████████     ▏ 2.5 GB/3.3 GB  5.6 MB/s   2m25s[K[?25h[?2026l[?2026h[?25l[A[1Gpulling manifest [K
pulling aeda25e63ebd:  75% ▕█████████████     ▏ 2.5 GB/3.3 GB  5.5 MB/s   2m28s[K[?25h[?2026l[?2026h[?25l[A[1Gpulling manifest [K
pulling aeda25e63ebd:  76% ▕█████████████     ▏ 2.5 GB/3.3 GB  5.5 MB/s   2m27s[K[?25h[?2026l[?2026h[?25l[A[1Gpulling manifest [K
pulling aeda25e63ebd:  76% ▕█████████████     ▏ 2.5 GB/3.3 GB  5.5 MB/s   2m27s[K[?25h[?2026l[?2026h[?25l[A[1Gpulling manifest [K
pulling aeda25e63ebd:  76% ▕█████████████     ▏ 2.5 GB/3.3 GB  5.5 MB/s   2m27s[K[?25h[?2026l[?2026h[?25l[A[1Gpulling manifest [K
pulling aeda25e63ebd:  76% ▕█████████████     ▏ 2.5 GB/3.3 GB  5.5 MB/s   2m27s[K[?25h[?2026l[?2026h[?25l[A[1Gpulling manifest [K
pulling aeda25e63ebd:  76% ▕█████████████     ▏ 2.5 GB/3.3 GB  5.5 MB/s   2m27s[K[?25h[?2026l[?2026h[?25l[A[1Gpulling manifest [K
pulling aeda25e63ebd:  76% ▕█████████████     ▏ 2.5 GB/3.3 GB  5.5 MB/s   2m27s[K[?25h[?2026l[?2026h[?25l[A[1Gpulling manifest [K
pulling aeda25e63ebd:  76% ▕█████████████     ▏ 2.5 GB/3.3 GB  5.5 MB/s   2m27s[K[?25h[?2026l[?2026h[?25l[A[1Gpulling manifest [K
pulling aeda25e63ebd:  76% ▕█████████████     ▏ 2.5 GB/3.3 GB  5.5 MB/s   2m27s[K[?25h[?2026l[?2026h[?25l[A[1Gpulling manifest [K
pulling aeda25e63ebd:  76% ▕█████████████     ▏ 2.5 GB/3.3 GB  5.5 MB/s   2m27s[K[?25h[?2026l[?2026h[?25l[A[1Gpulling manifest [K
pulling aeda25e63ebd:  76% ▕█████████████     ▏ 2.5 GB/3.3 GB  5.4 MB/s   2m29s[K[?25h[?2026l[?2026h[?25l[A[1Gpulling manifest [K
pulling aeda25e63ebd:  76% ▕█████████████     ▏ 2.5 GB/3.3 GB  5.4 MB/s   2m29s[K[?25h[?2026l[?2026h[?25l[A[1Gpulling manifest [K
pulling aeda25e63ebd:  76% ▕█████████████     ▏ 2.5 GB/3.3 GB  5.4 MB/s   2m29s[K[?25h[?2026l[?2026h[?25l[A[1Gpulling manifest [K
pulling aeda25e63ebd:  76% ▕█████████████     ▏ 2.5 GB/3.3 GB  5.4 MB/s   2m28s[K[?25h[?2026l[?2026h[?25l[A[1Gpulling manifest [K
pulling aeda25e63ebd:  76% ▕█████████████     ▏ 2.5 GB/3.3 GB  5.4 MB/s   2m28s[K[?25h[?2026l[?2026h[?25l[A[1Gpulling manifest [K
pulling aeda25e63ebd:  76% ▕█████████████     ▏ 2.5 GB/3.3 GB  5.4 MB/s   2m28s[K[?25h[?2026l[?2026h[?25l[A[1Gpulling manifest [K
pulling aeda25e63ebd:  76% ▕█████████████     ▏ 2.5 GB/3.3 GB  5.4 MB/s   2m28s[K[?25h[?2026l[?2026h[?25l[A[1Gpulling manifest [K
pulling aeda25e63ebd:  76% ▕█████████████     ▏ 2.5 GB/3.3 GB  5.4 MB/s   2m28s[K[?25h[?2026l[?2026h[?25l[A[1Gpulling manifest [K
pulling aeda25e63ebd:  76% ▕█████████████     ▏ 2.5 GB/3.3 GB  5.4 MB/s   2m28s[K[?25h[?2026l[?2026h[?25l[A[1Gpulling manifest [K
pulling aeda25e63ebd:  76% ▕█████████████     ▏ 2.5 GB/3.3 GB  5.4 MB/s   2m28s[K[?25h[?2026l[?2026h[?25l[A[1Gpulling manifest [K
pulling aeda25e63ebd:  76% ▕█████████████     ▏ 2.5 GB/3.3 GB  5.4 MB/s   2m29s[K[?25h[?2026l[?2026h[?25l[A[1Gpulling manifest [K
pulling aeda25e63ebd:  76% ▕█████████████     ▏ 2.5 GB/3.3 GB  5.4 MB/s   2m29s[K[?25h[?2026l[?2026h[?25l[A[1Gpulling manifest [K
pulling aeda25e63ebd:  76% ▕█████████████     ▏ 2.5 GB/3.3 GB  5.4 MB/s   2m29s[K[?25h[?2026l[?2026h[?25l[A[1Gpulling manifest [K
pulling aeda25e63ebd:  76% ▕█████████████     ▏ 2.5 GB/3.3 GB  5.4 MB/s   2m29s[K[?25h[?2026l[?2026h[?25l[A[1Gpulling manifest [K
pulling aeda25e63ebd:  76% ▕█████████████     ▏ 2.5 GB/3.3 GB  5.4 MB/s   2m29s[K[?25h[?2026l[?2026h[?25l[A[1Gpulling manifest [K
pulling aeda25e63ebd:  76% ▕█████████████     ▏ 2.5 GB/3.3 GB  5.4 MB/s   2m29s[K[?25h[?2026l[?2026h[?25l[A[1Gpulling manifest [K
pulling aeda25e63ebd:  76% ▕█████████████     ▏ 2.5 GB/3.3 GB  5.4 MB/s   2m28s[K[?25h[?2026l[?2026h[?25l[A[1Gpulling manifest [K
pulling aeda25e63ebd:  76% ▕█████████████     ▏ 2.5 GB/3.3 GB  5.4 MB/s   2m28s[K[?25h[?2026l[?2026h[?25l[A[1Gpulling manifest [K
pulling aeda25e63ebd:  76% ▕█████████████     ▏ 2.5 GB/3.3 GB  5.4 MB/s   2m28s[K[?25h[?2026l[?2026h[?25l[A[1Gpulling manifest [K
pulling aeda25e63ebd:  76% ▕█████████████     ▏ 2.5 GB/3.3 GB  5.4 MB/s   2m28s[K[?25h[?2026l[?2026h[?25l[A[1Gpulling manifest [K
pulling aeda25e63ebd:  76% ▕█████████████     ▏ 2.5 GB/3.3 GB  5.4 MB/s   2m28s[K[?25h[?2026l[?2026h[?25l[A[1Gpulling manifest [K
pulling aeda25e63ebd:  76% ▕█████████████     ▏ 2.5 GB/3.3 GB  5.4 MB/s   2m28s[K[?25h[?2026l[?2026h[?25l[A[1Gpulling manifest [K
pulling aeda25e63ebd:  76% ▕█████████████     ▏ 2.5 GB/3.3 GB  5.4 MB/s   2m27s[K[?25h[?2026l[?2026h[?25l[A[1Gpulling manifest [K
pulling aeda25e63ebd:  76% ▕█████████████     ▏ 2.5 GB/3.3 GB  5.4 MB/s   2m27s[K[?25h[?2026l[?2026h[?25l[A[1Gpulling manifest [K
pulling aeda25e63ebd:  76% ▕█████████████     ▏ 2.5 GB/3.3 GB  5.4 MB/s   2m27s[K[?25h[?2026l[?2026h[?25l[A[1Gpulling manifest [K
pulling aeda25e63ebd:  76% ▕█████████████     ▏ 2.5 GB/3.3 GB  5.4 MB/s   2m27s[K[?25h[?2026l[?2026h[?25l[A[1Gpulling manifest [K
pulling aeda25e63ebd:  76% ▕█████████████     ▏ 2.5 GB/3.3 GB  5.4 MB/s   2m27s[K[?25h[?2026l[?2026h[?25l[A[1Gpulling manifest [K
pulling aeda25e63ebd:  76% ▕█████████████     ▏ 2.5 GB/3.3 GB  5.4 MB/s   2m27s[K[?25h[?2026l[?2026h[?25l[A[1Gpulling manifest [K
pulling aeda25e63ebd:  76% ▕█████████████     ▏ 2.5 GB/3.3 GB  5.4 MB/s   2m27s[K[?25h[?2026l[?2026h[?25l[A[1Gpulling manifest [K
pulling aeda25e63ebd:  76% ▕█████████████     ▏ 2.5 GB/3.3 GB  5.4 MB/s   2m27s[K[?25h[?2026l[?2026h[?25l[A[1Gpulling manifest [K
pulling aeda25e63ebd:  76% ▕█████████████     ▏ 2.5 GB/3.3 GB  5.4 MB/s   2m27s[K[?25h[?2026l[?2026h[?25l[A[1Gpulling manifest [K
pulling aeda25e63ebd:  76% ▕█████████████     ▏ 2.5 GB/3.3 GB  5.4 MB/s   2m27s[K[?25h[?2026l[?2026h[?25l[A[1Gpulling manifest [K
pulling aeda25e63ebd:  76% ▕█████████████     ▏ 2.5 GB/3.3 GB  5.4 MB/s   2m27s[K[?25h[?2026l[?2026h[?25l[A[1Gpulling manifest [K
pulling aeda25e63ebd:  76% ▕█████████████     ▏ 2.5 GB/3.3 GB  5.4 MB/s   2m27s[K[?25h[?2026l[?2026h[?25l[A[1Gpulling manifest [K
pulling aeda25e63ebd:  76% ▕█████████████     ▏ 2.5 GB/3.3 GB  5.4 MB/s   2m27s[K[?25h[?2026l[?2026h[?25l[A[1Gpulling manifest [K
pulling aeda25e63ebd:  76% ▕█████████████     ▏ 2.5 GB/3.3 GB  5.4 MB/s   2m27s[K[?25h[?2026l[?2026h[?25l[A[1Gpulling manifest [K
pulling aeda25e63ebd:  76% ▕█████████████     ▏ 2.5 GB/3.3 GB  5.4 MB/s   2m27s[K[?25h[?2026l[?2026h[?25l[A[1Gpulling manifest [K
pulling aeda25e63ebd:  76% ▕█████████████     ▏ 2.5 GB/3.3 GB  5.4 MB/s   2m27s[K[?25h[?2026l[?2026h[?25l[A[1Gpulling manifest [K
pulling aeda25e63ebd:  76% ▕█████████████     ▏ 2.5 GB/3.3 GB  5.4 MB/s   2m27s[K[?25h[?2026l[?2026h[?25l[A[1Gpulling manifest [K
pulling aeda25e63ebd:  76% ▕█████████████     ▏ 2.5 GB/3.3 GB  5.4 MB/s   2m27s[K[?25h[?2026l[?2026h[?25l[A[1Gpulling manifest [K
pulling aeda25e63ebd:  76% ▕█████████████     ▏ 2.5 GB/3.3 GB  5.4 MB/s   2m27s[K[?25h[?2026l[?2026h[?25l[A[1Gpulling manifest [K
pulling aeda25e63ebd:  76% ▕█████████████     ▏ 2.5 GB/3.3 GB  5.4 MB/s   2m27s[K[?25h[?2026l[?2026h[?25l[A[1Gpulling manifest [K
pulling aeda25e63ebd:  76% ▕█████████████     ▏ 2.5 GB/3.3 GB  5.4 MB/s   2m27s[K[?25h[?2026l[?2026h[?25l[A[1Gpulling manifest [K
pulling aeda25e63ebd:  76% ▕█████████████     ▏ 2.5 GB/3.3 GB  5.4 MB/s   2m27s[K[?25h[?2026l[?2026h[?25l[A[1Gpulling manifest [K
pulling aeda25e63ebd:  76% ▕█████████████     ▏ 2.5 GB/3.3 GB  5.4 MB/s   2m27s[K[?25h[?2026l[?2026h[?25l[A[1Gpulling manifest [K
pulling aeda25e63ebd:  76% ▕█████████████     ▏ 2.5 GB/3.3 GB  5.4 MB/s   2m27s[K[?25h[?2026l[?2026h[?25l[A[1Gpulling manifest [K
pulling aeda25e63ebd:  76% ▕█████████████     ▏ 2.6 GB/3.3 GB  5.4 MB/s   2m27s[K[?25h[?2026l[?2026h[?25l[A[1Gpulling manifest [K
pulling aeda25e63ebd:  76% ▕█████████████     ▏ 2.6 GB/3.3 GB  5.4 MB/s   2m27s[K[?25h[?2026l[?2026h[?25l[A[1Gpulling manifest [K
pulling aeda25e63ebd:  76% ▕█████████████     ▏ 2.6 GB/3.3 GB  5.4 MB/s   2m26s[K[?25h[?2026l[?2026h[?25l[A[1Gpulling manifest [K
pulling aeda25e63ebd:  76% ▕█████████████     ▏ 2.6 GB/3.3 GB  5.4 MB/s   2m26s[K[?25h[?2026l[?2026h[?25l[A[1Gpulling manifest [K
pulling aeda25e63ebd:  76% ▕█████████████     ▏ 2.6 GB/3.3 GB  5.4 MB/s   2m26s[K[?25h[?2026l[?2026h[?25l[A[1Gpulling manifest [K
pulling aeda25e63ebd:  76% ▕█████████████     ▏ 2.6 GB/3.3 GB  5.3 MB/s   2m27s[K[?25h[?2026l[?2026h[?25l[A[1Gpulling manifest [K
pulling aeda25e63ebd:  76% ▕█████████████     ▏ 2.6 GB/3.3 GB  5.3 MB/s   2m27s[K[?25h[?2026l[?2026h[?25l[A[1Gpulling manifest [K
pulling aeda25e63ebd:  76% ▕█████████████     ▏ 2.6 GB/3.3 GB  5.3 MB/s   2m27s[K[?25h[?2026l[?2026h[?25l[A[1Gpulling manifest [K
pulling aeda25e63ebd:  77% ▕█████████████     ▏ 2.6 GB/3.3 GB  5.3 MB/s   2m27s[K[?25h[?2026l[?2026h[?25l[A[1Gpulling manifest [K
pulling aeda25e63ebd:  77% ▕█████████████     ▏ 2.6 GB/3.3 GB  5.3 MB/s   2m27s[K[?25h[?2026l[?2026h[?25l[A[1Gpulling manifest [K
pulling aeda25e63ebd:  77% ▕█████████████     ▏ 2.6 GB/3.3 GB  5.3 MB/s   2m27s[K[?25h[?2026l[?2026h[?25l[A[1Gpulling manifest [K
pulling aeda25e63ebd:  77% ▕█████████████     ▏ 2.6 GB/3.3 GB  5.3 MB/s   2m27s[K[?25h[?2026l[?2026h[?25l[A[1Gpulling manifest [K
pulling aeda25e63ebd:  77% ▕█████████████     ▏ 2.6 GB/3.3 GB  5.3 MB/s   2m27s[K[?25h[?2026l[?2026h[?25l[A[1Gpulling manifest [K
pulling aeda25e63ebd:  77% ▕█████████████     ▏ 2.6 GB/3.3 GB  5.3 MB/s   2m27s[K[?25h[?2026l[?2026h[?25l[A[1Gpulling manifest [K
pulling aeda25e63ebd:  77% ▕█████████████     ▏ 2.6 GB/3.3 GB  5.3 MB/s   2m26s[K[?25h[?2026l[?2026h[?25l[A[1Gpulling manifest [K
pulling aeda25e63ebd:  77% ▕█████████████     ▏ 2.6 GB/3.3 GB  5.4 MB/s   2m25s[K[?25h[?2026l[?2026h[?25l[A[1Gpulling manifest [K
pulling aeda25e63ebd:  77% ▕█████████████     ▏ 2.6 GB/3.3 GB  5.4 MB/s   2m25s[K[?25h[?2026l[?2026h[?25l[A[1Gpulling manifest [K
pulling aeda25e63ebd:  77% ▕█████████████     ▏ 2.6 GB/3.3 GB  5.4 MB/s   2m25s[K[?25h[?2026l[?2026h[?25l[A[1Gpulling manifest [K
pulling aeda25e63ebd:  77% ▕█████████████     ▏ 2.6 GB/3.3 GB  5.4 MB/s   2m25s[K[?25h[?2026l[?2026h[?25l[A[1Gpulling manifest [K
pulling aeda25e63ebd:  77% ▕█████████████     ▏ 2.6 GB/3.3 GB  5.4 MB/s   2m25s[K[?25h[?2026l[?2026h[?25l[A[1Gpulling manifest [K
pulling aeda25e63ebd:  77% ▕█████████████     ▏ 2.6 GB/3.3 GB  5.4 MB/s   2m25s[K[?25h[?2026l[?2026h[?25l[A[1Gpulling manifest [K
pulling aeda25e63ebd:  77% ▕█████████████     ▏ 2.6 GB/3.3 GB  5.4 MB/s   2m25s[K[?25h[?2026l[?2026h[?25l[A[1Gpulling manifest [K
pulling aeda25e63ebd:  77% ▕█████████████     ▏ 2.6 GB/3.3 GB  5.4 MB/s   2m25s[K[?25h[?2026l[?2026h[?25l[A[1Gpulling manifest [K
pulling aeda25e63ebd:  77% ▕█████████████     ▏ 2.6 GB/3.3 GB  5.4 MB/s   2m24s[K[?25h[?2026l[?2026h[?25l[A[1Gpulling manifest [K
pulling aeda25e63ebd:  77% ▕█████████████     ▏ 2.6 GB/3.3 GB  5.4 MB/s   2m24s[K[?25h[?2026l[?2026h[?25l[A[1Gpulling manifest [K
pulling aeda25e63ebd:  77% ▕█████████████     ▏ 2.6 GB/3.3 GB  5.4 MB/s   2m24s[K[?25h[?2026l[?2026h[?25l[A[1Gpulling manifest [K
pulling aeda25e63ebd:  77% ▕█████████████     ▏ 2.6 GB/3.3 GB  5.2 MB/s   2m29s[K[?25h[?2026l[?2026h[?25l[A[1Gpulling manifest [K
pulling aeda25e63ebd:  77% ▕█████████████     ▏ 2.6 GB/3.3 GB  5.2 MB/s   2m29s[K[?25h[?2026l[?2026h[?25l[A[1Gpulling manifest [K
pulling aeda25e63ebd:  77% ▕█████████████     ▏ 2.6 GB/3.3 GB  5.2 MB/s   2m29s[K[?25h[?2026l[?2026h[?25l[A[1Gpulling manifest [K
pulling aeda25e63ebd:  77% ▕█████████████     ▏ 2.6 GB/3.3 GB  5.2 MB/s   2m29s[K[?25h[?2026l[?2026h[?25l[A[1Gpulling manifest [K
pulling aeda25e63ebd:  77% ▕█████████████     ▏ 2.6 GB/3.3 GB  5.2 MB/s   2m29s[K[?25h[?2026l[?2026h[?25l[A[1Gpulling manifest [K
pulling aeda25e63ebd:  77% ▕█████████████     ▏ 2.6 GB/3.3 GB  5.2 MB/s   2m29s[K[?25h[?2026l[?2026h[?25l[A[1Gpulling manifest [K
pulling aeda25e63ebd:  77% ▕█████████████     ▏ 2.6 GB/3.3 GB  5.2 MB/s   2m28s[K[?25h[?2026l[?2026h[?25l[A[1Gpulling manifest [K
pulling aeda25e63ebd:  77% ▕█████████████     ▏ 2.6 GB/3.3 GB  5.2 MB/s   2m28s[K[?25h[?2026l[?2026h[?25l[A[1Gpulling manifest [K
pulling aeda25e63ebd:  77% ▕█████████████     ▏ 2.6 GB/3.3 GB  5.2 MB/s   2m28s[K[?25h[?2026l[?2026h[?25l[A[1Gpulling manifest [K
pulling aeda25e63ebd:  77% ▕█████████████     ▏ 2.6 GB/3.3 GB  5.2 MB/s   2m28s[K[?25h[?2026l[?2026h[?25l[A[1Gpulling manifest [K
pulling aeda25e63ebd:  77% ▕█████████████     ▏ 2.6 GB/3.3 GB  5.2 MB/s   2m27s[K[?25h[?2026l[?2026h[?25l[A[1Gpulling manifest [K
pulling aeda25e63ebd:  77% ▕█████████████     ▏ 2.6 GB/3.3 GB  5.2 MB/s   2m27s[K[?25h[?2026l[?2026h[?25l[A[1Gpulling manifest [K
pulling aeda25e63ebd:  77% ▕█████████████     ▏ 2.6 GB/3.3 GB  5.2 MB/s   2m27s[K[?25h[?2026l[?2026h[?25l[A[1Gpulling manifest [K
pulling aeda25e63ebd:  77% ▕█████████████     ▏ 2.6 GB/3.3 GB  5.2 MB/s   2m27s[K[?25h[?2026l[?2026h[?25l[A[1Gpulling manifest [K
pulling aeda25e63ebd:  77% ▕█████████████     ▏ 2.6 GB/3.3 GB  5.2 MB/s   2m27s[K[?25h[?2026l[?2026h[?25l[A[1Gpulling manifest [K
pulling aeda25e63ebd:  77% ▕█████████████     ▏ 2.6 GB/3.3 GB  5.2 MB/s   2m26s[K[?25h[?2026l[?2026h[?25l[A[1Gpulling manifest [K
pulling aeda25e63ebd:  77% ▕█████████████     ▏ 2.6 GB/3.3 GB  5.2 MB/s   2m26s[K[?25h[?2026l[?2026h[?25l[A[1Gpulling manifest [K
pulling aeda25e63ebd:  77% ▕█████████████     ▏ 2.6 GB/3.3 GB  5.2 MB/s   2m26s[K[?25h[?2026l[?2026h[?25l[A[1Gpulling manifest [K
pulling aeda25e63ebd:  77% ▕█████████████     ▏ 2.6 GB/3.3 GB  5.2 MB/s   2m26s[K[?25h[?2026l[?2026h[?25l[A[1Gpulling manifest [K
pulling aeda25e63ebd:  77% ▕█████████████     ▏ 2.6 GB/3.3 GB  5.2 MB/s   2m26s[K[?25h[?2026l[?2026h[?25l[A[1Gpulling manifest [K
pulling aeda25e63ebd:  77% ▕█████████████     ▏ 2.6 GB/3.3 GB  5.3 MB/s   2m24s[K[?25h[?2026l[?2026h[?25l[A[1Gpulling manifest [K
pulling aeda25e63ebd:  77% ▕█████████████     ▏ 2.6 GB/3.3 GB  5.3 MB/s   2m24s[K[?25h[?2026l[?2026h[?25l[A[1Gpulling manifest [K
pulling aeda25e63ebd:  77% ▕█████████████     ▏ 2.6 GB/3.3 GB  5.3 MB/s   2m24s[K[?25h[?2026l[?2026h[?25l[A[1Gpulling manifest [K
pulling aeda25e63ebd:  77% ▕█████████████     ▏ 2.6 GB/3.3 GB  5.3 MB/s   2m24s[K[?25h[?2026l[?2026h[?25l[A[1Gpulling manifest [K
pulling aeda25e63ebd:  77% ▕█████████████     ▏ 2.6 GB/3.3 GB  5.3 MB/s   2m24s[K[?25h[?2026l[?2026h[?25l[A[1Gpulling manifest [K
pulling aeda25e63ebd:  77% ▕█████████████     ▏ 2.6 GB/3.3 GB  5.3 MB/s   2m24s[K[?25h[?2026l[?2026h[?25l[A[1Gpulling manifest [K
pulling aeda25e63ebd:  77% ▕█████████████     ▏ 2.6 GB/3.3 GB  5.3 MB/s   2m24s[K[?25h[?2026l[?2026h[?25l[A[1Gpulling manifest [K
pulling aeda25e63ebd:  77% ▕█████████████     ▏ 2.6 GB/3.3 GB  5.3 MB/s   2m24s[K[?25h[?2026l[?2026h[?25l[A[1Gpulling manifest [K
pulling aeda25e63ebd:  77% ▕█████████████     ▏ 2.6 GB/3.3 GB  5.3 MB/s   2m23s[K[?25h[?2026l[?2026h[?25l[A[1Gpulling manifest [K
pulling aeda25e63ebd:  77% ▕█████████████     ▏ 2.6 GB/3.3 GB  5.3 MB/s   2m23s[K[?25h[?2026l[?2026h[?25l[A[1Gpulling manifest [K
pulling aeda25e63ebd:  77% ▕█████████████     ▏ 2.6 GB/3.3 GB  5.3 MB/s   2m23s[K[?25h[?2026l[?2026h[?25l[A[1Gpulling manifest [K
pulling aeda25e63ebd:  77% ▕█████████████     ▏ 2.6 GB/3.3 GB  5.3 MB/s   2m23s[K[?25h[?2026l[?2026h[?25l[A[1Gpulling manifest [K
pulling aeda25e63ebd:  77% ▕█████████████     ▏ 2.6 GB/3.3 GB  5.3 MB/s   2m23s[K[?25h[?2026l[?2026h[?25l[A[1Gpulling manifest [K
pulling aeda25e63ebd:  77% ▕█████████████     ▏ 2.6 GB/3.3 GB  5.3 MB/s   2m23s[K[?25h[?2026l[?2026h[?25l[A[1Gpulling manifest [K
pulling aeda25e63ebd:  77% ▕█████████████     ▏ 2.6 GB/3.3 GB  5.3 MB/s   2m23s[K[?25h[?2026l[?2026h[?25l[A[1Gpulling manifest [K
pulling aeda25e63ebd:  77% ▕█████████████     ▏ 2.6 GB/3.3 GB  5.3 MB/s   2m23s[K[?25h[?2026l[?2026h[?25l[A[1Gpulling manifest [K
pulling aeda25e63ebd:  77% ▕█████████████     ▏ 2.6 GB/3.3 GB  5.3 MB/s   2m23s[K[?25h[?2026l[?2026h[?25l[A[1Gpulling manifest [K
pulling aeda25e63ebd:  77% ▕█████████████     ▏ 2.6 GB/3.3 GB  5.3 MB/s   2m23s[K[?25h[?2026l[?2026h[?25l[A[1Gpulling manifest [K
pulling aeda25e63ebd:  77% ▕█████████████     ▏ 2.6 GB/3.3 GB  5.3 MB/s   2m23s[K[?25h[?2026l[?2026h[?25l[A[1Gpulling manifest [K
pulling aeda25e63ebd:  77% ▕█████████████     ▏ 2.6 GB/3.3 GB  5.3 MB/s   2m22s[K[?25h[?2026l[?2026h[?25l[A[1Gpulling manifest [K
pulling aeda25e63ebd:  77% ▕█████████████     ▏ 2.6 GB/3.3 GB  5.3 MB/s   2m23s[K[?25h[?2026l[?2026h[?25l[A[1Gpulling manifest [K
pulling aeda25e63ebd:  77% ▕█████████████     ▏ 2.6 GB/3.3 GB  5.3 MB/s   2m23s[K[?25h[?2026l[?2026h[?25l[A[1Gpulling manifest [K
pulling aeda25e63ebd:  77% ▕█████████████     ▏ 2.6 GB/3.3 GB  5.3 MB/s   2m23s[K[?25h[?2026l[?2026h[?25l[A[1Gpulling manifest [K
pulling aeda25e63ebd:  77% ▕█████████████     ▏ 2.6 GB/3.3 GB  5.3 MB/s   2m23s[K[?25h[?2026l[?2026h[?25l[A[1Gpulling manifest [K
pulling aeda25e63ebd:  77% ▕█████████████     ▏ 2.6 GB/3.3 GB  5.3 MB/s   2m23s[K[?25h[?2026l[?2026h[?25l[A[1Gpulling manifest [K
pulling aeda25e63ebd:  77% ▕█████████████     ▏ 2.6 GB/3.3 GB  5.3 MB/s   2m22s[K[?25h[?2026l[?2026h[?25l[A[1Gpulling manifest [K
pulling aeda25e63ebd:  77% ▕█████████████     ▏ 2.6 GB/3.3 GB  5.3 MB/s   2m22s[K[?25h[?2026l[?2026h[?25l[A[1Gpulling manifest [K
pulling aeda25e63ebd:  78% ▕█████████████     ▏ 2.6 GB/3.3 GB  5.3 MB/s   2m22s[K[?25h[?2026l[?2026h[?25l[A[1Gpulling manifest [K
pulling aeda25e63ebd:  78% ▕█████████████     ▏ 2.6 GB/3.3 GB  5.3 MB/s   2m22s[K[?25h[?2026l[?2026h[?25l[A[1Gpulling manifest [K
pulling aeda25e63ebd:  78% ▕█████████████     ▏ 2.6 GB/3.3 GB  5.3 MB/s   2m22s[K[?25h[?2026l[?2026h[?25l[A[1Gpulling manifest [K
pulling aeda25e63ebd:  78% ▕█████████████     ▏ 2.6 GB/3.3 GB  5.3 MB/s   2m22s[K[?25h[?2026l[?2026h[?25l[A[1Gpulling manifest [K
pulling aeda25e63ebd:  78% ▕█████████████     ▏ 2.6 GB/3.3 GB  5.3 MB/s   2m22s[K[?25h[?2026l[?2026h[?25l[A[1Gpulling manifest [K
pulling aeda25e63ebd:  78% ▕█████████████     ▏ 2.6 GB/3.3 GB  5.3 MB/s   2m22s[K[?25h[?2026l[?2026h[?25l[A[1Gpulling manifest [K
pulling aeda25e63ebd:  78% ▕█████████████     ▏ 2.6 GB/3.3 GB  5.3 MB/s   2m22s[K[?25h[?2026l[?2026h[?25l[A[1Gpulling manifest [K
pulling aeda25e63ebd:  78% ▕█████████████     ▏ 2.6 GB/3.3 GB  5.3 MB/s   2m21s[K[?25h[?2026l[?2026h[?25l[A[1Gpulling manifest [K
pulling aeda25e63ebd:  78% ▕█████████████     ▏ 2.6 GB/3.3 GB  5.3 MB/s   2m21s[K[?25h[?2026l[?2026h[?25l[A[1Gpulling manifest [K
pulling aeda25e63ebd:  78% ▕█████████████     ▏ 2.6 GB/3.3 GB  5.3 MB/s   2m21s[K[?25h[?2026l[?2026h[?25l[A[1Gpulling manifest [K
pulling aeda25e63ebd:  78% ▕█████████████     ▏ 2.6 GB/3.3 GB  5.3 MB/s   2m21s[K[?25h[?2026l[?2026h[?25l[A[1Gpulling manifest [K
pulling aeda25e63ebd:  78% ▕█████████████     ▏ 2.6 GB/3.3 GB  5.3 MB/s   2m21s[K[?25h[?2026l[?2026h[?25l[A[1Gpulling manifest [K
pulling aeda25e63ebd:  78% ▕█████████████     ▏ 2.6 GB/3.3 GB  5.3 MB/s   2m21s[K[?25h[?2026l[?2026h[?25l[A[1Gpulling manifest [K
pulling aeda25e63ebd:  78% ▕█████████████     ▏ 2.6 GB/3.3 GB  5.3 MB/s   2m21s[K[?25h[?2026l[?2026h[?25l[A[1Gpulling manifest [K
pulling aeda25e63ebd:  78% ▕█████████████     ▏ 2.6 GB/3.3 GB  5.3 MB/s   2m19s[K[?25h[?2026l[?2026h[?25l[A[1Gpulling manifest [K
pulling aeda25e63ebd:  78% ▕█████████████     ▏ 2.6 GB/3.3 GB  5.3 MB/s   2m19s[K[?25h[?2026l[?2026h[?25l[A[1Gpulling manifest [K
pulling aeda25e63ebd:  78% ▕██████████████    ▏ 2.6 GB/3.3 GB  5.3 MB/s   2m19s[K[?25h[?2026l[?2026h[?25l[A[1Gpulling manifest [K
pulling aeda25e63ebd:  78% ▕██████████████    ▏ 2.6 GB/3.3 GB  5.3 MB/s   2m19s[K[?25h[?2026l[?2026h[?25l[A[1Gpulling manifest [K
pulling aeda25e63ebd:  78% ▕██████████████    ▏ 2.6 GB/3.3 GB  5.3 MB/s   2m19s[K[?25h[?2026l[?2026h[?25l[A[1Gpulling manifest [K
pulling aeda25e63ebd:  78% ▕██████████████    ▏ 2.6 GB/3.3 GB  5.3 MB/s   2m18s[K[?25h[?2026l[?2026h[?25l[A[1Gpulling manifest [K
pulling aeda25e63ebd:  78% ▕██████████████    ▏ 2.6 GB/3.3 GB  5.3 MB/s   2m18s[K[?25h[?2026l[?2026h[?25l[A[1Gpulling manifest [K
pulling aeda25e63ebd:  78% ▕██████████████    ▏ 2.6 GB/3.3 GB  5.3 MB/s   2m18s[K[?25h[?2026l[?2026h[?25l[A[1Gpulling manifest [K
pulling aeda25e63ebd:  78% ▕██████████████    ▏ 2.6 GB/3.3 GB  5.3 MB/s   2m18s[K[?25h[?2026l[?2026h[?25l[A[1Gpulling manifest [K
pulling aeda25e63ebd:  78% ▕██████████████    ▏ 2.6 GB/3.3 GB  5.3 MB/s   2m18s[K[?25h[?2026l[?2026h[?25l[A[1Gpulling manifest [K
pulling aeda25e63ebd:  78% ▕██████████████    ▏ 2.6 GB/3.3 GB  5.3 MB/s   2m19s[K[?25h[?2026l[?2026h[?25l[A[1Gpulling manifest [K
pulling aeda25e63ebd:  78% ▕██████████████    ▏ 2.6 GB/3.3 GB  5.3 MB/s   2m19s[K[?25h[?2026l[?2026h[?25l[A[1Gpulling manifest [K
pulling aeda25e63ebd:  78% ▕██████████████    ▏ 2.6 GB/3.3 GB  5.3 MB/s   2m19s[K[?25h[?2026l[?2026h[?25l[A[1Gpulling manifest [K
pulling aeda25e63ebd:  78% ▕██████████████    ▏ 2.6 GB/3.3 GB  5.3 MB/s   2m18s[K[?25h[?2026l[?2026h[?25l[A[1Gpulling manifest [K
pulling aeda25e63ebd:  78% ▕██████████████    ▏ 2.6 GB/3.3 GB  5.3 MB/s   2m18s[K[?25h[?2026l[?2026h[?25l[A[1Gpulling manifest [K
pulling aeda25e63ebd:  78% ▕██████████████    ▏ 2.6 GB/3.3 GB  5.3 MB/s   2m18s[K[?25h[?2026l[?2026h[?25l[A[1Gpulling manifest [K
pulling aeda25e63ebd:  78% ▕██████████████    ▏ 2.6 GB/3.3 GB  5.3 MB/s   2m18s[K[?25h[?2026l[?2026h[?25l[A[1Gpulling manifest [K
pulling aeda25e63ebd:  78% ▕██████████████    ▏ 2.6 GB/3.3 GB  5.3 MB/s   2m18s[K[?25h[?2026l[?2026h[?25l[A[1Gpulling manifest [K
pulling aeda25e63ebd:  78% ▕██████████████    ▏ 2.6 GB/3.3 GB  5.3 MB/s   2m18s[K[?25h[?2026l[?2026h[?25l[A[1Gpulling manifest [K
pulling aeda25e63ebd:  78% ▕██████████████    ▏ 2.6 GB/3.3 GB  5.3 MB/s   2m18s[K[?25h[?2026l[?2026h[?25l[A[1Gpulling manifest [K
pulling aeda25e63ebd:  78% ▕██████████████    ▏ 2.6 GB/3.3 GB  5.1 MB/s   2m23s[K[?25h[?2026l[?2026h[?25l[A[1Gpulling manifest [K
pulling aeda25e63ebd:  78% ▕██████████████    ▏ 2.6 GB/3.3 GB  5.1 MB/s   2m23s[K[?25h[?2026l[?2026h[?25l[A[1Gpulling manifest [K
pulling aeda25e63ebd:  78% ▕██████████████    ▏ 2.6 GB/3.3 GB  5.1 MB/s   2m23s[K[?25h[?2026l[?2026h[?25l[A[1Gpulling manifest [K
pulling aeda25e63ebd:  78% ▕██████████████    ▏ 2.6 GB/3.3 GB  5.1 MB/s   2m23s[K[?25h[?2026l[?2026h[?25l[A[1Gpulling manifest [K
pulling aeda25e63ebd:  78% ▕██████████████    ▏ 2.6 GB/3.3 GB  5.1 MB/s   2m22s[K[?25h[?2026l[?2026h[?25l[A[1Gpulling manifest [K
pulling aeda25e63ebd:  78% ▕██████████████    ▏ 2.6 GB/3.3 GB  5.1 MB/s   2m22s[K[?25h[?2026l[?2026h[?25l[A[1Gpulling manifest [K
pulling aeda25e63ebd:  78% ▕██████████████    ▏ 2.6 GB/3.3 GB  5.1 MB/s   2m22s[K[?25h[?2026l[?2026h[?25l[A[1Gpulling manifest [K
pulling aeda25e63ebd:  78% ▕██████████████    ▏ 2.6 GB/3.3 GB  5.1 MB/s   2m22s[K[?25h[?2026l[?2026h[?25l[A[1Gpulling manifest [K
pulling aeda25e63ebd:  78% ▕██████████████    ▏ 2.6 GB/3.3 GB  5.1 MB/s   2m22s[K[?25h[?2026l[?2026h[?25l[A[1Gpulling manifest [K
pulling aeda25e63ebd:  78% ▕██████████████    ▏ 2.6 GB/3.3 GB  5.1 MB/s   2m22s[K[?25h[?2026l[?2026h[?25l[A[1Gpulling manifest [K
pulling aeda25e63ebd:  78% ▕██████████████    ▏ 2.6 GB/3.3 GB  5.0 MB/s   2m27s[K[?25h[?2026l[?2026h[?25l[A[1Gpulling manifest [K
pulling aeda25e63ebd:  78% ▕██████████████    ▏ 2.6 GB/3.3 GB  5.0 MB/s   2m27s[K[?25h[?2026l[?2026h[?25l[A[1Gpulling manifest [K
pulling aeda25e63ebd:  78% ▕██████████████    ▏ 2.6 GB/3.3 GB  5.0 MB/s   2m27s[K[?25h[?2026l[?2026h[?25l[A[1Gpulling manifest [K
pulling aeda25e63ebd:  78% ▕██████████████    ▏ 2.6 GB/3.3 GB  5.0 MB/s   2m27s[K[?25h[?2026l[?2026h[?25l[A[1Gpulling manifest [K
pulling aeda25e63ebd:  78% ▕██████████████    ▏ 2.6 GB/3.3 GB  5.0 MB/s   2m27s[K[?25h[?2026l[?2026h[?25l[A[1Gpulling manifest [K
pulling aeda25e63ebd:  78% ▕██████████████    ▏ 2.6 GB/3.3 GB  5.0 MB/s   2m27s[K[?25h[?2026l[?2026h[?25l[A[1Gpulling manifest [K
pulling aeda25e63ebd:  78% ▕██████████████    ▏ 2.6 GB/3.3 GB  5.0 MB/s   2m27s[K[?25h[?2026l[?2026h[?25l[A[1Gpulling manifest [K
pulling aeda25e63ebd:  78% ▕██████████████    ▏ 2.6 GB/3.3 GB  5.0 MB/s   2m26s[K[?25h[?2026l[?2026h[?25l[A[1Gpulling manifest [K
pulling aeda25e63ebd:  78% ▕██████████████    ▏ 2.6 GB/3.3 GB  5.0 MB/s   2m26s[K[?25h[?2026l[?2026h[?25l[A[1Gpulling manifest [K
pulling aeda25e63ebd:  78% ▕██████████████    ▏ 2.6 GB/3.3 GB  5.0 MB/s   2m26s[K[?25h[?2026l[?2026h[?25l[A[1Gpulling manifest [K
pulling aeda25e63ebd:  78% ▕██████████████    ▏ 2.6 GB/3.3 GB  5.0 MB/s   2m26s[K[?25h[?2026l[?2026h[?25l[A[1Gpulling manifest [K
pulling aeda25e63ebd:  78% ▕██████████████    ▏ 2.6 GB/3.3 GB  4.7 MB/s   2m34s[K[?25h[?2026l[?2026h[?25l[A[1Gpulling manifest [K
pulling aeda25e63ebd:  78% ▕██████████████    ▏ 2.6 GB/3.3 GB  4.7 MB/s   2m34s[K[?25h[?2026l[?2026h[?25l[A[1Gpulling manifest [K
pulling aeda25e63ebd:  78% ▕██████████████    ▏ 2.6 GB/3.3 GB  4.7 MB/s   2m34s[K[?25h[?2026l[?2026h[?25l[A[1Gpulling manifest [K
pulling aeda25e63ebd:  78% ▕██████████████    ▏ 2.6 GB/3.3 GB  4.7 MB/s   2m34s[K[?25h[?2026l[?2026h[?25l[A[1Gpulling manifest [K
pulling aeda25e63ebd:  78% ▕██████████████    ▏ 2.6 GB/3.3 GB  4.7 MB/s   2m34s[K[?25h[?2026l[?2026h[?25l[A[1Gpulling manifest [K
pulling aeda25e63ebd:  78% ▕██████████████    ▏ 2.6 GB/3.3 GB  4.7 MB/s   2m34s[K[?25h[?2026l[?2026h[?25l[A[1Gpulling manifest [K
pulling aeda25e63ebd:  78% ▕██████████████    ▏ 2.6 GB/3.3 GB  4.7 MB/s   2m34s[K[?25h[?2026l[?2026h[?25l[A[1Gpulling manifest [K
pulling aeda25e63ebd:  78% ▕██████████████    ▏ 2.6 GB/3.3 GB  4.7 MB/s   2m34s[K[?25h[?2026l[?2026h[?25l[A[1Gpulling manifest [K
pulling aeda25e63ebd:  78% ▕██████████████    ▏ 2.6 GB/3.3 GB  4.7 MB/s   2m33s[K[?25h[?2026l[?2026h[?25l[A[1Gpulling manifest [K
pulling aeda25e63ebd:  78% ▕██████████████    ▏ 2.6 GB/3.3 GB  4.7 MB/s   2m33s[K[?25h[?2026l[?2026h[?25l[A[1Gpulling manifest [K
pulling aeda25e63ebd:  78% ▕██████████████    ▏ 2.6 GB/3.3 GB  4.5 MB/s   2m42s[K[?25h[?2026l[?2026h[?25l[A[1Gpulling manifest [K
pulling aeda25e63ebd:  78% ▕██████████████    ▏ 2.6 GB/3.3 GB  4.5 MB/s   2m42s[K[?25h[?2026l[?2026h[?25l[A[1Gpulling manifest [K
pulling aeda25e63ebd:  78% ▕██████████████    ▏ 2.6 GB/3.3 GB  4.5 MB/s   2m42s[K[?25h[?2026l[?2026h[?25l[A[1Gpulling manifest [K
pulling aeda25e63ebd:  78% ▕██████████████    ▏ 2.6 GB/3.3 GB  4.5 MB/s   2m42s[K[?25h[?2026l[?2026h[?25l[A[1Gpulling manifest [K
pulling aeda25e63ebd:  78% ▕██████████████    ▏ 2.6 GB/3.3 GB  4.5 MB/s   2m42s[K[?25h[?2026l[?2026h[?25l[A[1Gpulling manifest [K
pulling aeda25e63ebd:  78% ▕██████████████    ▏ 2.6 GB/3.3 GB  4.5 MB/s   2m42s[K[?25h[?2026l[?2026h[?25l[A[1Gpulling manifest [K
pulling aeda25e63ebd:  78% ▕██████████████    ▏ 2.6 GB/3.3 GB  4.5 MB/s   2m42s[K[?25h[?2026l[?2026h[?25l[A[1Gpulling manifest [K
pulling aeda25e63ebd:  78% ▕██████████████    ▏ 2.6 GB/3.3 GB  4.5 MB/s   2m41s[K[?25h[?2026l[?2026h[?25l[A[1Gpulling manifest [K
pulling aeda25e63ebd:  78% ▕██████████████    ▏ 2.6 GB/3.3 GB  4.5 MB/s   2m41s[K[?25h[?2026l[?2026h[?25l[A[1Gpulling manifest [K
pulling aeda25e63ebd:  78% ▕██████████████    ▏ 2.6 GB/3.3 GB  4.5 MB/s   2m41s[K[?25h[?2026l[?2026h[?25l[A[1Gpulling manifest [K
pulling aeda25e63ebd:  78% ▕██████████████    ▏ 2.6 GB/3.3 GB  4.2 MB/s   2m51s[K[?25h[?2026l[?2026h[?25l[A[1Gpulling manifest [K
pulling aeda25e63ebd:  78% ▕██████████████    ▏ 2.6 GB/3.3 GB  4.2 MB/s   2m50s[K[?25h[?2026l[?2026h[?25l[A[1Gpulling manifest [K
pulling aeda25e63ebd:  78% ▕██████████████    ▏ 2.6 GB/3.3 GB  4.2 MB/s   2m50s[K[?25h[?2026l[?2026h[?25l[A[1Gpulling manifest [K
pulling aeda25e63ebd:  78% ▕██████████████    ▏ 2.6 GB/3.3 GB  4.2 MB/s   2m50s[K[?25h[?2026l[?2026h[?25l[A[1Gpulling manifest [K
pulling aeda25e63ebd:  78% ▕██████████████    ▏ 2.6 GB/3.3 GB  4.2 MB/s   2m50s[K[?25h[?2026l[?2026h[?25l[A[1Gpulling manifest [K
pulling aeda25e63ebd:  78% ▕██████████████    ▏ 2.6 GB/3.3 GB  4.2 MB/s   2m50s[K[?25h[?2026l[?2026h[?25l[A[1Gpulling manifest [K
pulling aeda25e63ebd:  78% ▕██████████████    ▏ 2.6 GB/3.3 GB  4.2 MB/s   2m50s[K[?25h[?2026l[?2026h[?25l[A[1Gpulling manifest [K
pulling aeda25e63ebd:  78% ▕██████████████    ▏ 2.6 GB/3.3 GB  4.2 MB/s   2m50s[K[?25h[?2026l[?2026h[?25l[A[1Gpulling manifest [K
pulling aeda25e63ebd:  78% ▕██████████████    ▏ 2.6 GB/3.3 GB  4.2 MB/s   2m50s[K[?25h[?2026l[?2026h[?25l[A[1Gpulling manifest [K
pulling aeda25e63ebd:  78% ▕██████████████    ▏ 2.6 GB/3.3 GB  4.2 MB/s   2m50s[K[?25h[?2026l[?2026h[?25l[A[1Gpulling manifest [K
pulling aeda25e63ebd:  78% ▕██████████████    ▏ 2.6 GB/3.3 GB  4.0 MB/s   2m59s[K[?25h[?2026l[?2026h[?25l[A[1Gpulling manifest [K
pulling aeda25e63ebd:  78% ▕██████████████    ▏ 2.6 GB/3.3 GB  4.0 MB/s   2m59s[K[?25h[?2026l[?2026h[?25l[A[1Gpulling manifest [K
pulling aeda25e63ebd:  78% ▕██████████████    ▏ 2.6 GB/3.3 GB  4.0 MB/s   2m59s[K[?25h[?2026l[?2026h[?25l[A[1Gpulling manifest [K
pulling aeda25e63ebd:  78% ▕██████████████    ▏ 2.6 GB/3.3 GB  4.0 MB/s   2m59s[K[?25h[?2026l[?2026h[?25l[A[1Gpulling manifest [K
pulling aeda25e63ebd:  79% ▕██████████████    ▏ 2.6 GB/3.3 GB  4.0 MB/s   2m59s[K[?25h[?2026l[?2026h[?25l[A[1Gpulling manifest [K
pulling aeda25e63ebd:  79% ▕██████████████    ▏ 2.6 GB/3.3 GB  4.0 MB/s   2m59s[K[?25h[?2026l[?2026h[?25l[A[1Gpulling manifest [K
pulling aeda25e63ebd:  79% ▕██████████████    ▏ 2.6 GB/3.3 GB  4.0 MB/s   2m59s[K[?25h[?2026l[?2026h[?25l[A[1Gpulling manifest [K
pulling aeda25e63ebd:  79% ▕██████████████    ▏ 2.6 GB/3.3 GB  4.0 MB/s   2m59s[K[?25h[?2026l[?2026h[?25l[A[1Gpulling manifest [K
pulling aeda25e63ebd:  79% ▕██████████████    ▏ 2.6 GB/3.3 GB  4.0 MB/s   2m59s[K[?25h[?2026l[?2026h[?25l[A[1Gpulling manifest [K
pulling aeda25e63ebd:  79% ▕██████████████    ▏ 2.6 GB/3.3 GB  4.0 MB/s   2m59s[K[?25h[?2026l[?2026h[?25l[A[1Gpulling manifest [K
pulling aeda25e63ebd:  79% ▕██████████████    ▏ 2.6 GB/3.3 GB  3.7 MB/s   3m11s[K[?25h[?2026l[?2026h[?25l[A[1Gpulling manifest [K
pulling aeda25e63ebd:  79% ▕██████████████    ▏ 2.6 GB/3.3 GB  3.7 MB/s   3m11s[K[?25h[?2026l[?2026h[?25l[A[1Gpulling manifest [K
pulling aeda25e63ebd:  79% ▕██████████████    ▏ 2.6 GB/3.3 GB  3.7 MB/s   3m11s[K[?25h[?2026l[?2026h[?25l[A[1Gpulling manifest [K
pulling aeda25e63ebd:  79% ▕██████████████    ▏ 2.6 GB/3.3 GB  3.7 MB/s   3m11s[K[?25h[?2026l[?2026h[?25l[A[1Gpulling manifest [K
pulling aeda25e63ebd:  79% ▕██████████████    ▏ 2.6 GB/3.3 GB  3.7 MB/s   3m11s[K[?25h[?2026l[?2026h[?25l[A[1Gpulling manifest [K
pulling aeda25e63ebd:  79% ▕██████████████    ▏ 2.6 GB/3.3 GB  3.7 MB/s   3m11s[K[?25h[?2026l[?2026h[?25l[A[1Gpulling manifest [K
pulling aeda25e63ebd:  79% ▕██████████████    ▏ 2.6 GB/3.3 GB  3.7 MB/s   3m11s[K[?25h[?2026l[?2026h[?25l[A[1Gpulling manifest [K
pulling aeda25e63ebd:  79% ▕██████████████    ▏ 2.6 GB/3.3 GB  3.7 MB/s   3m11s[K[?25h[?2026l[?2026h[?25l[A[1Gpulling manifest [K
pulling aeda25e63ebd:  79% ▕██████████████    ▏ 2.6 GB/3.3 GB  3.7 MB/s   3m11s[K[?25h[?2026l[?2026h[?25l[A[1Gpulling manifest [K
pulling aeda25e63ebd:  79% ▕██████████████    ▏ 2.6 GB/3.3 GB  3.7 MB/s   3m10s[K[?25h[?2026l[?2026h[?25l[A[1Gpulling manifest [K
pulling aeda25e63ebd:  79% ▕██████████████    ▏ 2.6 GB/3.3 GB  3.7 MB/s   3m10s[K[?25h[?2026l[?2026h[?25l[A[1Gpulling manifest [K
pulling aeda25e63ebd:  79% ▕██████████████    ▏ 2.6 GB/3.3 GB  3.4 MB/s   3m28s[K[?25h[?2026l[?2026h[?25l[A[1Gpulling manifest [K
pulling aeda25e63ebd:  79% ▕██████████████    ▏ 2.6 GB/3.3 GB  3.4 MB/s   3m28s[K[?25h[?2026l[?2026h[?25l[A[1Gpulling manifest [K
pulling aeda25e63ebd:  79% ▕██████████████    ▏ 2.6 GB/3.3 GB  3.4 MB/s   3m28s[K[?25h[?2026l[?2026h[?25l[A[1Gpulling manifest [K
pulling aeda25e63ebd:  79% ▕██████████████    ▏ 2.6 GB/3.3 GB  3.4 MB/s   3m28s[K[?25h[?2026l[?2026h[?25l[A[1Gpulling manifest [K
pulling aeda25e63ebd:  79% ▕██████████████    ▏ 2.6 GB/3.3 GB  3.4 MB/s   3m28s[K[?25h[?2026l[?2026h[?25l[A[1Gpulling manifest [K
pulling aeda25e63ebd:  79% ▕██████████████    ▏ 2.6 GB/3.3 GB  3.4 MB/s   3m28s[K[?25h[?2026l[?2026h[?25l[A[1Gpulling manifest [K
pulling aeda25e63ebd:  79% ▕██████████████    ▏ 2.6 GB/3.3 GB  3.4 MB/s   3m28s[K[?25h[?2026l[?2026h[?25l[A[1Gpulling manifest [K
pulling aeda25e63ebd:  79% ▕██████████████    ▏ 2.6 GB/3.3 GB  3.4 MB/s   3m28s[K[?25h[?2026l[?2026h[?25l[A[1Gpulling manifest [K
pulling aeda25e63ebd:  79% ▕██████████████    ▏ 2.6 GB/3.3 GB  3.4 MB/s   3m28s[K[?25h[?2026l[?2026h[?25l[A[1Gpulling manifest [K
pulling aeda25e63ebd:  79% ▕██████████████    ▏ 2.6 GB/3.3 GB  3.4 MB/s   3m28s[K[?25h[?2026l[?2026h[?25l[A[1Gpulling manifest [K
pulling aeda25e63ebd:  79% ▕██████████████    ▏ 2.6 GB/3.3 GB  3.2 MB/s   3m39s[K[?25h[?2026l[?2026h[?25l[A[1Gpulling manifest [K
pulling aeda25e63ebd:  79% ▕██████████████    ▏ 2.6 GB/3.3 GB  3.2 MB/s   3m39s[K[?25h[?2026l[?2026h[?25l[A[1Gpulling manifest [K
pulling aeda25e63ebd:  79% ▕██████████████    ▏ 2.6 GB/3.3 GB  3.2 MB/s   3m39s[K[?25h[?2026l[?2026h[?25l[A[1Gpulling manifest [K
pulling aeda25e63ebd:  79% ▕██████████████    ▏ 2.6 GB/3.3 GB  3.2 MB/s   3m39s[K[?25h[?2026l[?2026h[?25l[A[1Gpulling manifest [K
pulling aeda25e63ebd:  79% ▕██████████████    ▏ 2.6 GB/3.3 GB  3.2 MB/s   3m39s[K[?25h[?2026l[?2026h[?25l[A[1Gpulling manifest [K
pulling aeda25e63ebd:  79% ▕██████████████    ▏ 2.6 GB/3.3 GB  3.2 MB/s   3m39s[K[?25h[?2026l[?2026h[?25l[A[1Gpulling manifest [K
pulling aeda25e63ebd:  79% ▕██████████████    ▏ 2.6 GB/3.3 GB  3.2 MB/s   3m39s[K[?25h[?2026l[?2026h[?25l[A[1Gpulling manifest [K
pulling aeda25e63ebd:  79% ▕██████████████    ▏ 2.6 GB/3.3 GB  3.2 MB/s   3m38s[K[?25h[?2026l[?2026h[?25l[A[1Gpulling manifest [K
pulling aeda25e63ebd:  79% ▕██████████████    ▏ 2.6 GB/3.3 GB  3.2 MB/s   3m38s[K[?25h[?2026l[?2026h[?25l[A[1Gpulling manifest [K
pulling aeda25e63ebd:  79% ▕██████████████    ▏ 2.6 GB/3.3 GB  3.2 MB/s   3m38s[K[?25h[?2026l[?2026h[?25l[A[1Gpulling manifest [K
pulling aeda25e63ebd:  79% ▕██████████████    ▏ 2.6 GB/3.3 GB  3.2 MB/s   3m41s[K[?25h[?2026l[?2026h[?25l[A[1Gpulling manifest [K
pulling aeda25e63ebd:  79% ▕██████████████    ▏ 2.6 GB/3.3 GB  3.2 MB/s   3m41s[K[?25h[?2026l[?2026h[?25l[A[1Gpulling manifest [K
pulling aeda25e63ebd:  79% ▕██████████████    ▏ 2.6 GB/3.3 GB  3.2 MB/s   3m41s[K[?25h[?2026l[?2026h[?25l[A[1Gpulling manifest [K
pulling aeda25e63ebd:  79% ▕██████████████    ▏ 2.6 GB/3.3 GB  3.2 MB/s   3m41s[K[?25h[?2026l[?2026h[?25l[A[1Gpulling manifest [K
pulling aeda25e63ebd:  79% ▕██████████████    ▏ 2.6 GB/3.3 GB  3.2 MB/s   3m41s[K[?25h[?2026l[?2026h[?25l[A[1Gpulling manifest [K
pulling aeda25e63ebd:  79% ▕██████████████    ▏ 2.6 GB/3.3 GB  3.2 MB/s   3m41s[K[?25h[?2026l[?2026h[?25l[A[1Gpulling manifest [K
pulling aeda25e63ebd:  79% ▕██████████████    ▏ 2.6 GB/3.3 GB  3.2 MB/s   3m41s[K[?25h[?2026l[?2026h[?25l[A[1Gpulling manifest [K
pulling aeda25e63ebd:  79% ▕██████████████    ▏ 2.6 GB/3.3 GB  3.2 MB/s   3m41s[K[?25h[?2026l[?2026h[?25l[A[1Gpulling manifest [K
pulling aeda25e63ebd:  79% ▕██████████████    ▏ 2.6 GB/3.3 GB  3.2 MB/s   3m40s[K[?25h[?2026l[?2026h[?25l[A[1Gpulling manifest [K
pulling aeda25e63ebd:  79% ▕██████████████    ▏ 2.6 GB/3.3 GB  3.2 MB/s   3m40s[K[?25h[?2026l[?2026h[?25l[A[1Gpulling manifest [K
pulling aeda25e63ebd:  79% ▕██████████████    ▏ 2.6 GB/3.3 GB  3.3 MB/s   3m35s[K[?25h[?2026l[?2026h[?25l[A[1Gpulling manifest [K
pulling aeda25e63ebd:  79% ▕██████████████    ▏ 2.6 GB/3.3 GB  3.3 MB/s   3m35s[K[?25h[?2026l[?2026h[?25l[A[1Gpulling manifest [K
pulling aeda25e63ebd:  79% ▕██████████████    ▏ 2.6 GB/3.3 GB  3.3 MB/s   3m35s[K[?25h[?2026l[?2026h[?25l[A[1Gpulling manifest [K
pulling aeda25e63ebd:  79% ▕██████████████    ▏ 2.6 GB/3.3 GB  3.3 MB/s   3m35s[K[?25h[?2026l[?2026h[?25l[A[1Gpulling manifest [K
pulling aeda25e63ebd:  79% ▕██████████████    ▏ 2.6 GB/3.3 GB  3.3 MB/s   3m35s[K[?25h[?2026l[?2026h[?25l[A[1Gpulling manifest [K
pulling aeda25e63ebd:  79% ▕██████████████    ▏ 2.6 GB/3.3 GB  3.3 MB/s   3m35s[K[?25h[?2026l[?2026h[?25l[A[1Gpulling manifest [K
pulling aeda25e63ebd:  79% ▕██████████████    ▏ 2.6 GB/3.3 GB  3.3 MB/s   3m34s[K[?25h[?2026l[?2026h[?25l[A[1Gpulling manifest [K
pulling aeda25e63ebd:  79% ▕██████████████    ▏ 2.6 GB/3.3 GB  3.3 MB/s   3m34s[K[?25h[?2026l[?2026h[?25l[A[1Gpulling manifest [K
pulling aeda25e63ebd:  79% ▕██████████████    ▏ 2.6 GB/3.3 GB  3.3 MB/s   3m34s[K[?25h[?2026l[?2026h[?25l[A[1Gpulling manifest [K
pulling aeda25e63ebd:  79% ▕██████████████    ▏ 2.6 GB/3.3 GB  3.3 MB/s   3m34s[K[?25h[?2026l[?2026h[?25l[A[1Gpulling manifest [K
pulling aeda25e63ebd:  79% ▕██████████████    ▏ 2.6 GB/3.3 GB  3.3 MB/s   3m30s[K[?25h[?2026l[?2026h[?25l[A[1Gpulling manifest [K
pulling aeda25e63ebd:  79% ▕██████████████    ▏ 2.6 GB/3.3 GB  3.3 MB/s   3m30s[K[?25h[?2026l[?2026h[?25l[A[1Gpulling manifest [K
pulling aeda25e63ebd:  79% ▕██████████████    ▏ 2.6 GB/3.3 GB  3.3 MB/s   3m29s[K[?25h[?2026l[?2026h[?25l[A[1Gpulling manifest [K
pulling aeda25e63ebd:  79% ▕██████████████    ▏ 2.6 GB/3.3 GB  3.3 MB/s   3m29s[K[?25h[?2026l[?2026h[?25l[A[1Gpulling manifest [K
pulling aeda25e63ebd:  79% ▕██████████████    ▏ 2.6 GB/3.3 GB  3.3 MB/s   3m29s[K[?25h[?2026l[?2026h[?25l[A[1Gpulling manifest [K
pulling aeda25e63ebd:  79% ▕██████████████    ▏ 2.6 GB/3.3 GB  3.3 MB/s   3m29s[K[?25h[?2026l[?2026h[?25l[A[1Gpulling manifest [K
pulling aeda25e63ebd:  79% ▕██████████████    ▏ 2.6 GB/3.3 GB  3.3 MB/s   3m29s[K[?25h[?2026l[?2026h[?25l[A[1Gpulling manifest [K
pulling aeda25e63ebd:  79% ▕██████████████    ▏ 2.6 GB/3.3 GB  3.3 MB/s   3m29s[K[?25h[?2026l[?2026h[?25l[A[1Gpulling manifest [K
pulling aeda25e63ebd:  79% ▕██████████████    ▏ 2.6 GB/3.3 GB  3.3 MB/s   3m29s[K[?25h[?2026l[?2026h[?25l[A[1Gpulling manifest [K
pulling aeda25e63ebd:  79% ▕██████████████    ▏ 2.6 GB/3.3 GB  3.3 MB/s   3m29s[K[?25h[?2026l[?2026h[?25l[A[1Gpulling manifest [K
pulling aeda25e63ebd:  79% ▕██████████████    ▏ 2.6 GB/3.3 GB  3.3 MB/s   3m28s[K[?25h[?2026l[?2026h[?25l[A[1Gpulling manifest [K
pulling aeda25e63ebd:  79% ▕██████████████    ▏ 2.6 GB/3.3 GB  3.4 MB/s   3m22s[K[?25h[?2026l[?2026h[?25l[A[1Gpulling manifest [K
pulling aeda25e63ebd:  79% ▕██████████████    ▏ 2.6 GB/3.3 GB  3.4 MB/s   3m21s[K[?25h[?2026l[?2026h[?25l[A[1Gpulling manifest [K
pulling aeda25e63ebd:  79% ▕██████████████    ▏ 2.6 GB/3.3 GB  3.4 MB/s   3m21s[K[?25h[?2026l[?2026h[?25l[A[1Gpulling manifest [K
pulling aeda25e63ebd:  79% ▕██████████████    ▏ 2.6 GB/3.3 GB  3.4 MB/s   3m21s[K[?25h[?2026l[?2026h[?25l[A[1Gpulling manifest [K
pulling aeda25e63ebd:  79% ▕██████████████    ▏ 2.6 GB/3.3 GB  3.4 MB/s   3m21s[K[?25h[?2026l[?2026h[?25l[A[1Gpulling manifest [K
pulling aeda25e63ebd:  79% ▕██████████████    ▏ 2.6 GB/3.3 GB  3.4 MB/s   3m21s[K[?25h[?2026l[?2026h[?25l[A[1Gpulling manifest [K
pulling aeda25e63ebd:  79% ▕██████████████    ▏ 2.6 GB/3.3 GB  3.4 MB/s   3m21s[K[?25h[?2026l[?2026h[?25l[A[1Gpulling manifest [K
pulling aeda25e63ebd:  79% ▕██████████████    ▏ 2.6 GB/3.3 GB  3.4 MB/s   3m20s[K[?25h[?2026l[?2026h[?25l[A[1Gpulling manifest [K
pulling aeda25e63ebd:  79% ▕██████████████    ▏ 2.6 GB/3.3 GB  3.4 MB/s   3m20s[K[?25h[?2026l[?2026h[?25l[A[1Gpulling manifest [K
pulling aeda25e63ebd:  79% ▕██████████████    ▏ 2.6 GB/3.3 GB  3.4 MB/s   3m20s[K[?25h[?2026l[?2026h[?25l[A[1Gpulling manifest [K
pulling aeda25e63ebd:  79% ▕██████████████    ▏ 2.7 GB/3.3 GB  3.7 MB/s    3m6s[K[?25h[?2026l[?2026h[?25l[A[1Gpulling manifest [K
pulling aeda25e63ebd:  79% ▕██████████████    ▏ 2.7 GB/3.3 GB  3.7 MB/s    3m6s[K[?25h[?2026l[?2026h[?25l[A[1Gpulling manifest [K
pulling aeda25e63ebd:  79% ▕██████████████    ▏ 2.7 GB/3.3 GB  3.7 MB/s    3m5s[K[?25h[?2026l[?2026h[?25l[A[1Gpulling manifest [K
pulling aeda25e63ebd:  79% ▕██████████████    ▏ 2.7 GB/3.3 GB  3.7 MB/s    3m5s[K[?25h[?2026l[?2026h[?25l[A[1Gpulling manifest [K
pulling aeda25e63ebd:  79% ▕██████████████    ▏ 2.7 GB/3.3 GB  3.7 MB/s    3m5s[K[?25h[?2026l[?2026h[?25l[A[1Gpulling manifest [K
pulling aeda25e63ebd:  79% ▕██████████████    ▏ 2.7 GB/3.3 GB  3.7 MB/s    3m5s[K[?25h[?2026l[?2026h[?25l[A[1Gpulling manifest [K
pulling aeda25e63ebd:  79% ▕██████████████    ▏ 2.7 GB/3.3 GB  3.7 MB/s    3m5s[K[?25h[?2026l[?2026h[?25l[A[1Gpulling manifest [K
pulling aeda25e63ebd:  79% ▕██████████████    ▏ 2.7 GB/3.3 GB  3.7 MB/s    3m5s[K[?25h[?2026l[?2026h[?25l[A[1Gpulling manifest [K
pulling aeda25e63ebd:  80% ▕██████████████    ▏ 2.7 GB/3.3 GB  3.7 MB/s    3m5s[K[?25h[?2026l[?2026h[?25l[A[1Gpulling manifest [K
pulling aeda25e63ebd:  80% ▕██████████████    ▏ 2.7 GB/3.3 GB  3.7 MB/s    3m4s[K[?25h[?2026l[?2026h[?25l[A[1Gpulling manifest [K
pulling aeda25e63ebd:  80% ▕██████████████    ▏ 2.7 GB/3.3 GB  4.0 MB/s   2m52s[K[?25h[?2026l[?2026h[?25l[A[1Gpulling manifest [K
pulling aeda25e63ebd:  80% ▕██████████████    ▏ 2.7 GB/3.3 GB  4.0 MB/s   2m52s[K[?25h[?2026l[?2026h[?25l[A[1Gpulling manifest [K
pulling aeda25e63ebd:  80% ▕██████████████    ▏ 2.7 GB/3.3 GB  4.0 MB/s   2m52s[K[?25h[?2026l[?2026h[?25l[A[1Gpulling manifest [K
pulling aeda25e63ebd:  80% ▕██████████████    ▏ 2.7 GB/3.3 GB  4.0 MB/s   2m52s[K[?25h[?2026l[?2026h[?25l[A[1Gpulling manifest [K
pulling aeda25e63ebd:  80% ▕██████████████    ▏ 2.7 GB/3.3 GB  4.0 MB/s   2m52s[K[?25h[?2026l[?2026h[?25l[A[1Gpulling manifest [K
pulling aeda25e63ebd:  80% ▕██████████████    ▏ 2.7 GB/3.3 GB  4.0 MB/s   2m52s[K[?25h[?2026l[?2026h[?25l[A[1Gpulling manifest [K
pulling aeda25e63ebd:  80% ▕██████████████    ▏ 2.7 GB/3.3 GB  4.0 MB/s   2m51s[K[?25h[?2026l[?2026h[?25l[A[1Gpulling manifest [K
pulling aeda25e63ebd:  80% ▕██████████████    ▏ 2.7 GB/3.3 GB  4.0 MB/s   2m51s[K[?25h[?2026l[?2026h[?25l[A[1Gpulling manifest [K
pulling aeda25e63ebd:  80% ▕██████████████    ▏ 2.7 GB/3.3 GB  4.0 MB/s   2m51s[K[?25h[?2026l[?2026h[?25l[A[1Gpulling manifest [K
pulling aeda25e63ebd:  80% ▕██████████████    ▏ 2.7 GB/3.3 GB  4.0 MB/s   2m51s[K[?25h[?2026l[?2026h[?25l[A[1Gpulling manifest [K
pulling aeda25e63ebd:  80% ▕██████████████    ▏ 2.7 GB/3.3 GB  4.2 MB/s   2m40s[K[?25h[?2026l[?2026h[?25l[A[1Gpulling manifest [K
pulling aeda25e63ebd:  80% ▕██████████████    ▏ 2.7 GB/3.3 GB  4.2 MB/s   2m40s[K[?25h[?2026l[?2026h[?25l[A[1Gpulling manifest [K
pulling aeda25e63ebd:  80% ▕██████████████    ▏ 2.7 GB/3.3 GB  4.2 MB/s   2m39s[K[?25h[?2026l[?2026h[?25l[A[1Gpulling manifest [K
pulling aeda25e63ebd:  80% ▕██████████████    ▏ 2.7 GB/3.3 GB  4.2 MB/s   2m39s[K[?25h[?2026l[?2026h[?25l[A[1Gpulling manifest [K
pulling aeda25e63ebd:  80% ▕██████████████    ▏ 2.7 GB/3.3 GB  4.2 MB/s   2m39s[K[?25h[?2026l[?2026h[?25l[A[1Gpulling manifest [K
pulling aeda25e63ebd:  80% ▕██████████████    ▏ 2.7 GB/3.3 GB  4.2 MB/s   2m39s[K[?25h[?2026l[?2026h[?25l[A[1Gpulling manifest [K
pulling aeda25e63ebd:  80% ▕██████████████    ▏ 2.7 GB/3.3 GB  4.2 MB/s   2m39s[K[?25h[?2026l[?2026h[?25l[A[1Gpulling manifest [K
pulling aeda25e63ebd:  80% ▕██████████████    ▏ 2.7 GB/3.3 GB  4.2 MB/s   2m39s[K[?25h[?2026l[?2026h[?25l[A[1Gpulling manifest [K
pulling aeda25e63ebd:  80% ▕██████████████    ▏ 2.7 GB/3.3 GB  4.2 MB/s   2m39s[K[?25h[?2026l[?2026h[?25l[A[1Gpulling manifest [K
pulling aeda25e63ebd:  80% ▕██████████████    ▏ 2.7 GB/3.3 GB  4.2 MB/s   2m38s[K[?25h[?2026l[?2026h[?25l[A[1Gpulling manifest [K
pulling aeda25e63ebd:  80% ▕██████████████    ▏ 2.7 GB/3.3 GB  4.5 MB/s   2m28s[K[?25h[?2026l[?2026h[?25l[A[1Gpulling manifest [K
pulling aeda25e63ebd:  80% ▕██████████████    ▏ 2.7 GB/3.3 GB  4.5 MB/s   2m28s[K[?25h[?2026l[?2026h[?25l[A[1Gpulling manifest [K
pulling aeda25e63ebd:  80% ▕██████████████    ▏ 2.7 GB/3.3 GB  4.5 MB/s   2m28s[K[?25h[?2026l[?2026h[?25l[A[1Gpulling manifest [K
pulling aeda25e63ebd:  80% ▕██████████████    ▏ 2.7 GB/3.3 GB  4.5 MB/s   2m28s[K[?25h[?2026l[?2026h[?25l[A[1Gpulling manifest [K
pulling aeda25e63ebd:  80% ▕██████████████    ▏ 2.7 GB/3.3 GB  4.5 MB/s   2m28s[K[?25h[?2026l[?2026h[?25l[A[1Gpulling manifest [K
pulling aeda25e63ebd:  80% ▕██████████████    ▏ 2.7 GB/3.3 GB  4.5 MB/s   2m28s[K[?25h[?2026l[?2026h[?25l[A[1Gpulling manifest [K
pulling aeda25e63ebd:  80% ▕██████████████    ▏ 2.7 GB/3.3 GB  4.5 MB/s   2m27s[K[?25h[?2026l[?2026h[?25l[A[1Gpulling manifest [K
pulling aeda25e63ebd:  80% ▕██████████████    ▏ 2.7 GB/3.3 GB  4.5 MB/s   2m27s[K[?25h[?2026l[?2026h[?25l[A[1Gpulling manifest [K
pulling aeda25e63ebd:  80% ▕██████████████    ▏ 2.7 GB/3.3 GB  4.5 MB/s   2m27s[K[?25h[?2026l[?2026h[?25l[A[1Gpulling manifest [K
pulling aeda25e63ebd:  80% ▕██████████████    ▏ 2.7 GB/3.3 GB  4.5 MB/s   2m27s[K[?25h[?2026l[?2026h[?25l[A[1Gpulling manifest [K
pulling aeda25e63ebd:  80% ▕██████████████    ▏ 2.7 GB/3.3 GB  4.5 MB/s   2m27s[K[?25h[?2026l[?2026h[?25l[A[1Gpulling manifest [K
pulling aeda25e63ebd:  80% ▕██████████████    ▏ 2.7 GB/3.3 GB  4.8 MB/s   2m19s[K[?25h[?2026l[?2026h[?25l[A[1Gpulling manifest [K
pulling aeda25e63ebd:  80% ▕██████████████    ▏ 2.7 GB/3.3 GB  4.8 MB/s   2m19s[K[?25h[?2026l[?2026h[?25l[A[1Gpulling manifest [K
pulling aeda25e63ebd:  80% ▕██████████████    ▏ 2.7 GB/3.3 GB  4.8 MB/s   2m19s[K[?25h[?2026l[?2026h[?25l[A[1Gpulling manifest [K
pulling aeda25e63ebd:  80% ▕██████████████    ▏ 2.7 GB/3.3 GB  4.8 MB/s   2m19s[K[?25h[?2026l[?2026h[?25l[A[1Gpulling manifest [K
pulling aeda25e63ebd:  80% ▕██████████████    ▏ 2.7 GB/3.3 GB  4.8 MB/s   2m19s[K[?25h[?2026l[?2026h[?25l[A[1Gpulling manifest [K
pulling aeda25e63ebd:  80% ▕██████████████    ▏ 2.7 GB/3.3 GB  4.8 MB/s   2m19s[K[?25h[?2026l[?2026h[?25l[A[1Gpulling manifest [K
pulling aeda25e63ebd:  80% ▕██████████████    ▏ 2.7 GB/3.3 GB  4.8 MB/s   2m19s[K[?25h[?2026l[?2026h[?25l[A[1Gpulling manifest [K
pulling aeda25e63ebd:  80% ▕██████████████    ▏ 2.7 GB/3.3 GB  4.8 MB/s   2m19s[K[?25h[?2026l[?2026h[?25l[A[1Gpulling manifest [K
pulling aeda25e63ebd:  80% ▕██████████████    ▏ 2.7 GB/3.3 GB  4.8 MB/s   2m18s[K[?25h[?2026l[?2026h[?25l[A[1Gpulling manifest [K
pulling aeda25e63ebd:  80% ▕██████████████    ▏ 2.7 GB/3.3 GB  4.8 MB/s   2m18s[K[?25h[?2026l[?2026h[?25l[A[1Gpulling manifest [K
pulling aeda25e63ebd:  80% ▕██████████████    ▏ 2.7 GB/3.3 GB  5.0 MB/s   2m10s[K[?25h[?2026l[?2026h[?25l[A[1Gpulling manifest [K
pulling aeda25e63ebd:  80% ▕██████████████    ▏ 2.7 GB/3.3 GB  5.0 MB/s   2m10s[K[?25h[?2026l[?2026h[?25l[A[1Gpulling manifest [K
pulling aeda25e63ebd:  80% ▕██████████████    ▏ 2.7 GB/3.3 GB  5.0 MB/s   2m10s[K[?25h[?2026l[?2026h[?25l[A[1Gpulling manifest [K
pulling aeda25e63ebd:  80% ▕██████████████    ▏ 2.7 GB/3.3 GB  5.0 MB/s   2m10s[K[?25h[?2026l[?2026h[?25l[A[1Gpulling manifest [K
pulling aeda25e63ebd:  80% ▕██████████████    ▏ 2.7 GB/3.3 GB  5.0 MB/s   2m10s[K[?25h[?2026l[?2026h[?25l[A[1Gpulling manifest [K
pulling aeda25e63ebd:  80% ▕██████████████    ▏ 2.7 GB/3.3 GB  5.0 MB/s   2m10s[K[?25h[?2026l[?2026h[?25l[A[1Gpulling manifest [K
pulling aeda25e63ebd:  80% ▕██████████████    ▏ 2.7 GB/3.3 GB  5.0 MB/s   2m10s[K[?25h[?2026l[?2026h[?25l[A[1Gpulling manifest [K
pulling aeda25e63ebd:  80% ▕██████████████    ▏ 2.7 GB/3.3 GB  5.0 MB/s   2m10s[K[?25h[?2026l[?2026h[?25l[A[1Gpulling manifest [K
pulling aeda25e63ebd:  80% ▕██████████████    ▏ 2.7 GB/3.3 GB  5.0 MB/s    2m9s[K[?25h[?2026l[?2026h[?25l[A[1Gpulling manifest [K
pulling aeda25e63ebd:  80% ▕██████████████    ▏ 2.7 GB/3.3 GB  5.0 MB/s    2m9s[K[?25h[?2026l[?2026h[?25l[A[1Gpulling manifest [K
pulling aeda25e63ebd:  80% ▕██████████████    ▏ 2.7 GB/3.3 GB  5.3 MB/s    2m3s[K[?25h[?2026l[?2026h[?25l[A[1Gpulling manifest [K
pulling aeda25e63ebd:  80% ▕██████████████    ▏ 2.7 GB/3.3 GB  5.3 MB/s    2m3s[K[?25h[?2026l[?2026h[?25l[A[1Gpulling manifest [K
pulling aeda25e63ebd:  80% ▕██████████████    ▏ 2.7 GB/3.3 GB  5.3 MB/s    2m2s[K[?25h[?2026l[?2026h[?25l[A[1Gpulling manifest [K
pulling aeda25e63ebd:  80% ▕██████████████    ▏ 2.7 GB/3.3 GB  5.3 MB/s    2m2s[K[?25h[?2026l[?2026h[?25l[A[1Gpulling manifest [K
pulling aeda25e63ebd:  80% ▕██████████████    ▏ 2.7 GB/3.3 GB  5.3 MB/s    2m2s[K[?25h[?2026l[?2026h[?25l[A[1Gpulling manifest [K
pulling aeda25e63ebd:  80% ▕██████████████    ▏ 2.7 GB/3.3 GB  5.3 MB/s    2m2s[K[?25h[?2026l[?2026h[?25l[A[1Gpulling manifest [K
pulling aeda25e63ebd:  80% ▕██████████████    ▏ 2.7 GB/3.3 GB  5.3 MB/s    2m2s[K[?25h[?2026l[?2026h[?25l[A[1Gpulling manifest [K
pulling aeda25e63ebd:  81% ▕██████████████    ▏ 2.7 GB/3.3 GB  5.3 MB/s    2m2s[K[?25h[?2026l[?2026h[?25l[A[1Gpulling manifest [K
pulling aeda25e63ebd:  81% ▕██████████████    ▏ 2.7 GB/3.3 GB  5.3 MB/s    2m2s[K[?25h[?2026l[?2026h[?25l[A[1Gpulling manifest [K
pulling aeda25e63ebd:  81% ▕██████████████    ▏ 2.7 GB/3.3 GB  5.3 MB/s    2m2s[K[?25h[?2026l[?2026h[?25l[A[1Gpulling manifest [K
pulling aeda25e63ebd:  81% ▕██████████████    ▏ 2.7 GB/3.3 GB  5.5 MB/s   1m57s[K[?25h[?2026l[?2026h[?25l[A[1Gpulling manifest [K
pulling aeda25e63ebd:  81% ▕██████████████    ▏ 2.7 GB/3.3 GB  5.5 MB/s   1m56s[K[?25h[?2026l[?2026h[?25l[A[1Gpulling manifest [K
pulling aeda25e63ebd:  81% ▕██████████████    ▏ 2.7 GB/3.3 GB  5.5 MB/s   1m56s[K[?25h[?2026l[?2026h[?25l[A[1Gpulling manifest [K
pulling aeda25e63ebd:  81% ▕██████████████    ▏ 2.7 GB/3.3 GB  5.5 MB/s   1m56s[K[?25h[?2026l[?2026h[?25l[A[1Gpulling manifest [K
pulling aeda25e63ebd:  81% ▕██████████████    ▏ 2.7 GB/3.3 GB  5.5 MB/s   1m56s[K[?25h[?2026l[?2026h[?25l[A[1Gpulling manifest [K
pulling aeda25e63ebd:  81% ▕██████████████    ▏ 2.7 GB/3.3 GB  5.5 MB/s   1m56s[K[?25h[?2026l[?2026h[?25l[A[1Gpulling manifest [K
pulling aeda25e63ebd:  81% ▕██████████████    ▏ 2.7 GB/3.3 GB  5.5 MB/s   1m56s[K[?25h[?2026l[?2026h[?25l[A[1Gpulling manifest [K
pulling aeda25e63ebd:  81% ▕██████████████    ▏ 2.7 GB/3.3 GB  5.5 MB/s   1m56s[K[?25h[?2026l[?2026h[?25l[A[1Gpulling manifest [K
pulling aeda25e63ebd:  81% ▕██████████████    ▏ 2.7 GB/3.3 GB  5.5 MB/s   1m56s[K[?25h[?2026l[?2026h[?25l[A[1Gpulling manifest [K
pulling aeda25e63ebd:  81% ▕██████████████    ▏ 2.7 GB/3.3 GB  5.5 MB/s   1m56s[K[?25h[?2026l[?2026h[?25l[A[1Gpulling manifest [K
pulling aeda25e63ebd:  81% ▕██████████████    ▏ 2.7 GB/3.3 GB  5.6 MB/s   1m54s[K[?25h[?2026l[?2026h[?25l[A[1Gpulling manifest [K
pulling aeda25e63ebd:  81% ▕██████████████    ▏ 2.7 GB/3.3 GB  5.6 MB/s   1m54s[K[?25h[?2026l[?2026h[?25l[A[1Gpulling manifest [K
pulling aeda25e63ebd:  81% ▕██████████████    ▏ 2.7 GB/3.3 GB  5.6 MB/s   1m54s[K[?25h[?2026l[?2026h[?25l[A[1Gpulling manifest [K
pulling aeda25e63ebd:  81% ▕██████████████    ▏ 2.7 GB/3.3 GB  5.6 MB/s   1m53s[K[?25h[?2026l[?2026h[?25l[A[1Gpulling manifest [K
pulling aeda25e63ebd:  81% ▕██████████████    ▏ 2.7 GB/3.3 GB  5.6 MB/s   1m53s[K[?25h[?2026l[?2026h[?25l[A[1Gpulling manifest [K
pulling aeda25e63ebd:  81% ▕██████████████    ▏ 2.7 GB/3.3 GB  5.6 MB/s   1m53s[K[?25h[?2026l[?2026h[?25l[A[1Gpulling manifest [K
pulling aeda25e63ebd:  81% ▕██████████████    ▏ 2.7 GB/3.3 GB  5.6 MB/s   1m53s[K[?25h[?2026l[?2026h[?25l[A[1Gpulling manifest [K
pulling aeda25e63ebd:  81% ▕██████████████    ▏ 2.7 GB/3.3 GB  5.6 MB/s   1m53s[K[?25h[?2026l[?2026h[?25l[A[1Gpulling manifest [K
pulling aeda25e63ebd:  81% ▕██████████████    ▏ 2.7 GB/3.3 GB  5.6 MB/s   1m53s[K[?25h[?2026l[?2026h[?25l[A[1Gpulling manifest [K
pulling aeda25e63ebd:  81% ▕██████████████    ▏ 2.7 GB/3.3 GB  5.6 MB/s   1m53s[K[?25h[?2026l[?2026h[?25l[A[1Gpulling manifest [K
pulling aeda25e63ebd:  81% ▕██████████████    ▏ 2.7 GB/3.3 GB  5.6 MB/s   1m53s[K[?25h[?2026l[?2026h[?25l[A[1Gpulling manifest [K
pulling aeda25e63ebd:  81% ▕██████████████    ▏ 2.7 GB/3.3 GB  5.6 MB/s   1m54s[K[?25h[?2026l[?2026h[?25l[A[1Gpulling manifest [K
pulling aeda25e63ebd:  81% ▕██████████████    ▏ 2.7 GB/3.3 GB  5.6 MB/s   1m54s[K[?25h[?2026l[?2026h[?25l[A[1Gpulling manifest [K
pulling aeda25e63ebd:  81% ▕██████████████    ▏ 2.7 GB/3.3 GB  5.6 MB/s   1m54s[K[?25h[?2026l[?2026h[?25l[A[1Gpulling manifest [K
pulling aeda25e63ebd:  81% ▕██████████████    ▏ 2.7 GB/3.3 GB  5.6 MB/s   1m54s[K[?25h[?2026l[?2026h[?25l[A[1Gpulling manifest [K
pulling aeda25e63ebd:  81% ▕██████████████    ▏ 2.7 GB/3.3 GB  5.6 MB/s   1m54s[K[?25h[?2026l[?2026h[?25l[A[1Gpulling manifest [K
pulling aeda25e63ebd:  81% ▕██████████████    ▏ 2.7 GB/3.3 GB  5.6 MB/s   1m54s[K[?25h[?2026l[?2026h[?25l[A[1Gpulling manifest [K
pulling aeda25e63ebd:  81% ▕██████████████    ▏ 2.7 GB/3.3 GB  5.6 MB/s   1m54s[K[?25h[?2026l[?2026h[?25l[A[1Gpulling manifest [K
pulling aeda25e63ebd:  81% ▕██████████████    ▏ 2.7 GB/3.3 GB  5.6 MB/s   1m53s[K[?25h[?2026l[?2026h[?25l[A[1Gpulling manifest [K
pulling aeda25e63ebd:  81% ▕██████████████    ▏ 2.7 GB/3.3 GB  5.6 MB/s   1m53s[K[?25h[?2026l[?2026h[?25l[A[1Gpulling manifest [K
pulling aeda25e63ebd:  81% ▕██████████████    ▏ 2.7 GB/3.3 GB  5.6 MB/s   1m53s[K[?25h[?2026l[?2026h[?25l[A[1Gpulling manifest [K
pulling aeda25e63ebd:  81% ▕██████████████    ▏ 2.7 GB/3.3 GB  5.6 MB/s   1m53s[K[?25h[?2026l[?2026h[?25l[A[1Gpulling manifest [K
pulling aeda25e63ebd:  81% ▕██████████████    ▏ 2.7 GB/3.3 GB  5.6 MB/s   1m53s[K[?25h[?2026l[?2026h[?25l[A[1Gpulling manifest [K
pulling aeda25e63ebd:  81% ▕██████████████    ▏ 2.7 GB/3.3 GB  5.6 MB/s   1m53s[K[?25h[?2026l[?2026h[?25l[A[1Gpulling manifest [K
pulling aeda25e63ebd:  81% ▕██████████████    ▏ 2.7 GB/3.3 GB  5.6 MB/s   1m53s[K[?25h[?2026l[?2026h[?25l[A[1Gpulling manifest [K
pulling aeda25e63ebd:  81% ▕██████████████    ▏ 2.7 GB/3.3 GB  5.6 MB/s   1m53s[K[?25h[?2026l[?2026h[?25l[A[1Gpulling manifest [K
pulling aeda25e63ebd:  81% ▕██████████████    ▏ 2.7 GB/3.3 GB  5.6 MB/s   1m52s[K[?25h[?2026l[?2026h[?25l[A[1Gpulling manifest [K
pulling aeda25e63ebd:  81% ▕██████████████    ▏ 2.7 GB/3.3 GB  5.6 MB/s   1m52s[K[?25h[?2026l[?2026h[?25l[A[1Gpulling manifest [K
pulling aeda25e63ebd:  81% ▕██████████████    ▏ 2.7 GB/3.3 GB  5.6 MB/s   1m52s[K[?25h[?2026l[?2026h[?25l[A[1Gpulling manifest [K
pulling aeda25e63ebd:  81% ▕██████████████    ▏ 2.7 GB/3.3 GB  5.6 MB/s   1m52s[K[?25h[?2026l[?2026h[?25l[A[1Gpulling manifest [K
pulling aeda25e63ebd:  81% ▕██████████████    ▏ 2.7 GB/3.3 GB  5.6 MB/s   1m52s[K[?25h[?2026l[?2026h[?25l[A[1Gpulling manifest [K
pulling aeda25e63ebd:  81% ▕██████████████    ▏ 2.7 GB/3.3 GB  5.6 MB/s   1m51s[K[?25h[?2026l[?2026h[?25l[A[1Gpulling manifest [K
pulling aeda25e63ebd:  81% ▕██████████████    ▏ 2.7 GB/3.3 GB  5.6 MB/s   1m51s[K[?25h[?2026l[?2026h[?25l[A[1Gpulling manifest [K
pulling aeda25e63ebd:  81% ▕██████████████    ▏ 2.7 GB/3.3 GB  5.6 MB/s   1m51s[K[?25h[?2026l[?2026h[?25l[A[1Gpulling manifest [K
pulling aeda25e63ebd:  81% ▕██████████████    ▏ 2.7 GB/3.3 GB  5.6 MB/s   1m51s[K[?25h[?2026l[?2026h[?25l[A[1Gpulling manifest [K
pulling aeda25e63ebd:  81% ▕██████████████    ▏ 2.7 GB/3.3 GB  5.6 MB/s   1m51s[K[?25h[?2026l[?2026h[?25l[A[1Gpulling manifest [K
pulling aeda25e63ebd:  81% ▕██████████████    ▏ 2.7 GB/3.3 GB  5.6 MB/s   1m51s[K[?25h[?2026l[?2026h[?25l[A[1Gpulling manifest [K
pulling aeda25e63ebd:  81% ▕██████████████    ▏ 2.7 GB/3.3 GB  5.6 MB/s   1m51s[K[?25h[?2026l[?2026h[?25l[A[1Gpulling manifest [K
pulling aeda25e63ebd:  81% ▕██████████████    ▏ 2.7 GB/3.3 GB  5.6 MB/s   1m51s[K[?25h[?2026l[?2026h[?25l[A[1Gpulling manifest [K
pulling aeda25e63ebd:  81% ▕██████████████    ▏ 2.7 GB/3.3 GB  5.6 MB/s   1m51s[K[?25h[?2026l[?2026h[?25l[A[1Gpulling manifest [K
pulling aeda25e63ebd:  81% ▕██████████████    ▏ 2.7 GB/3.3 GB  5.6 MB/s   1m51s[K[?25h[?2026l[?2026h[?25l[A[1Gpulling manifest [K
pulling aeda25e63ebd:  81% ▕██████████████    ▏ 2.7 GB/3.3 GB  5.6 MB/s   1m50s[K[?25h[?2026l[?2026h[?25l[A[1Gpulling manifest [K
pulling aeda25e63ebd:  81% ▕██████████████    ▏ 2.7 GB/3.3 GB  5.6 MB/s   1m50s[K[?25h[?2026l[?2026h[?25l[A[1Gpulling manifest [K
pulling aeda25e63ebd:  81% ▕██████████████    ▏ 2.7 GB/3.3 GB  5.6 MB/s   1m50s[K[?25h[?2026l[?2026h[?25l[A[1Gpulling manifest [K
pulling aeda25e63ebd:  81% ▕██████████████    ▏ 2.7 GB/3.3 GB  5.6 MB/s   1m50s[K[?25h[?2026l[?2026h[?25l[A[1Gpulling manifest [K
pulling aeda25e63ebd:  81% ▕██████████████    ▏ 2.7 GB/3.3 GB  5.6 MB/s   1m50s[K[?25h[?2026l[?2026h[?25l[A[1Gpulling manifest [K
pulling aeda25e63ebd:  81% ▕██████████████    ▏ 2.7 GB/3.3 GB  5.6 MB/s   1m50s[K[?25h[?2026l[?2026h[?25l[A[1Gpulling manifest [K
pulling aeda25e63ebd:  81% ▕██████████████    ▏ 2.7 GB/3.3 GB  5.6 MB/s   1m49s[K[?25h[?2026l[?2026h[?25l[A[1Gpulling manifest [K
pulling aeda25e63ebd:  82% ▕██████████████    ▏ 2.7 GB/3.3 GB  5.6 MB/s   1m49s[K[?25h[?2026l[?2026h[?25l[A[1Gpulling manifest [K
pulling aeda25e63ebd:  82% ▕██████████████    ▏ 2.7 GB/3.3 GB  5.6 MB/s   1m49s[K[?25h[?2026l[?2026h[?25l[A[1Gpulling manifest [K
pulling aeda25e63ebd:  82% ▕██████████████    ▏ 2.7 GB/3.3 GB  5.6 MB/s   1m49s[K[?25h[?2026l[?2026h[?25l[A[1Gpulling manifest [K
pulling aeda25e63ebd:  82% ▕██████████████    ▏ 2.7 GB/3.3 GB  5.7 MB/s   1m48s[K[?25h[?2026l[?2026h[?25l[A[1Gpulling manifest [K
pulling aeda25e63ebd:  82% ▕██████████████    ▏ 2.7 GB/3.3 GB  5.7 MB/s   1m48s[K[?25h[?2026l[?2026h[?25l[A[1Gpulling manifest [K
pulling aeda25e63ebd:  82% ▕██████████████    ▏ 2.7 GB/3.3 GB  5.7 MB/s   1m47s[K[?25h[?2026l[?2026h[?25l[A[1Gpulling manifest [K
pulling aeda25e63ebd:  82% ▕██████████████    ▏ 2.7 GB/3.3 GB  5.7 MB/s   1m47s[K[?25h[?2026l[?2026h[?25l[A[1Gpulling manifest [K
pulling aeda25e63ebd:  82% ▕██████████████    ▏ 2.7 GB/3.3 GB  5.7 MB/s   1m47s[K[?25h[?2026l[?2026h[?25l[A[1Gpulling manifest [K
pulling aeda25e63ebd:  82% ▕██████████████    ▏ 2.7 GB/3.3 GB  5.7 MB/s   1m47s[K[?25h[?2026l[?2026h[?25l[A[1Gpulling manifest [K
pulling aeda25e63ebd:  82% ▕██████████████    ▏ 2.7 GB/3.3 GB  5.7 MB/s   1m47s[K[?25h[?2026l[?2026h[?25l[A[1Gpulling manifest [K
pulling aeda25e63ebd:  82% ▕██████████████    ▏ 2.7 GB/3.3 GB  5.7 MB/s   1m47s[K[?25h[?2026l[?2026h[?25l[A[1Gpulling manifest [K
pulling aeda25e63ebd:  82% ▕██████████████    ▏ 2.7 GB/3.3 GB  5.7 MB/s   1m47s[K[?25h[?2026l[?2026h[?25l[A[1Gpulling manifest [K
pulling aeda25e63ebd:  82% ▕██████████████    ▏ 2.7 GB/3.3 GB  5.7 MB/s   1m47s[K[?25h[?2026l[?2026h[?25l[A[1Gpulling manifest [K
pulling aeda25e63ebd:  82% ▕██████████████    ▏ 2.7 GB/3.3 GB  5.7 MB/s   1m47s[K[?25h[?2026l[?2026h[?25l[A[1Gpulling manifest [K
pulling aeda25e63ebd:  82% ▕██████████████    ▏ 2.7 GB/3.3 GB  5.6 MB/s   1m47s[K[?25h[?2026l[?2026h[?25l[A[1Gpulling manifest [K
pulling aeda25e63ebd:  82% ▕██████████████    ▏ 2.7 GB/3.3 GB  5.6 MB/s   1m47s[K[?25h[?2026l[?2026h[?25l[A[1Gpulling manifest [K
pulling aeda25e63ebd:  82% ▕██████████████    ▏ 2.7 GB/3.3 GB  5.6 MB/s   1m47s[K[?25h[?2026l[?2026h[?25l[A[1Gpulling manifest [K
pulling aeda25e63ebd:  82% ▕██████████████    ▏ 2.7 GB/3.3 GB  5.6 MB/s   1m47s[K[?25h[?2026l[?2026h[?25l[A[1Gpulling manifest [K
pulling aeda25e63ebd:  82% ▕██████████████    ▏ 2.7 GB/3.3 GB  5.6 MB/s   1m47s[K[?25h[?2026l[?2026h[?25l[A[1Gpulling manifest [K
pulling aeda25e63ebd:  82% ▕██████████████    ▏ 2.7 GB/3.3 GB  5.6 MB/s   1m47s[K[?25h[?2026l[?2026h[?25l[A[1Gpulling manifest [K
pulling aeda25e63ebd:  82% ▕██████████████    ▏ 2.7 GB/3.3 GB  5.6 MB/s   1m47s[K[?25h[?2026l[?2026h[?25l[A[1Gpulling manifest [K
pulling aeda25e63ebd:  82% ▕██████████████    ▏ 2.7 GB/3.3 GB  5.6 MB/s   1m47s[K[?25h[?2026l[?2026h[?25l[A[1Gpulling manifest [K
pulling aeda25e63ebd:  82% ▕██████████████    ▏ 2.7 GB/3.3 GB  5.6 MB/s   1m47s[K[?25h[?2026l[?2026h[?25l[A[1Gpulling manifest [K
pulling aeda25e63ebd:  82% ▕██████████████    ▏ 2.7 GB/3.3 GB  5.6 MB/s   1m46s[K[?25h[?2026l[?2026h[?25l[A[1Gpulling manifest [K
pulling aeda25e63ebd:  82% ▕██████████████    ▏ 2.7 GB/3.3 GB  5.7 MB/s   1m46s[K[?25h[?2026l[?2026h[?25l[A[1Gpulling manifest [K
pulling aeda25e63ebd:  82% ▕██████████████    ▏ 2.7 GB/3.3 GB  5.7 MB/s   1m46s[K[?25h[?2026l[?2026h[?25l[A[1Gpulling manifest [K
pulling aeda25e63ebd:  82% ▕██████████████    ▏ 2.7 GB/3.3 GB  5.7 MB/s   1m46s[K[?25h[?2026l[?2026h[?25l[A[1Gpulling manifest [K
pulling aeda25e63ebd:  82% ▕██████████████    ▏ 2.7 GB/3.3 GB  5.7 MB/s   1m46s[K[?25h[?2026l[?2026h[?25l[A[1Gpulling manifest [K
pulling aeda25e63ebd:  82% ▕██████████████    ▏ 2.7 GB/3.3 GB  5.7 MB/s   1m46s[K[?25h[?2026l[?2026h[?25l[A[1Gpulling manifest [K
pulling aeda25e63ebd:  82% ▕██████████████    ▏ 2.7 GB/3.3 GB  5.7 MB/s   1m45s[K[?25h[?2026l[?2026h[?25l[A[1Gpulling manifest [K
pulling aeda25e63ebd:  82% ▕██████████████    ▏ 2.7 GB/3.3 GB  5.7 MB/s   1m45s[K[?25h[?2026l[?2026h[?25l[A[1Gpulling manifest [K
pulling aeda25e63ebd:  82% ▕██████████████    ▏ 2.7 GB/3.3 GB  5.7 MB/s   1m45s[K[?25h[?2026l[?2026h[?25l[A[1Gpulling manifest [K
pulling aeda25e63ebd:  82% ▕██████████████    ▏ 2.7 GB/3.3 GB  5.7 MB/s   1m45s[K[?25h[?2026l[?2026h[?25l[A[1Gpulling manifest [K
pulling aeda25e63ebd:  82% ▕██████████████    ▏ 2.7 GB/3.3 GB  5.7 MB/s   1m45s[K[?25h[?2026l[?2026h[?25l[A[1Gpulling manifest [K
pulling aeda25e63ebd:  82% ▕██████████████    ▏ 2.7 GB/3.3 GB  5.7 MB/s   1m45s[K[?25h[?2026l[?2026h[?25l[A[1Gpulling manifest [K
pulling aeda25e63ebd:  82% ▕██████████████    ▏ 2.7 GB/3.3 GB  5.7 MB/s   1m45s[K[?25h[?2026l[?2026h[?25l[A[1Gpulling manifest [K
pulling aeda25e63ebd:  82% ▕██████████████    ▏ 2.7 GB/3.3 GB  5.7 MB/s   1m45s[K[?25h[?2026l[?2026h[?25l[A[1Gpulling manifest [K
pulling aeda25e63ebd:  82% ▕██████████████    ▏ 2.7 GB/3.3 GB  5.7 MB/s   1m45s[K[?25h[?2026l[?2026h[?25l[A[1Gpulling manifest [K
pulling aeda25e63ebd:  82% ▕██████████████    ▏ 2.7 GB/3.3 GB  5.7 MB/s   1m45s[K[?25h[?2026l[?2026h[?25l[A[1Gpulling manifest [K
pulling aeda25e63ebd:  82% ▕██████████████    ▏ 2.7 GB/3.3 GB  5.7 MB/s   1m45s[K[?25h[?2026l[?2026h[?25l[A[1Gpulling manifest [K
pulling aeda25e63ebd:  82% ▕██████████████    ▏ 2.7 GB/3.3 GB  5.7 MB/s   1m44s[K[?25h[?2026l[?2026h[?25l[A[1Gpulling manifest [K
pulling aeda25e63ebd:  82% ▕██████████████    ▏ 2.7 GB/3.3 GB  5.7 MB/s   1m44s[K[?25h[?2026l[?2026h[?25l[A[1Gpulling manifest [K
pulling aeda25e63ebd:  82% ▕██████████████    ▏ 2.7 GB/3.3 GB  5.7 MB/s   1m44s[K[?25h[?2026l[?2026h[?25l[A[1Gpulling manifest [K
pulling aeda25e63ebd:  82% ▕██████████████    ▏ 2.7 GB/3.3 GB  5.7 MB/s   1m44s[K[?25h[?2026l[?2026h[?25l[A[1Gpulling manifest [K
pulling aeda25e63ebd:  82% ▕██████████████    ▏ 2.7 GB/3.3 GB  5.7 MB/s   1m43s[K[?25h[?2026l[?2026h[?25l[A[1Gpulling manifest [K
pulling aeda25e63ebd:  82% ▕██████████████    ▏ 2.7 GB/3.3 GB  5.7 MB/s   1m43s[K[?25h[?2026l[?2026h[?25l[A[1Gpulling manifest [K
pulling aeda25e63ebd:  82% ▕██████████████    ▏ 2.7 GB/3.3 GB  5.7 MB/s   1m43s[K[?25h[?2026l[?2026h[?25l[A[1Gpulling manifest [K
pulling aeda25e63ebd:  82% ▕██████████████    ▏ 2.7 GB/3.3 GB  5.7 MB/s   1m42s[K[?25h[?2026l[?2026h[?25l[A[1Gpulling manifest [K
pulling aeda25e63ebd:  82% ▕██████████████    ▏ 2.7 GB/3.3 GB  5.7 MB/s   1m42s[K[?25h[?2026l[?2026h[?25l[A[1Gpulling manifest [K
pulling aeda25e63ebd:  82% ▕██████████████    ▏ 2.7 GB/3.3 GB  5.7 MB/s   1m42s[K[?25h[?2026l[?2026h[?25l[A[1Gpulling manifest [K
pulling aeda25e63ebd:  82% ▕██████████████    ▏ 2.8 GB/3.3 GB  5.7 MB/s   1m42s[K[?25h[?2026l[?2026h[?25l[A[1Gpulling manifest [K
pulling aeda25e63ebd:  82% ▕██████████████    ▏ 2.8 GB/3.3 GB  5.7 MB/s   1m42s[K[?25h[?2026l[?2026h[?25l[A[1Gpulling manifest [K
pulling aeda25e63ebd:  82% ▕██████████████    ▏ 2.8 GB/3.3 GB  5.7 MB/s   1m42s[K[?25h[?2026l[?2026h[?25l[A[1Gpulling manifest [K
pulling aeda25e63ebd:  82% ▕██████████████    ▏ 2.8 GB/3.3 GB  5.7 MB/s   1m42s[K[?25h[?2026l[?2026h[?25l[A[1Gpulling manifest [K
pulling aeda25e63ebd:  82% ▕██████████████    ▏ 2.8 GB/3.3 GB  5.8 MB/s   1m41s[K[?25h[?2026l[?2026h[?25l[A[1Gpulling manifest [K
pulling aeda25e63ebd:  82% ▕██████████████    ▏ 2.8 GB/3.3 GB  5.8 MB/s   1m41s[K[?25h[?2026l[?2026h[?25l[A[1Gpulling manifest [K
pulling aeda25e63ebd:  82% ▕██████████████    ▏ 2.8 GB/3.3 GB  5.8 MB/s   1m41s[K[?25h[?2026l[?2026h[?25l[A[1Gpulling manifest [K
pulling aeda25e63ebd:  82% ▕██████████████    ▏ 2.8 GB/3.3 GB  5.8 MB/s   1m41s[K[?25h[?2026l[?2026h[?25l[A[1Gpulling manifest [K
pulling aeda25e63ebd:  82% ▕██████████████    ▏ 2.8 GB/3.3 GB  5.8 MB/s   1m41s[K[?25h[?2026l[?2026h[?25l[A[1Gpulling manifest [K
pulling aeda25e63ebd:  82% ▕██████████████    ▏ 2.8 GB/3.3 GB  5.8 MB/s   1m41s[K[?25h[?2026l[?2026h[?25l[A[1Gpulling manifest [K
pulling aeda25e63ebd:  83% ▕██████████████    ▏ 2.8 GB/3.3 GB  5.8 MB/s   1m41s[K[?25h[?2026l[?2026h[?25l[A[1Gpulling manifest [K
pulling aeda25e63ebd:  83% ▕██████████████    ▏ 2.8 GB/3.3 GB  5.8 MB/s   1m41s[K[?25h[?2026l[?2026h[?25l[A[1Gpulling manifest [K
pulling aeda25e63ebd:  83% ▕██████████████    ▏ 2.8 GB/3.3 GB  5.8 MB/s   1m40s[K[?25h[?2026l[?2026h[?25l[A[1Gpulling manifest [K
pulling aeda25e63ebd:  83% ▕██████████████    ▏ 2.8 GB/3.3 GB  5.8 MB/s   1m40s[K[?25h[?2026l[?2026h[?25l[A[1Gpulling manifest [K
pulling aeda25e63ebd:  83% ▕██████████████    ▏ 2.8 GB/3.3 GB  5.8 MB/s   1m40s[K[?25h[?2026l[?2026h[?25l[A[1Gpulling manifest [K
pulling aeda25e63ebd:  83% ▕██████████████    ▏ 2.8 GB/3.3 GB  5.7 MB/s   1m42s[K[?25h[?2026l[?2026h[?25l[A[1Gpulling manifest [K
pulling aeda25e63ebd:  83% ▕██████████████    ▏ 2.8 GB/3.3 GB  5.7 MB/s   1m42s[K[?25h[?2026l[?2026h[?25l[A[1Gpulling manifest [K
pulling aeda25e63ebd:  83% ▕██████████████    ▏ 2.8 GB/3.3 GB  5.7 MB/s   1m42s[K[?25h[?2026l[?2026h[?25l[A[1Gpulling manifest [K
pulling aeda25e63ebd:  83% ▕██████████████    ▏ 2.8 GB/3.3 GB  5.7 MB/s   1m42s[K[?25h[?2026l[?2026h[?25l[A[1Gpulling manifest [K
pulling aeda25e63ebd:  83% ▕██████████████    ▏ 2.8 GB/3.3 GB  5.7 MB/s   1m42s[K[?25h[?2026l[?2026h[?25l[A[1Gpulling manifest [K
pulling aeda25e63ebd:  83% ▕██████████████    ▏ 2.8 GB/3.3 GB  5.7 MB/s   1m42s[K[?25h[?2026l[?2026h[?25l[A[1Gpulling manifest [K
pulling aeda25e63ebd:  83% ▕██████████████    ▏ 2.8 GB/3.3 GB  5.7 MB/s   1m42s[K[?25h[?2026l[?2026h[?25l[A[1Gpulling manifest [K
pulling aeda25e63ebd:  83% ▕██████████████    ▏ 2.8 GB/3.3 GB  5.7 MB/s   1m41s[K[?25h[?2026l[?2026h[?25l[A[1Gpulling manifest [K
pulling aeda25e63ebd:  83% ▕██████████████    ▏ 2.8 GB/3.3 GB  5.7 MB/s   1m41s[K[?25h[?2026l[?2026h[?25l[A[1Gpulling manifest [K
pulling aeda25e63ebd:  83% ▕██████████████    ▏ 2.8 GB/3.3 GB  5.7 MB/s   1m41s[K[?25h[?2026l[?2026h[?25l[A[1Gpulling manifest [K
pulling aeda25e63ebd:  83% ▕██████████████    ▏ 2.8 GB/3.3 GB  5.6 MB/s   1m42s[K[?25h[?2026l[?2026h[?25l[A[1Gpulling manifest [K
pulling aeda25e63ebd:  83% ▕██████████████    ▏ 2.8 GB/3.3 GB  5.6 MB/s   1m42s[K[?25h[?2026l[?2026h[?25l[A[1Gpulling manifest [K
pulling aeda25e63ebd:  83% ▕██████████████    ▏ 2.8 GB/3.3 GB  5.6 MB/s   1m42s[K[?25h[?2026l[?2026h[?25l[A[1Gpulling manifest [K
pulling aeda25e63ebd:  83% ▕██████████████    ▏ 2.8 GB/3.3 GB  5.6 MB/s   1m42s[K[?25h[?2026l[?2026h[?25l[A[1Gpulling manifest [K
pulling aeda25e63ebd:  83% ▕██████████████    ▏ 2.8 GB/3.3 GB  5.6 MB/s   1m42s[K[?25h[?2026l[?2026h[?25l[A[1Gpulling manifest [K
pulling aeda25e63ebd:  83% ▕██████████████    ▏ 2.8 GB/3.3 GB  5.6 MB/s   1m42s[K[?25h[?2026l[?2026h[?25l[A[1Gpulling manifest [K
pulling aeda25e63ebd:  83% ▕██████████████    ▏ 2.8 GB/3.3 GB  5.6 MB/s   1m42s[K[?25h[?2026l[?2026h[?25l[A[1Gpulling manifest [K
pulling aeda25e63ebd:  83% ▕██████████████    ▏ 2.8 GB/3.3 GB  5.6 MB/s   1m42s[K[?25h[?2026l[?2026h[?25l[A[1Gpulling manifest [K
pulling aeda25e63ebd:  83% ▕██████████████    ▏ 2.8 GB/3.3 GB  5.6 MB/s   1m41s[K[?25h[?2026l[?2026h[?25l[A[1Gpulling manifest [K
pulling aeda25e63ebd:  83% ▕██████████████    ▏ 2.8 GB/3.3 GB  5.6 MB/s   1m41s[K[?25h[?2026l[?2026h[?25l[A[1Gpulling manifest [K
pulling aeda25e63ebd:  83% ▕██████████████    ▏ 2.8 GB/3.3 GB  5.5 MB/s   1m43s[K[?25h[?2026l[?2026h[?25l[A[1Gpulling manifest [K
pulling aeda25e63ebd:  83% ▕██████████████    ▏ 2.8 GB/3.3 GB  5.5 MB/s   1m43s[K[?25h[?2026l[?2026h[?25l[A[1Gpulling manifest [K
pulling aeda25e63ebd:  83% ▕██████████████    ▏ 2.8 GB/3.3 GB  5.5 MB/s   1m43s[K[?25h[?2026l[?2026h[?25l[A[1Gpulling manifest [K
pulling aeda25e63ebd:  83% ▕██████████████    ▏ 2.8 GB/3.3 GB  5.5 MB/s   1m42s[K[?25h[?2026l[?2026h[?25l[A[1Gpulling manifest [K
pulling aeda25e63ebd:  83% ▕██████████████    ▏ 2.8 GB/3.3 GB  5.5 MB/s   1m42s[K[?25h[?2026l[?2026h[?25l[A[1Gpulling manifest [K
pulling aeda25e63ebd:  83% ▕██████████████    ▏ 2.8 GB/3.3 GB  5.5 MB/s   1m42s[K[?25h[?2026l[?2026h[?25l[A[1Gpulling manifest [K
pulling aeda25e63ebd:  83% ▕██████████████    ▏ 2.8 GB/3.3 GB  5.5 MB/s   1m42s[K[?25h[?2026l[?2026h[?25l[A[1Gpulling manifest [K
pulling aeda25e63ebd:  83% ▕██████████████    ▏ 2.8 GB/3.3 GB  5.5 MB/s   1m42s[K[?25h[?2026l[?2026h[?25l[A[1Gpulling manifest [K
pulling aeda25e63ebd:  83% ▕██████████████    ▏ 2.8 GB/3.3 GB  5.5 MB/s   1m42s[K[?25h[?2026l[?2026h[?25l[A[1Gpulling manifest [K
pulling aeda25e63ebd:  83% ▕██████████████    ▏ 2.8 GB/3.3 GB  5.5 MB/s   1m42s[K[?25h[?2026l[?2026h[?25l[A[1Gpulling manifest [K
pulling aeda25e63ebd:  83% ▕██████████████    ▏ 2.8 GB/3.3 GB  5.5 MB/s   1m42s[K[?25h[?2026l[?2026h[?25l[A[1Gpulling manifest [K
pulling aeda25e63ebd:  83% ▕██████████████    ▏ 2.8 GB/3.3 GB  5.5 MB/s   1m42s[K[?25h[?2026l[?2026h[?25l[A[1Gpulling manifest [K
pulling aeda25e63ebd:  83% ▕██████████████    ▏ 2.8 GB/3.3 GB  5.5 MB/s   1m42s[K[?25h[?2026l[?2026h[?25l[A[1Gpulling manifest [K
pulling aeda25e63ebd:  83% ▕██████████████    ▏ 2.8 GB/3.3 GB  5.5 MB/s   1m42s[K[?25h[?2026l[?2026h[?25l[A[1Gpulling manifest [K
pulling aeda25e63ebd:  83% ▕██████████████    ▏ 2.8 GB/3.3 GB  5.5 MB/s   1m42s[K[?25h[?2026l[?2026h[?25l[A[1Gpulling manifest [K
pulling aeda25e63ebd:  83% ▕██████████████    ▏ 2.8 GB/3.3 GB  5.5 MB/s   1m42s[K[?25h[?2026l[?2026h[?25l[A[1Gpulling manifest [K
pulling aeda25e63ebd:  83% ▕██████████████    ▏ 2.8 GB/3.3 GB  5.5 MB/s   1m42s[K[?25h[?2026l[?2026h[?25l[A[1Gpulling manifest [K
pulling aeda25e63ebd:  83% ▕██████████████    ▏ 2.8 GB/3.3 GB  5.5 MB/s   1m42s[K[?25h[?2026l[?2026h[?25l[A[1Gpulling manifest [K
pulling aeda25e63ebd:  83% ▕██████████████    ▏ 2.8 GB/3.3 GB  5.5 MB/s   1m42s[K[?25h[?2026l[?2026h[?25l[A[1Gpulling manifest [K
pulling aeda25e63ebd:  83% ▕██████████████    ▏ 2.8 GB/3.3 GB  5.5 MB/s   1m41s[K[?25h[?2026l[?2026h[?25l[A[1Gpulling manifest [K
pulling aeda25e63ebd:  83% ▕██████████████    ▏ 2.8 GB/3.3 GB  5.5 MB/s   1m41s[K[?25h[?2026l[?2026h[?25l[A[1Gpulling manifest [K
pulling aeda25e63ebd:  83% ▕██████████████    ▏ 2.8 GB/3.3 GB  5.5 MB/s   1m41s[K[?25h[?2026l[?2026h[?25l[A[1Gpulling manifest [K
pulling aeda25e63ebd:  83% ▕██████████████    ▏ 2.8 GB/3.3 GB  5.5 MB/s   1m41s[K[?25h[?2026l[?2026h[?25l[A[1Gpulling manifest [K
pulling aeda25e63ebd:  83% ▕██████████████    ▏ 2.8 GB/3.3 GB  5.5 MB/s   1m41s[K[?25h[?2026l[?2026h[?25l[A[1Gpulling manifest [K
pulling aeda25e63ebd:  83% ▕██████████████    ▏ 2.8 GB/3.3 GB  5.5 MB/s   1m41s[K[?25h[?2026l[?2026h[?25l[A[1Gpulling manifest [K
pulling aeda25e63ebd:  83% ▕██████████████    ▏ 2.8 GB/3.3 GB  5.5 MB/s   1m41s[K[?25h[?2026l[?2026h[?25l[A[1Gpulling manifest [K
pulling aeda25e63ebd:  83% ▕███████████████   ▏ 2.8 GB/3.3 GB  5.5 MB/s   1m40s[K[?25h[?2026l[?2026h[?25l[A[1Gpulling manifest [K
pulling aeda25e63ebd:  83% ▕███████████████   ▏ 2.8 GB/3.3 GB  5.5 MB/s   1m40s[K[?25h[?2026l[?2026h[?25l[A[1Gpulling manifest [K
pulling aeda25e63ebd:  83% ▕███████████████   ▏ 2.8 GB/3.3 GB  5.5 MB/s   1m40s[K[?25h[?2026l[?2026h[?25l[A[1Gpulling manifest [K
pulling aeda25e63ebd:  83% ▕███████████████   ▏ 2.8 GB/3.3 GB  5.5 MB/s   1m40s[K[?25h[?2026l[?2026h[?25l[A[1Gpulling manifest [K
pulling aeda25e63ebd:  83% ▕███████████████   ▏ 2.8 GB/3.3 GB  5.5 MB/s   1m40s[K[?25h[?2026l[?2026h[?25l[A[1Gpulling manifest [K
pulling aeda25e63ebd:  83% ▕███████████████   ▏ 2.8 GB/3.3 GB  5.5 MB/s   1m40s[K[?25h[?2026l[?2026h[?25l[A[1Gpulling manifest [K
pulling aeda25e63ebd:  83% ▕███████████████   ▏ 2.8 GB/3.3 GB  5.5 MB/s   1m40s[K[?25h[?2026l[?2026h[?25l[A[1Gpulling manifest [K
pulling aeda25e63ebd:  83% ▕███████████████   ▏ 2.8 GB/3.3 GB  5.5 MB/s   1m40s[K[?25h[?2026l[?2026h[?25l[A[1Gpulling manifest [K
pulling aeda25e63ebd:  83% ▕███████████████   ▏ 2.8 GB/3.3 GB  5.5 MB/s   1m40s[K[?25h[?2026l[?2026h[?25l[A[1Gpulling manifest [K
pulling aeda25e63ebd:  83% ▕███████████████   ▏ 2.8 GB/3.3 GB  5.5 MB/s   1m40s[K[?25h[?2026l[?2026h[?25l[A[1Gpulling manifest [K
pulling aeda25e63ebd:  84% ▕███████████████   ▏ 2.8 GB/3.3 GB  5.5 MB/s   1m40s[K[?25h[?2026l[?2026h[?25l[A[1Gpulling manifest [K
pulling aeda25e63ebd:  84% ▕███████████████   ▏ 2.8 GB/3.3 GB  5.5 MB/s   1m40s[K[?25h[?2026l[?2026h[?25l[A[1Gpulling manifest [K
pulling aeda25e63ebd:  84% ▕███████████████   ▏ 2.8 GB/3.3 GB  5.5 MB/s   1m39s[K[?25h[?2026l[?2026h[?25l[A[1Gpulling manifest [K
pulling aeda25e63ebd:  84% ▕███████████████   ▏ 2.8 GB/3.3 GB  5.5 MB/s   1m39s[K[?25h[?2026l[?2026h[?25l[A[1Gpulling manifest [K
pulling aeda25e63ebd:  84% ▕███████████████   ▏ 2.8 GB/3.3 GB  5.5 MB/s   1m39s[K[?25h[?2026l[?2026h[?25l[A[1Gpulling manifest [K
pulling aeda25e63ebd:  84% ▕███████████████   ▏ 2.8 GB/3.3 GB  5.5 MB/s   1m39s[K[?25h[?2026l[?2026h[?25l[A[1Gpulling manifest [K
pulling aeda25e63ebd:  84% ▕███████████████   ▏ 2.8 GB/3.3 GB  5.5 MB/s   1m38s[K[?25h[?2026l[?2026h[?25l[A[1Gpulling manifest [K
pulling aeda25e63ebd:  84% ▕███████████████   ▏ 2.8 GB/3.3 GB  5.5 MB/s   1m38s[K[?25h[?2026l[?2026h[?25l[A[1Gpulling manifest [K
pulling aeda25e63ebd:  84% ▕███████████████   ▏ 2.8 GB/3.3 GB  5.5 MB/s   1m38s[K[?25h[?2026l[?2026h[?25l[A[1Gpulling manifest [K
pulling aeda25e63ebd:  84% ▕███████████████   ▏ 2.8 GB/3.3 GB  5.5 MB/s   1m38s[K[?25h[?2026l[?2026h[?25l[A[1Gpulling manifest [K
pulling aeda25e63ebd:  84% ▕███████████████   ▏ 2.8 GB/3.3 GB  5.5 MB/s   1m38s[K[?25h[?2026l[?2026h[?25l[A[1Gpulling manifest [K
pulling aeda25e63ebd:  84% ▕███████████████   ▏ 2.8 GB/3.3 GB  5.5 MB/s   1m38s[K[?25h[?2026l[?2026h[?25l[A[1Gpulling manifest [K
pulling aeda25e63ebd:  84% ▕███████████████   ▏ 2.8 GB/3.3 GB  5.5 MB/s   1m38s[K[?25h[?2026l[?2026h[?25l[A[1Gpulling manifest [K
pulling aeda25e63ebd:  84% ▕███████████████   ▏ 2.8 GB/3.3 GB  5.5 MB/s   1m38s[K[?25h[?2026l[?2026h[?25l[A[1Gpulling manifest [K
pulling aeda25e63ebd:  84% ▕███████████████   ▏ 2.8 GB/3.3 GB  5.5 MB/s   1m38s[K[?25h[?2026l[?2026h[?25l[A[1Gpulling manifest [K
pulling aeda25e63ebd:  84% ▕███████████████   ▏ 2.8 GB/3.3 GB  5.5 MB/s   1m39s[K[?25h[?2026l[?2026h[?25l[A[1Gpulling manifest [K
pulling aeda25e63ebd:  84% ▕███████████████   ▏ 2.8 GB/3.3 GB  5.5 MB/s   1m39s[K[?25h[?2026l[?2026h[?25l[A[1Gpulling manifest [K
pulling aeda25e63ebd:  84% ▕███████████████   ▏ 2.8 GB/3.3 GB  5.5 MB/s   1m38s[K[?25h[?2026l[?2026h[?25l[A[1Gpulling manifest [K
pulling aeda25e63ebd:  84% ▕███████████████   ▏ 2.8 GB/3.3 GB  5.5 MB/s   1m38s[K[?25h[?2026l[?2026h[?25l[A[1Gpulling manifest [K
pulling aeda25e63ebd:  84% ▕███████████████   ▏ 2.8 GB/3.3 GB  5.5 MB/s   1m38s[K[?25h[?2026l[?2026h[?25l[A[1Gpulling manifest [K
pulling aeda25e63ebd:  84% ▕███████████████   ▏ 2.8 GB/3.3 GB  5.5 MB/s   1m38s[K[?25h[?2026l[?2026h[?25l[A[1Gpulling manifest [K
pulling aeda25e63ebd:  84% ▕███████████████   ▏ 2.8 GB/3.3 GB  5.5 MB/s   1m38s[K[?25h[?2026l[?2026h[?25l[A[1Gpulling manifest [K
pulling aeda25e63ebd:  84% ▕███████████████   ▏ 2.8 GB/3.3 GB  5.5 MB/s   1m38s[K[?25h[?2026l[?2026h[?25l[A[1Gpulling manifest [K
pulling aeda25e63ebd:  84% ▕███████████████   ▏ 2.8 GB/3.3 GB  5.5 MB/s   1m38s[K[?25h[?2026l[?2026h[?25l[A[1Gpulling manifest [K
pulling aeda25e63ebd:  84% ▕███████████████   ▏ 2.8 GB/3.3 GB  5.5 MB/s   1m38s[K[?25h[?2026l[?2026h[?25l[A[1Gpulling manifest [K
pulling aeda25e63ebd:  84% ▕███████████████   ▏ 2.8 GB/3.3 GB  5.6 MB/s   1m36s[K[?25h[?2026l[?2026h[?25l[A[1Gpulling manifest [K
pulling aeda25e63ebd:  84% ▕███████████████   ▏ 2.8 GB/3.3 GB  5.6 MB/s   1m36s[K[?25h[?2026l[?2026h[?25l[A[1Gpulling manifest [K
pulling aeda25e63ebd:  84% ▕███████████████   ▏ 2.8 GB/3.3 GB  5.6 MB/s   1m36s[K[?25h[?2026l[?2026h[?25l[A[1Gpulling manifest [K
pulling aeda25e63ebd:  84% ▕███████████████   ▏ 2.8 GB/3.3 GB  5.6 MB/s   1m36s[K[?25h[?2026l[?2026h[?25l[A[1Gpulling manifest [K
pulling aeda25e63ebd:  84% ▕███████████████   ▏ 2.8 GB/3.3 GB  5.6 MB/s   1m36s[K[?25h[?2026l[?2026h[?25l[A[1Gpulling manifest [K
pulling aeda25e63ebd:  84% ▕███████████████   ▏ 2.8 GB/3.3 GB  5.6 MB/s   1m36s[K[?25h[?2026l[?2026h[?25l[A[1Gpulling manifest [K
pulling aeda25e63ebd:  84% ▕███████████████   ▏ 2.8 GB/3.3 GB  5.6 MB/s   1m36s[K[?25h[?2026l[?2026h[?25l[A[1Gpulling manifest [K
pulling aeda25e63ebd:  84% ▕███████████████   ▏ 2.8 GB/3.3 GB  5.6 MB/s   1m35s[K[?25h[?2026l[?2026h[?25l[A[1Gpulling manifest [K
pulling aeda25e63ebd:  84% ▕███████████████   ▏ 2.8 GB/3.3 GB  5.6 MB/s   1m35s[K[?25h[?2026l[?2026h[?25l[A[1Gpulling manifest [K
pulling aeda25e63ebd:  84% ▕███████████████   ▏ 2.8 GB/3.3 GB  5.6 MB/s   1m35s[K[?25h[?2026l[?2026h[?25l[A[1Gpulling manifest [K
pulling aeda25e63ebd:  84% ▕███████████████   ▏ 2.8 GB/3.3 GB  5.6 MB/s   1m34s[K[?25h[?2026l[?2026h[?25l[A[1Gpulling manifest [K
pulling aeda25e63ebd:  84% ▕███████████████   ▏ 2.8 GB/3.3 GB  5.6 MB/s   1m34s[K[?25h[?2026l[?2026h[?25l[A[1Gpulling manifest [K
pulling aeda25e63ebd:  84% ▕███████████████   ▏ 2.8 GB/3.3 GB  5.6 MB/s   1m34s[K[?25h[?2026l[?2026h[?25l[A[1Gpulling manifest [K
pulling aeda25e63ebd:  84% ▕███████████████   ▏ 2.8 GB/3.3 GB  5.6 MB/s   1m34s[K[?25h[?2026l[?2026h[?25l[A[1Gpulling manifest [K
pulling aeda25e63ebd:  84% ▕███████████████   ▏ 2.8 GB/3.3 GB  5.6 MB/s   1m33s[K[?25h[?2026l[?2026h[?25l[A[1Gpulling manifest [K
pulling aeda25e63ebd:  84% ▕███████████████   ▏ 2.8 GB/3.3 GB  5.6 MB/s   1m33s[K[?25h[?2026l[?2026h[?25l[A[1Gpulling manifest [K
pulling aeda25e63ebd:  84% ▕███████████████   ▏ 2.8 GB/3.3 GB  5.6 MB/s   1m33s[K[?25h[?2026l[?2026h[?25l[A[1Gpulling manifest [K
pulling aeda25e63ebd:  84% ▕███████████████   ▏ 2.8 GB/3.3 GB  5.6 MB/s   1m33s[K[?25h[?2026l[?2026h[?25l[A[1Gpulling manifest [K
pulling aeda25e63ebd:  84% ▕███████████████   ▏ 2.8 GB/3.3 GB  5.6 MB/s   1m33s[K[?25h[?2026l[?2026h[?25l[A[1Gpulling manifest [K
pulling aeda25e63ebd:  84% ▕███████████████   ▏ 2.8 GB/3.3 GB  5.6 MB/s   1m33s[K[?25h[?2026l[?2026h[?25l[A[1Gpulling manifest [K
pulling aeda25e63ebd:  84% ▕███████████████   ▏ 2.8 GB/3.3 GB  5.6 MB/s   1m33s[K[?25h[?2026l[?2026h[?25l[A[1Gpulling manifest [K
pulling aeda25e63ebd:  84% ▕███████████████   ▏ 2.8 GB/3.3 GB  5.6 MB/s   1m33s[K[?25h[?2026l[?2026h[?25l[A[1Gpulling manifest [K
pulling aeda25e63ebd:  84% ▕███████████████   ▏ 2.8 GB/3.3 GB  5.6 MB/s   1m33s[K[?25h[?2026l[?2026h[?25l[A[1Gpulling manifest [K
pulling aeda25e63ebd:  84% ▕███████████████   ▏ 2.8 GB/3.3 GB  5.6 MB/s   1m33s[K[?25h[?2026l[?2026h[?25l[A[1Gpulling manifest [K
pulling aeda25e63ebd:  84% ▕███████████████   ▏ 2.8 GB/3.3 GB  5.6 MB/s   1m33s[K[?25h[?2026l[?2026h[?25l[A[1Gpulling manifest [K
pulling aeda25e63ebd:  84% ▕███████████████   ▏ 2.8 GB/3.3 GB  5.6 MB/s   1m33s[K[?25h[?2026l[?2026h[?25l[A[1Gpulling manifest [K
pulling aeda25e63ebd:  84% ▕███████████████   ▏ 2.8 GB/3.3 GB  5.6 MB/s   1m33s[K[?25h[?2026l[?2026h[?25l[A[1Gpulling manifest [K
pulling aeda25e63ebd:  84% ▕███████████████   ▏ 2.8 GB/3.3 GB  5.6 MB/s   1m33s[K[?25h[?2026l[?2026h[?25l[A[1Gpulling manifest [K
pulling aeda25e63ebd:  84% ▕███████████████   ▏ 2.8 GB/3.3 GB  5.6 MB/s   1m33s[K[?25h[?2026l[?2026h[?25l[A[1Gpulling manifest [K
pulling aeda25e63ebd:  84% ▕███████████████   ▏ 2.8 GB/3.3 GB  5.6 MB/s   1m33s[K[?25h[?2026l[?2026h[?25l[A[1Gpulling manifest [K
pulling aeda25e63ebd:  84% ▕███████████████   ▏ 2.8 GB/3.3 GB  5.6 MB/s   1m32s[K[?25h[?2026l[?2026h[?25l[A[1Gpulling manifest [K
pulling aeda25e63ebd:  84% ▕███████████████   ▏ 2.8 GB/3.3 GB  5.7 MB/s   1m31s[K[?25h[?2026l[?2026h[?25l[A[1Gpulling manifest [K
pulling aeda25e63ebd:  84% ▕███████████████   ▏ 2.8 GB/3.3 GB  5.7 MB/s   1m31s[K[?25h[?2026l[?2026h[?25l[A[1Gpulling manifest [K
pulling aeda25e63ebd:  84% ▕███████████████   ▏ 2.8 GB/3.3 GB  5.7 MB/s   1m31s[K[?25h[?2026l[?2026h[?25l[A[1Gpulling manifest [K
pulling aeda25e63ebd:  84% ▕███████████████   ▏ 2.8 GB/3.3 GB  5.7 MB/s   1m31s[K[?25h[?2026l[?2026h[?25l[A[1Gpulling manifest [K
pulling aeda25e63ebd:  84% ▕███████████████   ▏ 2.8 GB/3.3 GB  5.7 MB/s   1m31s[K[?25h[?2026l[?2026h[?25l[A[1Gpulling manifest [K
pulling aeda25e63ebd:  84% ▕███████████████   ▏ 2.8 GB/3.3 GB  5.7 MB/s   1m31s[K[?25h[?2026l[?2026h[?25l[A[1Gpulling manifest [K
pulling aeda25e63ebd:  85% ▕███████████████   ▏ 2.8 GB/3.3 GB  5.7 MB/s   1m31s[K[?25h[?2026l[?2026h[?25l[A[1Gpulling manifest [K
pulling aeda25e63ebd:  85% ▕███████████████   ▏ 2.8 GB/3.3 GB  5.7 MB/s   1m31s[K[?25h[?2026l[?2026h[?25l[A[1Gpulling manifest [K
pulling aeda25e63ebd:  85% ▕███████████████   ▏ 2.8 GB/3.3 GB  5.7 MB/s   1m31s[K[?25h[?2026l[?2026h[?25l[A[1Gpulling manifest [K
pulling aeda25e63ebd:  85% ▕███████████████   ▏ 2.8 GB/3.3 GB  5.7 MB/s   1m31s[K[?25h[?2026l[?2026h[?25l[A[1Gpulling manifest [K
pulling aeda25e63ebd:  85% ▕███████████████   ▏ 2.8 GB/3.3 GB  5.7 MB/s   1m30s[K[?25h[?2026l[?2026h[?25l[A[1Gpulling manifest [K
pulling aeda25e63ebd:  85% ▕███████████████   ▏ 2.8 GB/3.3 GB  5.7 MB/s   1m30s[K[?25h[?2026l[?2026h[?25l[A[1Gpulling manifest [K
pulling aeda25e63ebd:  85% ▕███████████████   ▏ 2.8 GB/3.3 GB  5.7 MB/s   1m30s[K[?25h[?2026l[?2026h[?25l[A[1Gpulling manifest [K
pulling aeda25e63ebd:  85% ▕███████████████   ▏ 2.8 GB/3.3 GB  5.7 MB/s   1m30s[K[?25h[?2026l[?2026h[?25l[A[1Gpulling manifest [K
pulling aeda25e63ebd:  85% ▕███████████████   ▏ 2.8 GB/3.3 GB  5.7 MB/s   1m30s[K[?25h[?2026l[?2026h[?25l[A[1Gpulling manifest [K
pulling aeda25e63ebd:  85% ▕███████████████   ▏ 2.8 GB/3.3 GB  5.7 MB/s   1m30s[K[?25h[?2026l[?2026h[?25l[A[1Gpulling manifest [K
pulling aeda25e63ebd:  85% ▕███████████████   ▏ 2.8 GB/3.3 GB  5.7 MB/s   1m30s[K[?25h[?2026l[?2026h[?25l[A[1Gpulling manifest [K
pulling aeda25e63ebd:  85% ▕███████████████   ▏ 2.8 GB/3.3 GB  5.7 MB/s   1m30s[K[?25h[?2026l[?2026h[?25l[A[1Gpulling manifest [K
pulling aeda25e63ebd:  85% ▕███████████████   ▏ 2.8 GB/3.3 GB  5.7 MB/s   1m30s[K[?25h[?2026l[?2026h[?25l[A[1Gpulling manifest [K
pulling aeda25e63ebd:  85% ▕███████████████   ▏ 2.8 GB/3.3 GB  5.7 MB/s   1m29s[K[?25h[?2026l[?2026h[?25l[A[1Gpulling manifest [K
pulling aeda25e63ebd:  85% ▕███████████████   ▏ 2.8 GB/3.3 GB  5.7 MB/s   1m29s[K[?25h[?2026l[?2026h[?25l[A[1Gpulling manifest [K
pulling aeda25e63ebd:  85% ▕███████████████   ▏ 2.8 GB/3.3 GB  5.7 MB/s   1m29s[K[?25h[?2026l[?2026h[?25l[A[1Gpulling manifest [K
pulling aeda25e63ebd:  85% ▕███████████████   ▏ 2.8 GB/3.3 GB  5.7 MB/s   1m29s[K[?25h[?2026l[?2026h[?25l[A[1Gpulling manifest [K
pulling aeda25e63ebd:  85% ▕███████████████   ▏ 2.8 GB/3.3 GB  5.7 MB/s   1m29s[K[?25h[?2026l[?2026h[?25l[A[1Gpulling manifest [K
pulling aeda25e63ebd:  85% ▕███████████████   ▏ 2.8 GB/3.3 GB  5.7 MB/s   1m29s[K[?25h[?2026l[?2026h[?25l[A[1Gpulling manifest [K
pulling aeda25e63ebd:  85% ▕███████████████   ▏ 2.8 GB/3.3 GB  5.7 MB/s   1m29s[K[?25h[?2026l[?2026h[?25l[A[1Gpulling manifest [K
pulling aeda25e63ebd:  85% ▕███████████████   ▏ 2.8 GB/3.3 GB  5.7 MB/s   1m29s[K[?25h[?2026l[?2026h[?25l[A[1Gpulling manifest [K
pulling aeda25e63ebd:  85% ▕███████████████   ▏ 2.8 GB/3.3 GB  5.7 MB/s   1m29s[K[?25h[?2026l[?2026h[?25l[A[1Gpulling manifest [K
pulling aeda25e63ebd:  85% ▕███████████████   ▏ 2.8 GB/3.3 GB  5.7 MB/s   1m29s[K[?25h[?2026l[?2026h[?25l[A[1Gpulling manifest [K
pulling aeda25e63ebd:  85% ▕███████████████   ▏ 2.8 GB/3.3 GB  5.7 MB/s   1m28s[K[?25h[?2026l[?2026h[?25l[A[1Gpulling manifest [K
pulling aeda25e63ebd:  85% ▕███████████████   ▏ 2.8 GB/3.3 GB  5.7 MB/s   1m28s[K[?25h[?2026l[?2026h[?25l[A[1Gpulling manifest [K
pulling aeda25e63ebd:  85% ▕███████████████   ▏ 2.8 GB/3.3 GB  5.7 MB/s   1m28s[K[?25h[?2026l[?2026h[?25l[A[1Gpulling manifest [K
pulling aeda25e63ebd:  85% ▕███████████████   ▏ 2.8 GB/3.3 GB  5.7 MB/s   1m28s[K[?25h[?2026l[?2026h[?25l[A[1Gpulling manifest [K
pulling aeda25e63ebd:  85% ▕███████████████   ▏ 2.8 GB/3.3 GB  5.7 MB/s   1m28s[K[?25h[?2026l[?2026h[?25l[A[1Gpulling manifest [K
pulling aeda25e63ebd:  85% ▕███████████████   ▏ 2.8 GB/3.3 GB  5.7 MB/s   1m28s[K[?25h[?2026l[?2026h[?25l[A[1Gpulling manifest [K
pulling aeda25e63ebd:  85% ▕███████████████   ▏ 2.8 GB/3.3 GB  5.7 MB/s   1m28s[K[?25h[?2026l[?2026h[?25l[A[1Gpulling manifest [K
pulling aeda25e63ebd:  85% ▕███████████████   ▏ 2.8 GB/3.3 GB  5.7 MB/s   1m28s[K[?25h[?2026l[?2026h[?25l[A[1Gpulling manifest [K
pulling aeda25e63ebd:  85% ▕███████████████   ▏ 2.8 GB/3.3 GB  5.7 MB/s   1m28s[K[?25h[?2026l[?2026h[?25l[A[1Gpulling manifest [K
pulling aeda25e63ebd:  85% ▕███████████████   ▏ 2.8 GB/3.3 GB  5.7 MB/s   1m28s[K[?25h[?2026l[?2026h[?25l[A[1Gpulling manifest [K
pulling aeda25e63ebd:  85% ▕███████████████   ▏ 2.8 GB/3.3 GB  5.7 MB/s   1m27s[K[?25h[?2026l[?2026h[?25l[A[1Gpulling manifest [K
pulling aeda25e63ebd:  85% ▕███████████████   ▏ 2.8 GB/3.3 GB  5.7 MB/s   1m27s[K[?25h[?2026l[?2026h[?25l[A[1Gpulling manifest [K
pulling aeda25e63ebd:  85% ▕███████████████   ▏ 2.8 GB/3.3 GB  5.7 MB/s   1m27s[K[?25h[?2026l[?2026h[?25l[A[1Gpulling manifest [K
pulling aeda25e63ebd:  85% ▕███████████████   ▏ 2.8 GB/3.3 GB  5.7 MB/s   1m27s[K[?25h[?2026l[?2026h[?25l[A[1Gpulling manifest [K
pulling aeda25e63ebd:  85% ▕███████████████   ▏ 2.8 GB/3.3 GB  5.7 MB/s   1m27s[K[?25h[?2026l[?2026h[?25l[A[1Gpulling manifest [K
pulling aeda25e63ebd:  85% ▕███████████████   ▏ 2.8 GB/3.3 GB  5.7 MB/s   1m27s[K[?25h[?2026l[?2026h[?25l[A[1Gpulling manifest [K
pulling aeda25e63ebd:  85% ▕███████████████   ▏ 2.8 GB/3.3 GB  5.7 MB/s   1m27s[K[?25h[?2026l[?2026h[?25l[A[1Gpulling manifest [K
pulling aeda25e63ebd:  85% ▕███████████████   ▏ 2.8 GB/3.3 GB  5.7 MB/s   1m27s[K[?25h[?2026l[?2026h[?25l[A[1Gpulling manifest [K
pulling aeda25e63ebd:  85% ▕███████████████   ▏ 2.8 GB/3.3 GB  5.7 MB/s   1m27s[K[?25h[?2026l[?2026h[?25l[A[1Gpulling manifest [K
pulling aeda25e63ebd:  85% ▕███████████████   ▏ 2.8 GB/3.3 GB  5.7 MB/s   1m27s[K[?25h[?2026l[?2026h[?25l[A[1Gpulling manifest [K
pulling aeda25e63ebd:  85% ▕███████████████   ▏ 2.8 GB/3.3 GB  5.7 MB/s   1m26s[K[?25h[?2026l[?2026h[?25l[A[1Gpulling manifest [K
pulling aeda25e63ebd:  85% ▕███████████████   ▏ 2.8 GB/3.3 GB  5.7 MB/s   1m26s[K[?25h[?2026l[?2026h[?25l[A[1Gpulling manifest [K
pulling aeda25e63ebd:  85% ▕███████████████   ▏ 2.8 GB/3.3 GB  5.7 MB/s   1m26s[K[?25h[?2026l[?2026h[?25l[A[1Gpulling manifest [K
pulling aeda25e63ebd:  85% ▕███████████████   ▏ 2.8 GB/3.3 GB  5.7 MB/s   1m26s[K[?25h[?2026l[?2026h[?25l[A[1Gpulling manifest [K
pulling aeda25e63ebd:  85% ▕███████████████   ▏ 2.8 GB/3.3 GB  5.7 MB/s   1m25s[K[?25h[?2026l[?2026h[?25l[A[1Gpulling manifest [K
pulling aeda25e63ebd:  85% ▕███████████████   ▏ 2.8 GB/3.3 GB  5.7 MB/s   1m25s[K[?25h[?2026l[?2026h[?25l[A[1Gpulling manifest [K
pulling aeda25e63ebd:  85% ▕███████████████   ▏ 2.8 GB/3.3 GB  5.7 MB/s   1m25s[K[?25h[?2026l[?2026h[?25l[A[1Gpulling manifest [K
pulling aeda25e63ebd:  85% ▕███████████████   ▏ 2.9 GB/3.3 GB  5.7 MB/s   1m25s[K[?25h[?2026l[?2026h[?25l[A[1Gpulling manifest [K
pulling aeda25e63ebd:  85% ▕███████████████   ▏ 2.9 GB/3.3 GB  5.7 MB/s   1m25s[K[?25h[?2026l[?2026h[?25l[A[1Gpulling manifest [K
pulling aeda25e63ebd:  85% ▕███████████████   ▏ 2.9 GB/3.3 GB  5.7 MB/s   1m25s[K[?25h[?2026l[?2026h[?25l[A[1Gpulling manifest [K
pulling aeda25e63ebd:  85% ▕███████████████   ▏ 2.9 GB/3.3 GB  5.7 MB/s   1m25s[K[?25h[?2026l[?2026h[?25l[A[1Gpulling manifest [K
pulling aeda25e63ebd:  85% ▕███████████████   ▏ 2.9 GB/3.3 GB  5.7 MB/s   1m25s[K[?25h[?2026l[?2026h[?25l[A[1Gpulling manifest [K
pulling aeda25e63ebd:  85% ▕███████████████   ▏ 2.9 GB/3.3 GB  5.7 MB/s   1m25s[K[?25h[?2026l[?2026h[?25l[A[1Gpulling manifest [K
pulling aeda25e63ebd:  85% ▕███████████████   ▏ 2.9 GB/3.3 GB  5.7 MB/s   1m25s[K[?25h[?2026l[?2026h[?25l[A[1Gpulling manifest [K
pulling aeda25e63ebd:  85% ▕███████████████   ▏ 2.9 GB/3.3 GB  5.7 MB/s   1m25s[K[?25h[?2026l[?2026h[?25l[A[1Gpulling manifest [K
pulling aeda25e63ebd:  86% ▕███████████████   ▏ 2.9 GB/3.3 GB  5.7 MB/s   1m25s[K[?25h[?2026l[?2026h[?25l[A[1Gpulling manifest [K
pulling aeda25e63ebd:  86% ▕███████████████   ▏ 2.9 GB/3.3 GB  5.7 MB/s   1m25s[K[?25h[?2026l[?2026h[?25l[A[1Gpulling manifest [K
pulling aeda25e63ebd:  86% ▕███████████████   ▏ 2.9 GB/3.3 GB  5.7 MB/s   1m25s[K[?25h[?2026l[?2026h[?25l[A[1Gpulling manifest [K
pulling aeda25e63ebd:  86% ▕███████████████   ▏ 2.9 GB/3.3 GB  5.7 MB/s   1m25s[K[?25h[?2026l[?2026h[?25l[A[1Gpulling manifest [K
pulling aeda25e63ebd:  86% ▕███████████████   ▏ 2.9 GB/3.3 GB  5.7 MB/s   1m25s[K[?25h[?2026l[?2026h[?25l[A[1Gpulling manifest [K
pulling aeda25e63ebd:  86% ▕███████████████   ▏ 2.9 GB/3.3 GB  5.7 MB/s   1m25s[K[?25h[?2026l[?2026h[?25l[A[1Gpulling manifest [K
pulling aeda25e63ebd:  86% ▕███████████████   ▏ 2.9 GB/3.3 GB  5.7 MB/s   1m24s[K[?25h[?2026l[?2026h[?25l[A[1Gpulling manifest [K
pulling aeda25e63ebd:  86% ▕███████████████   ▏ 2.9 GB/3.3 GB  5.7 MB/s   1m24s[K[?25h[?2026l[?2026h[?25l[A[1Gpulling manifest [K
pulling aeda25e63ebd:  86% ▕███████████████   ▏ 2.9 GB/3.3 GB  5.7 MB/s   1m24s[K[?25h[?2026l[?2026h[?25l[A[1Gpulling manifest [K
pulling aeda25e63ebd:  86% ▕███████████████   ▏ 2.9 GB/3.3 GB  5.7 MB/s   1m24s[K[?25h[?2026l[?2026h[?25l[A[1Gpulling manifest [K
pulling aeda25e63ebd:  86% ▕███████████████   ▏ 2.9 GB/3.3 GB  5.7 MB/s   1m24s[K[?25h[?2026l[?2026h[?25l[A[1Gpulling manifest [K
pulling aeda25e63ebd:  86% ▕███████████████   ▏ 2.9 GB/3.3 GB  5.7 MB/s   1m24s[K[?25h[?2026l[?2026h[?25l[A[1Gpulling manifest [K
pulling aeda25e63ebd:  86% ▕███████████████   ▏ 2.9 GB/3.3 GB  5.7 MB/s   1m24s[K[?25h[?2026l[?2026h[?25l[A[1Gpulling manifest [K
pulling aeda25e63ebd:  86% ▕███████████████   ▏ 2.9 GB/3.3 GB  5.7 MB/s   1m24s[K[?25h[?2026l[?2026h[?25l[A[1Gpulling manifest [K
pulling aeda25e63ebd:  86% ▕███████████████   ▏ 2.9 GB/3.3 GB  5.7 MB/s   1m24s[K[?25h[?2026l[?2026h[?25l[A[1Gpulling manifest [K
pulling aeda25e63ebd:  86% ▕███████████████   ▏ 2.9 GB/3.3 GB  5.7 MB/s   1m23s[K[?25h[?2026l[?2026h[?25l[A[1Gpulling manifest [K
pulling aeda25e63ebd:  86% ▕███████████████   ▏ 2.9 GB/3.3 GB  5.7 MB/s   1m23s[K[?25h[?2026l[?2026h[?25l[A[1Gpulling manifest [K
pulling aeda25e63ebd:  86% ▕███████████████   ▏ 2.9 GB/3.3 GB  5.7 MB/s   1m23s[K[?25h[?2026l[?2026h[?25l[A[1Gpulling manifest [K
pulling aeda25e63ebd:  86% ▕███████████████   ▏ 2.9 GB/3.3 GB  5.7 MB/s   1m23s[K[?25h[?2026l[?2026h[?25l[A[1Gpulling manifest [K
pulling aeda25e63ebd:  86% ▕███████████████   ▏ 2.9 GB/3.3 GB  5.7 MB/s   1m23s[K[?25h[?2026l[?2026h[?25l[A[1Gpulling manifest [K
pulling aeda25e63ebd:  86% ▕███████████████   ▏ 2.9 GB/3.3 GB  5.7 MB/s   1m23s[K[?25h[?2026l[?2026h[?25l[A[1Gpulling manifest [K
pulling aeda25e63ebd:  86% ▕███████████████   ▏ 2.9 GB/3.3 GB  5.7 MB/s   1m23s[K[?25h[?2026l[?2026h[?25l[A[1Gpulling manifest [K
pulling aeda25e63ebd:  86% ▕███████████████   ▏ 2.9 GB/3.3 GB  5.7 MB/s   1m23s[K[?25h[?2026l[?2026h[?25l[A[1Gpulling manifest [K
pulling aeda25e63ebd:  86% ▕███████████████   ▏ 2.9 GB/3.3 GB  5.7 MB/s   1m23s[K[?25h[?2026l[?2026h[?25l[A[1Gpulling manifest [K
pulling aeda25e63ebd:  86% ▕███████████████   ▏ 2.9 GB/3.3 GB  5.7 MB/s   1m23s[K[?25h[?2026l[?2026h[?25l[A[1Gpulling manifest [K
pulling aeda25e63ebd:  86% ▕███████████████   ▏ 2.9 GB/3.3 GB  5.7 MB/s   1m23s[K[?25h[?2026l[?2026h[?25l[A[1Gpulling manifest [K
pulling aeda25e63ebd:  86% ▕███████████████   ▏ 2.9 GB/3.3 GB  5.7 MB/s   1m22s[K[?25h[?2026l[?2026h[?25l[A[1Gpulling manifest [K
pulling aeda25e63ebd:  86% ▕███████████████   ▏ 2.9 GB/3.3 GB  5.7 MB/s   1m22s[K[?25h[?2026l[?2026h[?25l[A[1Gpulling manifest [K
pulling aeda25e63ebd:  86% ▕███████████████   ▏ 2.9 GB/3.3 GB  5.7 MB/s   1m22s[K[?25h[?2026l[?2026h[?25l[A[1Gpulling manifest [K
pulling aeda25e63ebd:  86% ▕███████████████   ▏ 2.9 GB/3.3 GB  5.7 MB/s   1m22s[K[?25h[?2026l[?2026h[?25l[A[1Gpulling manifest [K
pulling aeda25e63ebd:  86% ▕███████████████   ▏ 2.9 GB/3.3 GB  5.7 MB/s   1m22s[K[?25h[?2026l[?2026h[?25l[A[1Gpulling manifest [K
pulling aeda25e63ebd:  86% ▕███████████████   ▏ 2.9 GB/3.3 GB  5.7 MB/s   1m22s[K[?25h[?2026l[?2026h[?25l[A[1Gpulling manifest [K
pulling aeda25e63ebd:  86% ▕███████████████   ▏ 2.9 GB/3.3 GB  5.7 MB/s   1m21s[K[?25h[?2026l[?2026h[?25l[A[1Gpulling manifest [K
pulling aeda25e63ebd:  86% ▕███████████████   ▏ 2.9 GB/3.3 GB  5.7 MB/s   1m21s[K[?25h[?2026l[?2026h[?25l[A[1Gpulling manifest [K
pulling aeda25e63ebd:  86% ▕███████████████   ▏ 2.9 GB/3.3 GB  5.7 MB/s   1m21s[K[?25h[?2026l[?2026h[?25l[A[1Gpulling manifest [K
pulling aeda25e63ebd:  86% ▕███████████████   ▏ 2.9 GB/3.3 GB  5.7 MB/s   1m21s[K[?25h[?2026l[?2026h[?25l[A[1Gpulling manifest [K
pulling aeda25e63ebd:  86% ▕███████████████   ▏ 2.9 GB/3.3 GB  5.7 MB/s   1m21s[K[?25h[?2026l[?2026h[?25l[A[1Gpulling manifest [K
pulling aeda25e63ebd:  86% ▕███████████████   ▏ 2.9 GB/3.3 GB  5.7 MB/s   1m21s[K[?25h[?2026l[?2026h[?25l[A[1Gpulling manifest [K
pulling aeda25e63ebd:  86% ▕███████████████   ▏ 2.9 GB/3.3 GB  5.6 MB/s   1m22s[K[?25h[?2026l[?2026h[?25l[A[1Gpulling manifest [K
pulling aeda25e63ebd:  86% ▕███████████████   ▏ 2.9 GB/3.3 GB  5.6 MB/s   1m22s[K[?25h[?2026l[?2026h[?25l[A[1Gpulling manifest [K
pulling aeda25e63ebd:  86% ▕███████████████   ▏ 2.9 GB/3.3 GB  5.6 MB/s   1m22s[K[?25h[?2026l[?2026h[?25l[A[1Gpulling manifest [K
pulling aeda25e63ebd:  86% ▕███████████████   ▏ 2.9 GB/3.3 GB  5.6 MB/s   1m22s[K[?25h[?2026l[?2026h[?25l[A[1Gpulling manifest [K
pulling aeda25e63ebd:  86% ▕███████████████   ▏ 2.9 GB/3.3 GB  5.6 MB/s   1m22s[K[?25h[?2026l[?2026h[?25l[A[1Gpulling manifest [K
pulling aeda25e63ebd:  86% ▕███████████████   ▏ 2.9 GB/3.3 GB  5.6 MB/s   1m22s[K[?25h[?2026l[?2026h[?25l[A[1Gpulling manifest [K
pulling aeda25e63ebd:  86% ▕███████████████   ▏ 2.9 GB/3.3 GB  5.6 MB/s   1m22s[K[?25h[?2026l[?2026h[?25l[A[1Gpulling manifest [K
pulling aeda25e63ebd:  86% ▕███████████████   ▏ 2.9 GB/3.3 GB  5.6 MB/s   1m22s[K[?25h[?2026l[?2026h[?25l[A[1Gpulling manifest [K
pulling aeda25e63ebd:  86% ▕███████████████   ▏ 2.9 GB/3.3 GB  5.6 MB/s   1m22s[K[?25h[?2026l[?2026h[?25l[A[1Gpulling manifest [K
pulling aeda25e63ebd:  86% ▕███████████████   ▏ 2.9 GB/3.3 GB  5.6 MB/s   1m22s[K[?25h[?2026l[?2026h[?25l[A[1Gpulling manifest [K
pulling aeda25e63ebd:  86% ▕███████████████   ▏ 2.9 GB/3.3 GB  5.6 MB/s   1m22s[K[?25h[?2026l[?2026h[?25l[A[1Gpulling manifest [K
pulling aeda25e63ebd:  86% ▕███████████████   ▏ 2.9 GB/3.3 GB  5.6 MB/s   1m22s[K[?25h[?2026l[?2026h[?25l[A[1Gpulling manifest [K
pulling aeda25e63ebd:  86% ▕███████████████   ▏ 2.9 GB/3.3 GB  5.6 MB/s   1m22s[K[?25h[?2026l[?2026h[?25l[A[1Gpulling manifest [K
pulling aeda25e63ebd:  86% ▕███████████████   ▏ 2.9 GB/3.3 GB  5.6 MB/s   1m22s[K[?25h[?2026l[?2026h[?25l[A[1Gpulling manifest [K
pulling aeda25e63ebd:  86% ▕███████████████   ▏ 2.9 GB/3.3 GB  5.6 MB/s   1m21s[K[?25h[?2026l[?2026h[?25l[A[1Gpulling manifest [K
pulling aeda25e63ebd:  86% ▕███████████████   ▏ 2.9 GB/3.3 GB  5.6 MB/s   1m21s[K[?25h[?2026l[?2026h[?25l[A[1Gpulling manifest [K
pulling aeda25e63ebd:  86% ▕███████████████   ▏ 2.9 GB/3.3 GB  5.6 MB/s   1m21s[K[?25h[?2026l[?2026h[?25l[A[1Gpulling manifest [K
pulling aeda25e63ebd:  86% ▕███████████████   ▏ 2.9 GB/3.3 GB  5.6 MB/s   1m21s[K[?25h[?2026l[?2026h[?25l[A[1Gpulling manifest [K
pulling aeda25e63ebd:  86% ▕███████████████   ▏ 2.9 GB/3.3 GB  5.6 MB/s   1m21s[K[?25h[?2026l[?2026h[?25l[A[1Gpulling manifest [K
pulling aeda25e63ebd:  86% ▕███████████████   ▏ 2.9 GB/3.3 GB  5.6 MB/s   1m21s[K[?25h[?2026l[?2026h[?25l[A[1Gpulling manifest [K
pulling aeda25e63ebd:  86% ▕███████████████   ▏ 2.9 GB/3.3 GB  5.5 MB/s   1m21s[K[?25h[?2026l[?2026h[?25l[A[1Gpulling manifest [K
pulling aeda25e63ebd:  86% ▕███████████████   ▏ 2.9 GB/3.3 GB  5.5 MB/s   1m21s[K[?25h[?2026l[?2026h[?25l[A[1Gpulling manifest [K
pulling aeda25e63ebd:  86% ▕███████████████   ▏ 2.9 GB/3.3 GB  5.5 MB/s   1m21s[K[?25h[?2026l[?2026h[?25l[A[1Gpulling manifest [K
pulling aeda25e63ebd:  86% ▕███████████████   ▏ 2.9 GB/3.3 GB  5.5 MB/s   1m21s[K[?25h[?2026l[?2026h[?25l[A[1Gpulling manifest [K
pulling aeda25e63ebd:  86% ▕███████████████   ▏ 2.9 GB/3.3 GB  5.5 MB/s   1m21s[K[?25h[?2026l[?2026h[?25l[A[1Gpulling manifest [K
pulling aeda25e63ebd:  87% ▕███████████████   ▏ 2.9 GB/3.3 GB  5.5 MB/s   1m21s[K[?25h[?2026l[?2026h[?25l[A[1Gpulling manifest [K
pulling aeda25e63ebd:  87% ▕███████████████   ▏ 2.9 GB/3.3 GB  5.5 MB/s   1m21s[K[?25h[?2026l[?2026h[?25l[A[1Gpulling manifest [K
pulling aeda25e63ebd:  87% ▕███████████████   ▏ 2.9 GB/3.3 GB  5.5 MB/s   1m21s[K[?25h[?2026l[?2026h[?25l[A[1Gpulling manifest [K
pulling aeda25e63ebd:  87% ▕███████████████   ▏ 2.9 GB/3.3 GB  5.5 MB/s   1m20s[K[?25h[?2026l[?2026h[?25l[A[1Gpulling manifest [K
pulling aeda25e63ebd:  87% ▕███████████████   ▏ 2.9 GB/3.3 GB  5.5 MB/s   1m20s[K[?25h[?2026l[?2026h[?25l[A[1Gpulling manifest [K
pulling aeda25e63ebd:  87% ▕███████████████   ▏ 2.9 GB/3.3 GB  5.5 MB/s   1m21s[K[?25h[?2026l[?2026h[?25l[A[1Gpulling manifest [K
pulling aeda25e63ebd:  87% ▕███████████████   ▏ 2.9 GB/3.3 GB  5.5 MB/s   1m21s[K[?25h[?2026l[?2026h[?25l[A[1Gpulling manifest [K
pulling aeda25e63ebd:  87% ▕███████████████   ▏ 2.9 GB/3.3 GB  5.5 MB/s   1m21s[K[?25h[?2026l[?2026h[?25l[A[1Gpulling manifest [K
pulling aeda25e63ebd:  87% ▕███████████████   ▏ 2.9 GB/3.3 GB  5.5 MB/s   1m21s[K[?25h[?2026l[?2026h[?25l[A[1Gpulling manifest [K
pulling aeda25e63ebd:  87% ▕███████████████   ▏ 2.9 GB/3.3 GB  5.5 MB/s   1m20s[K[?25h[?2026l[?2026h[?25l[A[1Gpulling manifest [K
pulling aeda25e63ebd:  87% ▕███████████████   ▏ 2.9 GB/3.3 GB  5.5 MB/s   1m20s[K[?25h[?2026l[?2026h[?25l[A[1Gpulling manifest [K
pulling aeda25e63ebd:  87% ▕███████████████   ▏ 2.9 GB/3.3 GB  5.5 MB/s   1m20s[K[?25h[?2026l[?2026h[?25l[A[1Gpulling manifest [K
pulling aeda25e63ebd:  87% ▕███████████████   ▏ 2.9 GB/3.3 GB  5.5 MB/s   1m20s[K[?25h[?2026l[?2026h[?25l[A[1Gpulling manifest [K
pulling aeda25e63ebd:  87% ▕███████████████   ▏ 2.9 GB/3.3 GB  5.5 MB/s   1m20s[K[?25h[?2026l[?2026h[?25l[A[1Gpulling manifest [K
pulling aeda25e63ebd:  87% ▕███████████████   ▏ 2.9 GB/3.3 GB  5.5 MB/s   1m20s[K[?25h[?2026l[?2026h[?25l[A[1Gpulling manifest [K
pulling aeda25e63ebd:  87% ▕███████████████   ▏ 2.9 GB/3.3 GB  5.5 MB/s   1m20s[K[?25h[?2026l[?2026h[?25l[A[1Gpulling manifest [K
pulling aeda25e63ebd:  87% ▕███████████████   ▏ 2.9 GB/3.3 GB  5.6 MB/s   1m19s[K[?25h[?2026l[?2026h[?25l[A[1Gpulling manifest [K
pulling aeda25e63ebd:  87% ▕███████████████   ▏ 2.9 GB/3.3 GB  5.6 MB/s   1m19s[K[?25h[?2026l[?2026h[?25l[A[1Gpulling manifest [K
pulling aeda25e63ebd:  87% ▕███████████████   ▏ 2.9 GB/3.3 GB  5.6 MB/s   1m19s[K[?25h[?2026l[?2026h[?25l[A[1Gpulling manifest [K
pulling aeda25e63ebd:  87% ▕███████████████   ▏ 2.9 GB/3.3 GB  5.6 MB/s   1m19s[K[?25h[?2026l[?2026h[?25l[A[1Gpulling manifest [K
pulling aeda25e63ebd:  87% ▕███████████████   ▏ 2.9 GB/3.3 GB  5.6 MB/s   1m18s[K[?25h[?2026l[?2026h[?25l[A[1Gpulling manifest [K
pulling aeda25e63ebd:  87% ▕███████████████   ▏ 2.9 GB/3.3 GB  5.6 MB/s   1m18s[K[?25h[?2026l[?2026h[?25l[A[1Gpulling manifest [K
pulling aeda25e63ebd:  87% ▕███████████████   ▏ 2.9 GB/3.3 GB  5.6 MB/s   1m18s[K[?25h[?2026l[?2026h[?25l[A[1Gpulling manifest [K
pulling aeda25e63ebd:  87% ▕███████████████   ▏ 2.9 GB/3.3 GB  5.6 MB/s   1m18s[K[?25h[?2026l[?2026h[?25l[A[1Gpulling manifest [K
pulling aeda25e63ebd:  87% ▕███████████████   ▏ 2.9 GB/3.3 GB  5.6 MB/s   1m18s[K[?25h[?2026l[?2026h[?25l[A[1Gpulling manifest [K
pulling aeda25e63ebd:  87% ▕███████████████   ▏ 2.9 GB/3.3 GB  5.6 MB/s   1m18s[K[?25h[?2026l[?2026h[?25l[A[1Gpulling manifest [K
pulling aeda25e63ebd:  87% ▕███████████████   ▏ 2.9 GB/3.3 GB  5.6 MB/s   1m17s[K[?25h[?2026l[?2026h[?25l[A[1Gpulling manifest [K
pulling aeda25e63ebd:  87% ▕███████████████   ▏ 2.9 GB/3.3 GB  5.6 MB/s   1m17s[K[?25h[?2026l[?2026h[?25l[A[1Gpulling manifest [K
pulling aeda25e63ebd:  87% ▕███████████████   ▏ 2.9 GB/3.3 GB  5.6 MB/s   1m17s[K[?25h[?2026l[?2026h[?25l[A[1Gpulling manifest [K
pulling aeda25e63ebd:  87% ▕███████████████   ▏ 2.9 GB/3.3 GB  5.6 MB/s   1m17s[K[?25h[?2026l[?2026h[?25l[A[1Gpulling manifest [K
pulling aeda25e63ebd:  87% ▕███████████████   ▏ 2.9 GB/3.3 GB  5.6 MB/s   1m17s[K[?25h[?2026l[?2026h[?25l[A[1Gpulling manifest [K
pulling aeda25e63ebd:  87% ▕███████████████   ▏ 2.9 GB/3.3 GB  5.6 MB/s   1m17s[K[?25h[?2026l[?2026h[?25l[A[1Gpulling manifest [K
pulling aeda25e63ebd:  87% ▕███████████████   ▏ 2.9 GB/3.3 GB  5.6 MB/s   1m17s[K[?25h[?2026l[?2026h[?25l[A[1Gpulling manifest [K
pulling aeda25e63ebd:  87% ▕███████████████   ▏ 2.9 GB/3.3 GB  5.6 MB/s   1m17s[K[?25h[?2026l[?2026h[?25l[A[1Gpulling manifest [K
pulling aeda25e63ebd:  87% ▕███████████████   ▏ 2.9 GB/3.3 GB  5.6 MB/s   1m17s[K[?25h[?2026l[?2026h[?25l[A[1Gpulling manifest [K
pulling aeda25e63ebd:  87% ▕███████████████   ▏ 2.9 GB/3.3 GB  5.6 MB/s   1m17s[K[?25h[?2026l[?2026h[?25l[A[1Gpulling manifest [K
pulling aeda25e63ebd:  87% ▕███████████████   ▏ 2.9 GB/3.3 GB  5.6 MB/s   1m16s[K[?25h[?2026l[?2026h[?25l[A[1Gpulling manifest [K
pulling aeda25e63ebd:  87% ▕███████████████   ▏ 2.9 GB/3.3 GB  5.6 MB/s   1m16s[K[?25h[?2026l[?2026h[?25l[A[1Gpulling manifest [K
pulling aeda25e63ebd:  87% ▕███████████████   ▏ 2.9 GB/3.3 GB  5.6 MB/s   1m16s[K[?25h[?2026l[?2026h[?25l[A[1Gpulling manifest [K
pulling aeda25e63ebd:  87% ▕███████████████   ▏ 2.9 GB/3.3 GB  5.6 MB/s   1m16s[K[?25h[?2026l[?2026h[?25l[A[1Gpulling manifest [K
pulling aeda25e63ebd:  87% ▕███████████████   ▏ 2.9 GB/3.3 GB  5.6 MB/s   1m16s[K[?25h[?2026l[?2026h[?25l[A[1Gpulling manifest [K
pulling aeda25e63ebd:  87% ▕███████████████   ▏ 2.9 GB/3.3 GB  5.6 MB/s   1m15s[K[?25h[?2026l[?2026h[?25l[A[1Gpulling manifest [K
pulling aeda25e63ebd:  87% ▕███████████████   ▏ 2.9 GB/3.3 GB  5.6 MB/s   1m15s[K[?25h[?2026l[?2026h[?25l[A[1Gpulling manifest [K
pulling aeda25e63ebd:  87% ▕███████████████   ▏ 2.9 GB/3.3 GB  5.6 MB/s   1m15s[K[?25h[?2026l[?2026h[?25l[A[1Gpulling manifest [K
pulling aeda25e63ebd:  87% ▕███████████████   ▏ 2.9 GB/3.3 GB  5.6 MB/s   1m15s[K[?25h[?2026l[?2026h[?25l[A[1Gpulling manifest [K
pulling aeda25e63ebd:  87% ▕███████████████   ▏ 2.9 GB/3.3 GB  5.6 MB/s   1m15s[K[?25h[?2026l[?2026h[?25l[A[1Gpulling manifest [K
pulling aeda25e63ebd:  87% ▕███████████████   ▏ 2.9 GB/3.3 GB  5.7 MB/s   1m14s[K[?25h[?2026l[?2026h[?25l[A[1Gpulling manifest [K
pulling aeda25e63ebd:  87% ▕███████████████   ▏ 2.9 GB/3.3 GB  5.7 MB/s   1m14s[K[?25h[?2026l[?2026h[?25l[A[1Gpulling manifest [K
pulling aeda25e63ebd:  87% ▕███████████████   ▏ 2.9 GB/3.3 GB  5.7 MB/s   1m14s[K[?25h[?2026l[?2026h[?25l[A[1Gpulling manifest [K
pulling aeda25e63ebd:  87% ▕███████████████   ▏ 2.9 GB/3.3 GB  5.7 MB/s   1m14s[K[?25h[?2026l[?2026h[?25l[A[1Gpulling manifest [K
pulling aeda25e63ebd:  87% ▕███████████████   ▏ 2.9 GB/3.3 GB  5.7 MB/s   1m14s[K[?25h[?2026l[?2026h[?25l[A[1Gpulling manifest [K
pulling aeda25e63ebd:  87% ▕███████████████   ▏ 2.9 GB/3.3 GB  5.7 MB/s   1m14s[K[?25h[?2026l[?2026h[?25l[A[1Gpulling manifest [K
pulling aeda25e63ebd:  87% ▕███████████████   ▏ 2.9 GB/3.3 GB  5.7 MB/s   1m13s[K[?25h[?2026l[?2026h[?25l[A[1Gpulling manifest [K
pulling aeda25e63ebd:  87% ▕███████████████   ▏ 2.9 GB/3.3 GB  5.7 MB/s   1m13s[K[?25h[?2026l[?2026h[?25l[A[1Gpulling manifest [K
pulling aeda25e63ebd:  87% ▕███████████████   ▏ 2.9 GB/3.3 GB  5.7 MB/s   1m13s[K[?25h[?2026l[?2026h[?25l[A[1Gpulling manifest [K
pulling aeda25e63ebd:  87% ▕███████████████   ▏ 2.9 GB/3.3 GB  5.7 MB/s   1m13s[K[?25h[?2026l[?2026h[?25l[A[1Gpulling manifest [K
pulling aeda25e63ebd:  87% ▕███████████████   ▏ 2.9 GB/3.3 GB  5.6 MB/s   1m15s[K[?25h[?2026l[?2026h[?25l[A[1Gpulling manifest [K
pulling aeda25e63ebd:  87% ▕███████████████   ▏ 2.9 GB/3.3 GB  5.6 MB/s   1m15s[K[?25h[?2026l[?2026h[?25l[A[1Gpulling manifest [K
pulling aeda25e63ebd:  87% ▕███████████████   ▏ 2.9 GB/3.3 GB  5.6 MB/s   1m15s[K[?25h[?2026l[?2026h[?25l[A[1Gpulling manifest [K
pulling aeda25e63ebd:  87% ▕███████████████   ▏ 2.9 GB/3.3 GB  5.6 MB/s   1m15s[K[?25h[?2026l[?2026h[?25l[A[1Gpulling manifest [K
pulling aeda25e63ebd:  87% ▕███████████████   ▏ 2.9 GB/3.3 GB  5.6 MB/s   1m15s[K[?25h[?2026l[?2026h[?25l[A[1Gpulling manifest [K
pulling aeda25e63ebd:  88% ▕███████████████   ▏ 2.9 GB/3.3 GB  5.6 MB/s   1m15s[K[?25h[?2026l[?2026h[?25l[A[1Gpulling manifest [K
pulling aeda25e63ebd:  88% ▕███████████████   ▏ 2.9 GB/3.3 GB  5.6 MB/s   1m14s[K[?25h[?2026l[?2026h[?25l[A[1Gpulling manifest [K
pulling aeda25e63ebd:  88% ▕███████████████   ▏ 2.9 GB/3.3 GB  5.6 MB/s   1m14s[K[?25h[?2026l[?2026h[?25l[A[1Gpulling manifest [K
pulling aeda25e63ebd:  88% ▕███████████████   ▏ 2.9 GB/3.3 GB  5.6 MB/s   1m14s[K[?25h[?2026l[?2026h[?25l[A[1Gpulling manifest [K
pulling aeda25e63ebd:  88% ▕███████████████   ▏ 2.9 GB/3.3 GB  5.6 MB/s   1m14s[K[?25h[?2026l[?2026h[?25l[A[1Gpulling manifest [K
pulling aeda25e63ebd:  88% ▕███████████████   ▏ 2.9 GB/3.3 GB  5.6 MB/s   1m14s[K[?25h[?2026l[?2026h[?25l[A[1Gpulling manifest [K
pulling aeda25e63ebd:  88% ▕███████████████   ▏ 2.9 GB/3.3 GB  5.6 MB/s   1m14s[K[?25h[?2026l[?2026h[?25l[A[1Gpulling manifest [K
pulling aeda25e63ebd:  88% ▕███████████████   ▏ 2.9 GB/3.3 GB  5.6 MB/s   1m14s[K[?25h[?2026l[?2026h[?25l[A[1Gpulling manifest [K
pulling aeda25e63ebd:  88% ▕███████████████   ▏ 2.9 GB/3.3 GB  5.6 MB/s   1m14s[K[?25h[?2026l[?2026h[?25l[A[1Gpulling manifest [K
pulling aeda25e63ebd:  88% ▕███████████████   ▏ 2.9 GB/3.3 GB  5.6 MB/s   1m14s[K[?25h[?2026l[?2026h[?25l[A[1Gpulling manifest [K
pulling aeda25e63ebd:  88% ▕███████████████   ▏ 2.9 GB/3.3 GB  5.6 MB/s   1m14s[K[?25h[?2026l[?2026h[?25l[A[1Gpulling manifest [K
pulling aeda25e63ebd:  88% ▕███████████████   ▏ 2.9 GB/3.3 GB  5.6 MB/s   1m14s[K[?25h[?2026l[?2026h[?25l[A[1Gpulling manifest [K
pulling aeda25e63ebd:  88% ▕███████████████   ▏ 2.9 GB/3.3 GB  5.6 MB/s   1m14s[K[?25h[?2026l[?2026h[?25l[A[1Gpulling manifest [K
pulling aeda25e63ebd:  88% ▕███████████████   ▏ 2.9 GB/3.3 GB  5.6 MB/s   1m13s[K[?25h[?2026l[?2026h[?25l[A[1Gpulling manifest [K
pulling aeda25e63ebd:  88% ▕███████████████   ▏ 2.9 GB/3.3 GB  5.6 MB/s   1m13s[K[?25h[?2026l[?2026h[?25l[A[1Gpulling manifest [K
pulling aeda25e63ebd:  88% ▕███████████████   ▏ 2.9 GB/3.3 GB  5.6 MB/s   1m13s[K[?25h[?2026l[?2026h[?25l[A[1Gpulling manifest [K
pulling aeda25e63ebd:  88% ▕███████████████   ▏ 2.9 GB/3.3 GB  5.5 MB/s   1m14s[K[?25h[?2026l[?2026h[?25l[A[1Gpulling manifest [K
pulling aeda25e63ebd:  88% ▕███████████████   ▏ 2.9 GB/3.3 GB  5.5 MB/s   1m14s[K[?25h[?2026l[?2026h[?25l[A[1Gpulling manifest [K
pulling aeda25e63ebd:  88% ▕███████████████   ▏ 2.9 GB/3.3 GB  5.5 MB/s   1m14s[K[?25h[?2026l[?2026h[?25l[A[1Gpulling manifest [K
pulling aeda25e63ebd:  88% ▕███████████████   ▏ 2.9 GB/3.3 GB  5.5 MB/s   1m14s[K[?25h[?2026l[?2026h[?25l[A[1Gpulling manifest [K
pulling aeda25e63ebd:  88% ▕███████████████   ▏ 2.9 GB/3.3 GB  5.5 MB/s   1m14s[K[?25h[?2026l[?2026h[?25l[A[1Gpulling manifest [K
pulling aeda25e63ebd:  88% ▕███████████████   ▏ 2.9 GB/3.3 GB  5.5 MB/s   1m14s[K[?25h[?2026l[?2026h[?25l[A[1Gpulling manifest [K
pulling aeda25e63ebd:  88% ▕███████████████   ▏ 2.9 GB/3.3 GB  5.5 MB/s   1m14s[K[?25h[?2026l[?2026h[?25l[A[1Gpulling manifest [K
pulling aeda25e63ebd:  88% ▕███████████████   ▏ 2.9 GB/3.3 GB  5.5 MB/s   1m14s[K[?25h[?2026l[?2026h[?25l[A[1Gpulling manifest [K
pulling aeda25e63ebd:  88% ▕███████████████   ▏ 2.9 GB/3.3 GB  5.5 MB/s   1m14s[K[?25h[?2026l[?2026h[?25l[A[1Gpulling manifest [K
pulling aeda25e63ebd:  88% ▕███████████████   ▏ 2.9 GB/3.3 GB  5.5 MB/s   1m14s[K[?25h[?2026l[?2026h[?25l[A[1Gpulling manifest [K
pulling aeda25e63ebd:  88% ▕███████████████   ▏ 2.9 GB/3.3 GB  5.4 MB/s   1m14s[K[?25h[?2026l[?2026h[?25l[A[1Gpulling manifest [K
pulling aeda25e63ebd:  88% ▕███████████████   ▏ 2.9 GB/3.3 GB  5.4 MB/s   1m14s[K[?25h[?2026l[?2026h[?25l[A[1Gpulling manifest [K
pulling aeda25e63ebd:  88% ▕███████████████   ▏ 2.9 GB/3.3 GB  5.4 MB/s   1m14s[K[?25h[?2026l[?2026h[?25l[A[1Gpulling manifest [K
pulling aeda25e63ebd:  88% ▕███████████████   ▏ 2.9 GB/3.3 GB  5.4 MB/s   1m14s[K[?25h[?2026l[?2026h[?25l[A[1Gpulling manifest [K
pulling aeda25e63ebd:  88% ▕███████████████   ▏ 2.9 GB/3.3 GB  5.4 MB/s   1m13s[K[?25h[?2026l[?2026h[?25l[A[1Gpulling manifest [K
pulling aeda25e63ebd:  88% ▕███████████████   ▏ 2.9 GB/3.3 GB  5.4 MB/s   1m13s[K[?25h[?2026l[?2026h[?25l[A[1Gpulling manifest [K
pulling aeda25e63ebd:  88% ▕███████████████   ▏ 2.9 GB/3.3 GB  5.4 MB/s   1m13s[K[?25h[?2026l[?2026h[?25l[A[1Gpulling manifest [K
pulling aeda25e63ebd:  88% ▕███████████████   ▏ 2.9 GB/3.3 GB  5.4 MB/s   1m13s[K[?25h[?2026l[?2026h[?25l[A[1Gpulling manifest [K
pulling aeda25e63ebd:  88% ▕███████████████   ▏ 2.9 GB/3.3 GB  5.4 MB/s   1m13s[K[?25h[?2026l[?2026h[?25l[A[1Gpulling manifest [K
pulling aeda25e63ebd:  88% ▕███████████████   ▏ 2.9 GB/3.3 GB  5.4 MB/s   1m13s[K[?25h[?2026l[?2026h[?25l[A[1Gpulling manifest [K
pulling aeda25e63ebd:  88% ▕███████████████   ▏ 2.9 GB/3.3 GB  5.4 MB/s   1m13s[K[?25h[?2026l[?2026h[?25l[A[1Gpulling manifest [K
pulling aeda25e63ebd:  88% ▕███████████████   ▏ 2.9 GB/3.3 GB  5.4 MB/s   1m13s[K[?25h[?2026l[?2026h[?25l[A[1Gpulling manifest [K
pulling aeda25e63ebd:  88% ▕███████████████   ▏ 2.9 GB/3.3 GB  5.4 MB/s   1m13s[K[?25h[?2026l[?2026h[?25l[A[1Gpulling manifest [K
pulling aeda25e63ebd:  88% ▕███████████████   ▏ 2.9 GB/3.3 GB  5.4 MB/s   1m13s[K[?25h[?2026l[?2026h[?25l[A[1Gpulling manifest [K
pulling aeda25e63ebd:  88% ▕███████████████   ▏ 2.9 GB/3.3 GB  5.4 MB/s   1m13s[K[?25h[?2026l[?2026h[?25l[A[1Gpulling manifest [K
pulling aeda25e63ebd:  88% ▕███████████████   ▏ 2.9 GB/3.3 GB  5.4 MB/s   1m13s[K[?25h[?2026l[?2026h[?25l[A[1Gpulling manifest [K
pulling aeda25e63ebd:  88% ▕███████████████   ▏ 2.9 GB/3.3 GB  5.4 MB/s   1m13s[K[?25h[?2026l[?2026h[?25l[A[1Gpulling manifest [K
pulling aeda25e63ebd:  88% ▕███████████████   ▏ 2.9 GB/3.3 GB  5.4 MB/s   1m13s[K[?25h[?2026l[?2026h[?25l[A[1Gpulling manifest [K
pulling aeda25e63ebd:  88% ▕███████████████   ▏ 2.9 GB/3.3 GB  5.4 MB/s   1m13s[K[?25h[?2026l[?2026h[?25l[A[1Gpulling manifest [K
pulling aeda25e63ebd:  88% ▕███████████████   ▏ 2.9 GB/3.3 GB  5.4 MB/s   1m12s[K[?25h[?2026l[?2026h[?25l[A[1Gpulling manifest [K
pulling aeda25e63ebd:  88% ▕███████████████   ▏ 2.9 GB/3.3 GB  5.4 MB/s   1m13s[K[?25h[?2026l[?2026h[?25l[A[1Gpulling manifest [K
pulling aeda25e63ebd:  88% ▕███████████████   ▏ 2.9 GB/3.3 GB  5.4 MB/s   1m13s[K[?25h[?2026l[?2026h[?25l[A[1Gpulling manifest [K
pulling aeda25e63ebd:  88% ▕███████████████   ▏ 2.9 GB/3.3 GB  5.4 MB/s   1m12s[K[?25h[?2026l[?2026h[?25l[A[1Gpulling manifest [K
pulling aeda25e63ebd:  88% ▕███████████████   ▏ 2.9 GB/3.3 GB  5.4 MB/s   1m12s[K[?25h[?2026l[?2026h[?25l[A[1Gpulling manifest [K
pulling aeda25e63ebd:  88% ▕███████████████   ▏ 2.9 GB/3.3 GB  5.4 MB/s   1m12s[K[?25h[?2026l[?2026h[?25l[A[1Gpulling manifest [K
pulling aeda25e63ebd:  88% ▕███████████████   ▏ 2.9 GB/3.3 GB  5.4 MB/s   1m12s[K[?25h[?2026l[?2026h[?25l[A[1Gpulling manifest [K
pulling aeda25e63ebd:  88% ▕███████████████   ▏ 2.9 GB/3.3 GB  5.4 MB/s   1m12s[K[?25h[?2026l[?2026h[?25l[A[1Gpulling manifest [K
pulling aeda25e63ebd:  88% ▕███████████████   ▏ 2.9 GB/3.3 GB  5.4 MB/s   1m12s[K[?25h[?2026l[?2026h[?25l[A[1Gpulling manifest [K
pulling aeda25e63ebd:  88% ▕███████████████   ▏ 2.9 GB/3.3 GB  5.4 MB/s   1m12s[K[?25h[?2026l[?2026h[?25l[A[1Gpulling manifest [K
pulling aeda25e63ebd:  88% ▕███████████████   ▏ 3.0 GB/3.3 GB  5.4 MB/s   1m12s[K[?25h[?2026l[?2026h[?25l[A[1Gpulling manifest [K
pulling aeda25e63ebd:  88% ▕███████████████   ▏ 3.0 GB/3.3 GB  5.4 MB/s   1m12s[K[?25h[?2026l[?2026h[?25l[A[1Gpulling manifest [K
pulling aeda25e63ebd:  88% ▕███████████████   ▏ 3.0 GB/3.3 GB  5.3 MB/s   1m13s[K[?25h[?2026l[?2026h[?25l[A[1Gpulling manifest [K
pulling aeda25e63ebd:  88% ▕███████████████   ▏ 3.0 GB/3.3 GB  5.3 MB/s   1m13s[K[?25h[?2026l[?2026h[?25l[A[1Gpulling manifest [K
pulling aeda25e63ebd:  88% ▕███████████████   ▏ 3.0 GB/3.3 GB  5.3 MB/s   1m13s[K[?25h[?2026l[?2026h[?25l[A[1Gpulling manifest [K
pulling aeda25e63ebd:  88% ▕███████████████   ▏ 3.0 GB/3.3 GB  5.3 MB/s   1m13s[K[?25h[?2026l[?2026h[?25l[A[1Gpulling manifest [K
pulling aeda25e63ebd:  88% ▕███████████████   ▏ 3.0 GB/3.3 GB  5.3 MB/s   1m12s[K[?25h[?2026l[?2026h[?25l[A[1Gpulling manifest [K
pulling aeda25e63ebd:  88% ▕███████████████   ▏ 3.0 GB/3.3 GB  5.3 MB/s   1m12s[K[?25h[?2026l[?2026h[?25l[A[1Gpulling manifest [K
pulling aeda25e63ebd:  88% ▕███████████████   ▏ 3.0 GB/3.3 GB  5.3 MB/s   1m12s[K[?25h[?2026l[?2026h[?25l[A[1Gpulling manifest [K
pulling aeda25e63ebd:  89% ▕███████████████   ▏ 3.0 GB/3.3 GB  5.3 MB/s   1m12s[K[?25h[?2026l[?2026h[?25l[A[1Gpulling manifest [K
pulling aeda25e63ebd:  89% ▕███████████████   ▏ 3.0 GB/3.3 GB  5.3 MB/s   1m12s[K[?25h[?2026l[?2026h[?25l[A[1Gpulling manifest [K
pulling aeda25e63ebd:  89% ▕███████████████   ▏ 3.0 GB/3.3 GB  5.3 MB/s   1m12s[K[?25h[?2026l[?2026h[?25l[A[1Gpulling manifest [K
pulling aeda25e63ebd:  89% ▕███████████████   ▏ 3.0 GB/3.3 GB  5.2 MB/s   1m13s[K[?25h[?2026l[?2026h[?25l[A[1Gpulling manifest [K
pulling aeda25e63ebd:  89% ▕███████████████   ▏ 3.0 GB/3.3 GB  5.2 MB/s   1m13s[K[?25h[?2026l[?2026h[?25l[A[1Gpulling manifest [K
pulling aeda25e63ebd:  89% ▕███████████████   ▏ 3.0 GB/3.3 GB  5.2 MB/s   1m13s[K[?25h[?2026l[?2026h[?25l[A[1Gpulling manifest [K
pulling aeda25e63ebd:  89% ▕███████████████   ▏ 3.0 GB/3.3 GB  5.2 MB/s   1m13s[K[?25h[?2026l[?2026h[?25l[A[1Gpulling manifest [K
pulling aeda25e63ebd:  89% ▕███████████████   ▏ 3.0 GB/3.3 GB  5.2 MB/s   1m13s[K[?25h[?2026l[?2026h[?25l[A[1Gpulling manifest [K
pulling aeda25e63ebd:  89% ▕███████████████   ▏ 3.0 GB/3.3 GB  5.2 MB/s   1m12s[K[?25h[?2026l[?2026h[?25l[A[1Gpulling manifest [K
pulling aeda25e63ebd:  89% ▕███████████████   ▏ 3.0 GB/3.3 GB  5.2 MB/s   1m12s[K[?25h[?2026l[?2026h[?25l[A[1Gpulling manifest [K
pulling aeda25e63ebd:  89% ▕███████████████   ▏ 3.0 GB/3.3 GB  5.2 MB/s   1m12s[K[?25h[?2026l[?2026h[?25l[A[1Gpulling manifest [K
pulling aeda25e63ebd:  89% ▕███████████████   ▏ 3.0 GB/3.3 GB  5.2 MB/s   1m12s[K[?25h[?2026l[?2026h[?25l[A[1Gpulling manifest [K
pulling aeda25e63ebd:  89% ▕███████████████   ▏ 3.0 GB/3.3 GB  5.2 MB/s   1m12s[K[?25h[?2026l[?2026h[?25l[A[1Gpulling manifest [K
pulling aeda25e63ebd:  89% ▕███████████████   ▏ 3.0 GB/3.3 GB  5.1 MB/s   1m14s[K[?25h[?2026l[?2026h[?25l[A[1Gpulling manifest [K
pulling aeda25e63ebd:  89% ▕███████████████   ▏ 3.0 GB/3.3 GB  5.1 MB/s   1m14s[K[?25h[?2026l[?2026h[?25l[A[1Gpulling manifest [K
pulling aeda25e63ebd:  89% ▕███████████████   ▏ 3.0 GB/3.3 GB  5.1 MB/s   1m14s[K[?25h[?2026l[?2026h[?25l[A[1Gpulling manifest [K
pulling aeda25e63ebd:  89% ▕███████████████   ▏ 3.0 GB/3.3 GB  5.1 MB/s   1m14s[K[?25h[?2026l[?2026h[?25l[A[1Gpulling manifest [K
pulling aeda25e63ebd:  89% ▕███████████████   ▏ 3.0 GB/3.3 GB  5.1 MB/s   1m14s[K[?25h[?2026l[?2026h[?25l[A[1Gpulling manifest [K
pulling aeda25e63ebd:  89% ▕███████████████   ▏ 3.0 GB/3.3 GB  5.1 MB/s   1m14s[K[?25h[?2026l[?2026h[?25l[A[1Gpulling manifest [K
pulling aeda25e63ebd:  89% ▕███████████████   ▏ 3.0 GB/3.3 GB  5.1 MB/s   1m14s[K[?25h[?2026l[?2026h[?25l[A[1Gpulling manifest [K
pulling aeda25e63ebd:  89% ▕███████████████   ▏ 3.0 GB/3.3 GB  5.1 MB/s   1m14s[K[?25h[?2026l[?2026h[?25l[A[1Gpulling manifest [K
pulling aeda25e63ebd:  89% ▕███████████████   ▏ 3.0 GB/3.3 GB  5.1 MB/s   1m13s[K[?25h[?2026l[?2026h[?25l[A[1Gpulling manifest [K
pulling aeda25e63ebd:  89% ▕███████████████   ▏ 3.0 GB/3.3 GB  5.1 MB/s   1m13s[K[?25h[?2026l[?2026h[?25l[A[1Gpulling manifest [K
pulling aeda25e63ebd:  89% ▕███████████████   ▏ 3.0 GB/3.3 GB  5.2 MB/s   1m12s[K[?25h[?2026l[?2026h[?25l[A[1Gpulling manifest [K
pulling aeda25e63ebd:  89% ▕███████████████   ▏ 3.0 GB/3.3 GB  5.2 MB/s   1m11s[K[?25h[?2026l[?2026h[?25l[A[1Gpulling manifest [K
pulling aeda25e63ebd:  89% ▕███████████████   ▏ 3.0 GB/3.3 GB  5.2 MB/s   1m11s[K[?25h[?2026l[?2026h[?25l[A[1Gpulling manifest [K
pulling aeda25e63ebd:  89% ▕███████████████   ▏ 3.0 GB/3.3 GB  5.2 MB/s   1m11s[K[?25h[?2026l[?2026h[?25l[A[1Gpulling manifest [K
pulling aeda25e63ebd:  89% ▕████████████████  ▏ 3.0 GB/3.3 GB  5.2 MB/s   1m11s[K[?25h[?2026l[?2026h[?25l[A[1Gpulling manifest [K
pulling aeda25e63ebd:  89% ▕████████████████  ▏ 3.0 GB/3.3 GB  5.2 MB/s   1m11s[K[?25h[?2026l[?2026h[?25l[A[1Gpulling manifest [K
pulling aeda25e63ebd:  89% ▕████████████████  ▏ 3.0 GB/3.3 GB  5.2 MB/s   1m11s[K[?25h[?2026l[?2026h[?25l[A[1Gpulling manifest [K
pulling aeda25e63ebd:  89% ▕████████████████  ▏ 3.0 GB/3.3 GB  5.2 MB/s   1m11s[K[?25h[?2026l[?2026h[?25l[A[1Gpulling manifest [K
pulling aeda25e63ebd:  89% ▕████████████████  ▏ 3.0 GB/3.3 GB  5.2 MB/s   1m11s[K[?25h[?2026l[?2026h[?25l[A[1Gpulling manifest [K
pulling aeda25e63ebd:  89% ▕████████████████  ▏ 3.0 GB/3.3 GB  5.2 MB/s   1m11s[K[?25h[?2026l[?2026h[?25l[A[1Gpulling manifest [K
pulling aeda25e63ebd:  89% ▕████████████████  ▏ 3.0 GB/3.3 GB  5.2 MB/s   1m10s[K[?25h[?2026l[?2026h[?25l[A[1Gpulling manifest [K
pulling aeda25e63ebd:  89% ▕████████████████  ▏ 3.0 GB/3.3 GB  5.2 MB/s   1m10s[K[?25h[?2026l[?2026h[?25l[A[1Gpulling manifest [K
pulling aeda25e63ebd:  89% ▕████████████████  ▏ 3.0 GB/3.3 GB  5.2 MB/s   1m10s[K[?25h[?2026l[?2026h[?25l[A[1Gpulling manifest [K
pulling aeda25e63ebd:  89% ▕████████████████  ▏ 3.0 GB/3.3 GB  5.2 MB/s   1m10s[K[?25h[?2026l[?2026h[?25l[A[1Gpulling manifest [K
pulling aeda25e63ebd:  89% ▕████████████████  ▏ 3.0 GB/3.3 GB  5.2 MB/s   1m10s[K[?25h[?2026l[?2026h[?25l[A[1Gpulling manifest [K
pulling aeda25e63ebd:  89% ▕████████████████  ▏ 3.0 GB/3.3 GB  5.2 MB/s   1m10s[K[?25h[?2026l[?2026h[?25l[A[1Gpulling manifest [K
pulling aeda25e63ebd:  89% ▕████████████████  ▏ 3.0 GB/3.3 GB  5.2 MB/s   1m10s[K[?25h[?2026l[?2026h[?25l[A[1Gpulling manifest [K
pulling aeda25e63ebd:  89% ▕████████████████  ▏ 3.0 GB/3.3 GB  5.2 MB/s    1m9s[K[?25h[?2026l[?2026h[?25l[A[1Gpulling manifest [K
pulling aeda25e63ebd:  89% ▕████████████████  ▏ 3.0 GB/3.3 GB  5.2 MB/s    1m9s[K[?25h[?2026l[?2026h[?25l[A[1Gpulling manifest [K
pulling aeda25e63ebd:  89% ▕████████████████  ▏ 3.0 GB/3.3 GB  5.2 MB/s    1m9s[K[?25h[?2026l[?2026h[?25l[A[1Gpulling manifest [K
pulling aeda25e63ebd:  89% ▕████████████████  ▏ 3.0 GB/3.3 GB  5.2 MB/s    1m9s[K[?25h[?2026l[?2026h[?25l[A[1Gpulling manifest [K
pulling aeda25e63ebd:  89% ▕████████████████  ▏ 3.0 GB/3.3 GB  5.3 MB/s    1m8s[K[?25h[?2026l[?2026h[?25l[A[1Gpulling manifest [K
pulling aeda25e63ebd:  89% ▕████████████████  ▏ 3.0 GB/3.3 GB  5.3 MB/s    1m8s[K[?25h[?2026l[?2026h[?25l[A[1Gpulling manifest [K
pulling aeda25e63ebd:  89% ▕████████████████  ▏ 3.0 GB/3.3 GB  5.3 MB/s    1m8s[K[?25h[?2026l[?2026h[?25l[A[1Gpulling manifest [K
pulling aeda25e63ebd:  89% ▕████████████████  ▏ 3.0 GB/3.3 GB  5.3 MB/s    1m8s[K[?25h[?2026l[?2026h[?25l[A[1Gpulling manifest [K
pulling aeda25e63ebd:  89% ▕████████████████  ▏ 3.0 GB/3.3 GB  5.3 MB/s    1m7s[K[?25h[?2026l[?2026h[?25l[A[1Gpulling manifest [K
pulling aeda25e63ebd:  89% ▕████████████████  ▏ 3.0 GB/3.3 GB  5.3 MB/s    1m7s[K[?25h[?2026l[?2026h[?25l[A[1Gpulling manifest [K
pulling aeda25e63ebd:  89% ▕████████████████  ▏ 3.0 GB/3.3 GB  5.3 MB/s    1m7s[K[?25h[?2026l[?2026h[?25l[A[1Gpulling manifest [K
pulling aeda25e63ebd:  89% ▕████████████████  ▏ 3.0 GB/3.3 GB  5.3 MB/s    1m7s[K[?25h[?2026l[?2026h[?25l[A[1Gpulling manifest [K
pulling aeda25e63ebd:  89% ▕████████████████  ▏ 3.0 GB/3.3 GB  5.3 MB/s    1m7s[K[?25h[?2026l[?2026h[?25l[A[1Gpulling manifest [K
pulling aeda25e63ebd:  89% ▕████████████████  ▏ 3.0 GB/3.3 GB  5.3 MB/s    1m7s[K[?25h[?2026l[?2026h[?25l[A[1Gpulling manifest [K
pulling aeda25e63ebd:  89% ▕████████████████  ▏ 3.0 GB/3.3 GB  5.2 MB/s    1m7s[K[?25h[?2026l[?2026h[?25l[A[1Gpulling manifest [K
pulling aeda25e63ebd:  89% ▕████████████████  ▏ 3.0 GB/3.3 GB  5.2 MB/s    1m7s[K[?25h[?2026l[?2026h[?25l[A[1Gpulling manifest [K
pulling aeda25e63ebd:  89% ▕████████████████  ▏ 3.0 GB/3.3 GB  5.2 MB/s    1m7s[K[?25h[?2026l[?2026h[?25l[A[1Gpulling manifest [K
pulling aeda25e63ebd:  89% ▕████████████████  ▏ 3.0 GB/3.3 GB  5.2 MB/s    1m7s[K[?25h[?2026l[?2026h[?25l[A[1Gpulling manifest [K
pulling aeda25e63ebd:  89% ▕████████████████  ▏ 3.0 GB/3.3 GB  5.2 MB/s    1m7s[K[?25h[?2026l[?2026h[?25l[A[1Gpulling manifest [K
pulling aeda25e63ebd:  89% ▕████████████████  ▏ 3.0 GB/3.3 GB  5.2 MB/s    1m7s[K[?25h[?2026l[?2026h[?25l[A[1Gpulling manifest [K
pulling aeda25e63ebd:  89% ▕████████████████  ▏ 3.0 GB/3.3 GB  5.2 MB/s    1m7s[K[?25h[?2026l[?2026h[?25l[A[1Gpulling manifest [K
pulling aeda25e63ebd:  89% ▕████████████████  ▏ 3.0 GB/3.3 GB  5.2 MB/s    1m7s[K[?25h[?2026l[?2026h[?25l[A[1Gpulling manifest [K
pulling aeda25e63ebd:  89% ▕████████████████  ▏ 3.0 GB/3.3 GB  5.2 MB/s    1m7s[K[?25h[?2026l[?2026h[?25l[A[1Gpulling manifest [K
pulling aeda25e63ebd:  89% ▕████████████████  ▏ 3.0 GB/3.3 GB  5.2 MB/s    1m6s[K[?25h[?2026l[?2026h[?25l[A[1Gpulling manifest [K
pulling aeda25e63ebd:  89% ▕████████████████  ▏ 3.0 GB/3.3 GB  5.3 MB/s    1m6s[K[?25h[?2026l[?2026h[?25l[A[1Gpulling manifest [K
pulling aeda25e63ebd:  90% ▕████████████████  ▏ 3.0 GB/3.3 GB  5.3 MB/s    1m6s[K[?25h[?2026l[?2026h[?25l[A[1Gpulling manifest [K
pulling aeda25e63ebd:  90% ▕████████████████  ▏ 3.0 GB/3.3 GB  5.3 MB/s    1m5s[K[?25h[?2026l[?2026h[?25l[A[1Gpulling manifest [K
pulling aeda25e63ebd:  90% ▕████████████████  ▏ 3.0 GB/3.3 GB  5.3 MB/s    1m5s[K[?25h[?2026l[?2026h[?25l[A[1Gpulling manifest [K
pulling aeda25e63ebd:  90% ▕████████████████  ▏ 3.0 GB/3.3 GB  5.3 MB/s    1m5s[K[?25h[?2026l[?2026h[?25l[A[1Gpulling manifest [K
pulling aeda25e63ebd:  90% ▕████████████████  ▏ 3.0 GB/3.3 GB  5.3 MB/s    1m5s[K[?25h[?2026l[?2026h[?25l[A[1Gpulling manifest [K
pulling aeda25e63ebd:  90% ▕████████████████  ▏ 3.0 GB/3.3 GB  5.3 MB/s    1m5s[K[?25h[?2026l[?2026h[?25l[A[1Gpulling manifest [K
pulling aeda25e63ebd:  90% ▕████████████████  ▏ 3.0 GB/3.3 GB  5.3 MB/s    1m5s[K[?25h[?2026l[?2026h[?25l[A[1Gpulling manifest [K
pulling aeda25e63ebd:  90% ▕████████████████  ▏ 3.0 GB/3.3 GB  5.3 MB/s    1m5s[K[?25h[?2026l[?2026h[?25l[A[1Gpulling manifest [K
pulling aeda25e63ebd:  90% ▕████████████████  ▏ 3.0 GB/3.3 GB  5.3 MB/s    1m5s[K[?25h[?2026l[?2026h[?25l[A[1Gpulling manifest [K
pulling aeda25e63ebd:  90% ▕████████████████  ▏ 3.0 GB/3.3 GB  5.3 MB/s    1m5s[K[?25h[?2026l[?2026h[?25l[A[1Gpulling manifest [K
pulling aeda25e63ebd:  90% ▕████████████████  ▏ 3.0 GB/3.3 GB  5.3 MB/s    1m5s[K[?25h[?2026l[?2026h[?25l[A[1Gpulling manifest [K
pulling aeda25e63ebd:  90% ▕████████████████  ▏ 3.0 GB/3.3 GB  5.3 MB/s    1m4s[K[?25h[?2026l[?2026h[?25l[A[1Gpulling manifest [K
pulling aeda25e63ebd:  90% ▕████████████████  ▏ 3.0 GB/3.3 GB  5.3 MB/s    1m4s[K[?25h[?2026l[?2026h[?25l[A[1Gpulling manifest [K
pulling aeda25e63ebd:  90% ▕████████████████  ▏ 3.0 GB/3.3 GB  5.3 MB/s    1m4s[K[?25h[?2026l[?2026h[?25l[A[1Gpulling manifest [K
pulling aeda25e63ebd:  90% ▕████████████████  ▏ 3.0 GB/3.3 GB  5.3 MB/s    1m4s[K[?25h[?2026l[?2026h[?25l[A[1Gpulling manifest [K
pulling aeda25e63ebd:  90% ▕████████████████  ▏ 3.0 GB/3.3 GB  5.3 MB/s    1m4s[K[?25h[?2026l[?2026h[?25l[A[1Gpulling manifest [K
pulling aeda25e63ebd:  90% ▕████████████████  ▏ 3.0 GB/3.3 GB  5.3 MB/s    1m4s[K[?25h[?2026l[?2026h[?25l[A[1Gpulling manifest [K
pulling aeda25e63ebd:  90% ▕████████████████  ▏ 3.0 GB/3.3 GB  5.3 MB/s    1m4s[K[?25h[?2026l[?2026h[?25l[A[1Gpulling manifest [K
pulling aeda25e63ebd:  90% ▕████████████████  ▏ 3.0 GB/3.3 GB  5.3 MB/s    1m4s[K[?25h[?2026l[?2026h[?25l[A[1Gpulling manifest [K
pulling aeda25e63ebd:  90% ▕████████████████  ▏ 3.0 GB/3.3 GB  5.4 MB/s    1m2s[K[?25h[?2026l[?2026h[?25l[A[1Gpulling manifest [K
pulling aeda25e63ebd:  90% ▕████████████████  ▏ 3.0 GB/3.3 GB  5.4 MB/s    1m2s[K[?25h[?2026l[?2026h[?25l[A[1Gpulling manifest [K
pulling aeda25e63ebd:  90% ▕████████████████  ▏ 3.0 GB/3.3 GB  5.4 MB/s    1m2s[K[?25h[?2026l[?2026h[?25l[A[1Gpulling manifest [K
pulling aeda25e63ebd:  90% ▕████████████████  ▏ 3.0 GB/3.3 GB  5.4 MB/s    1m2s[K[?25h[?2026l[?2026h[?25l[A[1Gpulling manifest [K
pulling aeda25e63ebd:  90% ▕████████████████  ▏ 3.0 GB/3.3 GB  5.4 MB/s    1m2s[K[?25h[?2026l[?2026h[?25l[A[1Gpulling manifest [K
pulling aeda25e63ebd:  90% ▕████████████████  ▏ 3.0 GB/3.3 GB  5.4 MB/s    1m2s[K[?25h[?2026l[?2026h[?25l[A[1Gpulling manifest [K
pulling aeda25e63ebd:  90% ▕████████████████  ▏ 3.0 GB/3.3 GB  5.4 MB/s    1m2s[K[?25h[?2026l[?2026h[?25l[A[1Gpulling manifest [K
pulling aeda25e63ebd:  90% ▕████████████████  ▏ 3.0 GB/3.3 GB  5.4 MB/s    1m2s[K[?25h[?2026l[?2026h[?25l[A[1Gpulling manifest [K
pulling aeda25e63ebd:  90% ▕████████████████  ▏ 3.0 GB/3.3 GB  5.4 MB/s    1m2s[K[?25h[?2026l[?2026h[?25l[A[1Gpulling manifest [K
pulling aeda25e63ebd:  90% ▕████████████████  ▏ 3.0 GB/3.3 GB  5.4 MB/s    1m1s[K[?25h[?2026l[?2026h[?25l[A[1Gpulling manifest [K
pulling aeda25e63ebd:  90% ▕████████████████  ▏ 3.0 GB/3.3 GB  5.4 MB/s    1m1s[K[?25h[?2026l[?2026h[?25l[A[1Gpulling manifest [K
pulling aeda25e63ebd:  90% ▕████████████████  ▏ 3.0 GB/3.3 GB  5.5 MB/s    1m1s[K[?25h[?2026l[?2026h[?25l[A[1Gpulling manifest [K
pulling aeda25e63ebd:  90% ▕████████████████  ▏ 3.0 GB/3.3 GB  5.5 MB/s    1m0s[K[?25h[?2026l[?2026h[?25l[A[1Gpulling manifest [K
pulling aeda25e63ebd:  90% ▕████████████████  ▏ 3.0 GB/3.3 GB  5.5 MB/s    1m0s[K[?25h[?2026l[?2026h[?25l[A[1Gpulling manifest [K
pulling aeda25e63ebd:  90% ▕████████████████  ▏ 3.0 GB/3.3 GB  5.5 MB/s    1m0s[K[?25h[?2026l[?2026h[?25l[A[1Gpulling manifest [K
pulling aeda25e63ebd:  90% ▕████████████████  ▏ 3.0 GB/3.3 GB  5.5 MB/s    1m0s[K[?25h[?2026l[?2026h[?25l[A[1Gpulling manifest [K
pulling aeda25e63ebd:  90% ▕████████████████  ▏ 3.0 GB/3.3 GB  5.5 MB/s    1m0s[K[?25h[?2026l[?2026h[?25l[A[1Gpulling manifest [K
pulling aeda25e63ebd:  90% ▕████████████████  ▏ 3.0 GB/3.3 GB  5.5 MB/s    1m0s[K[?25h[?2026l[?2026h[?25l[A[1Gpulling manifest [K
pulling aeda25e63ebd:  90% ▕████████████████  ▏ 3.0 GB/3.3 GB  5.5 MB/s    1m0s[K[?25h[?2026l[?2026h[?25l[A[1Gpulling manifest [K
pulling aeda25e63ebd:  90% ▕████████████████  ▏ 3.0 GB/3.3 GB  5.5 MB/s    1m0s[K[?25h[?2026l[?2026h[?25l[A[1Gpulling manifest [K
pulling aeda25e63ebd:  90% ▕████████████████  ▏ 3.0 GB/3.3 GB  5.5 MB/s    1m0s[K[?25h[?2026l[?2026h[?25l[A[1Gpulling manifest [K
pulling aeda25e63ebd:  90% ▕████████████████  ▏ 3.0 GB/3.3 GB  5.6 MB/s     58s[K[?25h[?2026l[?2026h[?25l[A[1Gpulling manifest [K
pulling aeda25e63ebd:  90% ▕████████████████  ▏ 3.0 GB/3.3 GB  5.6 MB/s     58s[K[?25h[?2026l[?2026h[?25l[A[1Gpulling manifest [K
pulling aeda25e63ebd:  90% ▕████████████████  ▏ 3.0 GB/3.3 GB  5.6 MB/s     58s[K[?25h[?2026l[?2026h[?25l[A[1Gpulling manifest [K
pulling aeda25e63ebd:  90% ▕████████████████  ▏ 3.0 GB/3.3 GB  5.6 MB/s     57s[K[?25h[?2026l[?2026h[?25l[A[1Gpulling manifest [K
pulling aeda25e63ebd:  90% ▕████████████████  ▏ 3.0 GB/3.3 GB  5.6 MB/s     57s[K[?25h[?2026l[?2026h[?25l[A[1Gpulling manifest [K
pulling aeda25e63ebd:  90% ▕████████████████  ▏ 3.0 GB/3.3 GB  5.6 MB/s     57s[K[?25h[?2026l[?2026h[?25l[A[1Gpulling manifest [K
pulling aeda25e63ebd:  90% ▕████████████████  ▏ 3.0 GB/3.3 GB  5.6 MB/s     57s[K[?25h[?2026l[?2026h[?25l[A[1Gpulling manifest [K
pulling aeda25e63ebd:  90% ▕████████████████  ▏ 3.0 GB/3.3 GB  5.6 MB/s     57s[K[?25h[?2026l[?2026h[?25l[A[1Gpulling manifest [K
pulling aeda25e63ebd:  90% ▕████████████████  ▏ 3.0 GB/3.3 GB  5.6 MB/s     57s[K[?25h[?2026l[?2026h[?25l[A[1Gpulling manifest [K
pulling aeda25e63ebd:  90% ▕████████████████  ▏ 3.0 GB/3.3 GB  5.6 MB/s     57s[K[?25h[?2026l[?2026h[?25l[A[1Gpulling manifest [K
pulling aeda25e63ebd:  90% ▕████████████████  ▏ 3.0 GB/3.3 GB  5.6 MB/s     58s[K[?25h[?2026l[?2026h[?25l[A[1Gpulling manifest [K
pulling aeda25e63ebd:  90% ▕████████████████  ▏ 3.0 GB/3.3 GB  5.6 MB/s     57s[K[?25h[?2026l[?2026h[?25l[A[1Gpulling manifest [K
pulling aeda25e63ebd:  90% ▕████████████████  ▏ 3.0 GB/3.3 GB  5.6 MB/s     57s[K[?25h[?2026l[?2026h[?25l[A[1Gpulling manifest [K
pulling aeda25e63ebd:  90% ▕████████████████  ▏ 3.0 GB/3.3 GB  5.6 MB/s     57s[K[?25h[?2026l[?2026h[?25l[A[1Gpulling manifest [K
pulling aeda25e63ebd:  90% ▕████████████████  ▏ 3.0 GB/3.3 GB  5.6 MB/s     57s[K[?25h[?2026l[?2026h[?25l[A[1Gpulling manifest [K
pulling aeda25e63ebd:  90% ▕████████████████  ▏ 3.0 GB/3.3 GB  5.6 MB/s     57s[K[?25h[?2026l[?2026h[?25l[A[1Gpulling manifest [K
pulling aeda25e63ebd:  90% ▕████████████████  ▏ 3.0 GB/3.3 GB  5.6 MB/s     57s[K[?25h[?2026l[?2026h[?25l[A[1Gpulling manifest [K
pulling aeda25e63ebd:  90% ▕████████████████  ▏ 3.0 GB/3.3 GB  5.6 MB/s     57s[K[?25h[?2026l[?2026h[?25l[A[1Gpulling manifest [K
pulling aeda25e63ebd:  90% ▕████████████████  ▏ 3.0 GB/3.3 GB  5.6 MB/s     57s[K[?25h[?2026l[?2026h[?25l[A[1Gpulling manifest [K
pulling aeda25e63ebd:  90% ▕████████████████  ▏ 3.0 GB/3.3 GB  5.6 MB/s     57s[K[?25h[?2026l[?2026h[?25l[A[1Gpulling manifest [K
pulling aeda25e63ebd:  91% ▕████████████████  ▏ 3.0 GB/3.3 GB  5.6 MB/s     56s[K[?25h[?2026l[?2026h[?25l[A[1Gpulling manifest [K
pulling aeda25e63ebd:  91% ▕████████████████  ▏ 3.0 GB/3.3 GB  5.6 MB/s     56s[K[?25h[?2026l[?2026h[?25l[A[1Gpulling manifest [K
pulling aeda25e63ebd:  91% ▕████████████████  ▏ 3.0 GB/3.3 GB  5.6 MB/s     56s[K[?25h[?2026l[?2026h[?25l[A[1Gpulling manifest [K
pulling aeda25e63ebd:  91% ▕████████████████  ▏ 3.0 GB/3.3 GB  5.6 MB/s     55s[K[?25h[?2026l[?2026h[?25l[A[1Gpulling manifest [K
pulling aeda25e63ebd:  91% ▕████████████████  ▏ 3.0 GB/3.3 GB  5.6 MB/s     55s[K[?25h[?2026l[?2026h[?25l[A[1Gpulling manifest [K
pulling aeda25e63ebd:  91% ▕████████████████  ▏ 3.0 GB/3.3 GB  5.6 MB/s     55s[K[?25h[?2026l[?2026h[?25l[A[1Gpulling manifest [K
pulling aeda25e63ebd:  91% ▕████████████████  ▏ 3.0 GB/3.3 GB  5.6 MB/s     55s[K[?25h[?2026l[?2026h[?25l[A[1Gpulling manifest [K
pulling aeda25e63ebd:  91% ▕████████████████  ▏ 3.0 GB/3.3 GB  5.6 MB/s     55s[K[?25h[?2026l[?2026h[?25l[A[1Gpulling manifest [K
pulling aeda25e63ebd:  91% ▕████████████████  ▏ 3.0 GB/3.3 GB  5.6 MB/s     55s[K[?25h[?2026l[?2026h[?25l[A[1Gpulling manifest [K
pulling aeda25e63ebd:  91% ▕████████████████  ▏ 3.0 GB/3.3 GB  5.6 MB/s     55s[K[?25h[?2026l[?2026h[?25l[A[1Gpulling manifest [K
pulling aeda25e63ebd:  91% ▕████████████████  ▏ 3.0 GB/3.3 GB  5.6 MB/s     55s[K[?25h[?2026l[?2026h[?25l[A[1Gpulling manifest [K
pulling aeda25e63ebd:  91% ▕████████████████  ▏ 3.0 GB/3.3 GB  5.6 MB/s     55s[K[?25h[?2026l[?2026h[?25l[A[1Gpulling manifest [K
pulling aeda25e63ebd:  91% ▕████████████████  ▏ 3.0 GB/3.3 GB  5.6 MB/s     55s[K[?25h[?2026l[?2026h[?25l[A[1Gpulling manifest [K
pulling aeda25e63ebd:  91% ▕████████████████  ▏ 3.0 GB/3.3 GB  5.6 MB/s     55s[K[?25h[?2026l[?2026h[?25l[A[1Gpulling manifest [K
pulling aeda25e63ebd:  91% ▕████████████████  ▏ 3.0 GB/3.3 GB  5.6 MB/s     55s[K[?25h[?2026l[?2026h[?25l[A[1Gpulling manifest [K
pulling aeda25e63ebd:  91% ▕████████████████  ▏ 3.0 GB/3.3 GB  5.6 MB/s     55s[K[?25h[?2026l[?2026h[?25l[A[1Gpulling manifest [K
pulling aeda25e63ebd:  91% ▕████████████████  ▏ 3.0 GB/3.3 GB  5.6 MB/s     55s[K[?25h[?2026l[?2026h[?25l[A[1Gpulling manifest [K
pulling aeda25e63ebd:  91% ▕████████████████  ▏ 3.0 GB/3.3 GB  5.6 MB/s     54s[K[?25h[?2026l[?2026h[?25l[A[1Gpulling manifest [K
pulling aeda25e63ebd:  91% ▕████████████████  ▏ 3.0 GB/3.3 GB  5.6 MB/s     54s[K[?25h[?2026l[?2026h[?25l[A[1Gpulling manifest [K
pulling aeda25e63ebd:  91% ▕████████████████  ▏ 3.0 GB/3.3 GB  5.6 MB/s     54s[K[?25h[?2026l[?2026h[?25l[A[1Gpulling manifest [K
pulling aeda25e63ebd:  91% ▕████████████████  ▏ 3.0 GB/3.3 GB  5.6 MB/s     54s[K[?25h[?2026l[?2026h[?25l[A[1Gpulling manifest [K
pulling aeda25e63ebd:  91% ▕████████████████  ▏ 3.0 GB/3.3 GB  5.6 MB/s     54s[K[?25h[?2026l[?2026h[?25l[A[1Gpulling manifest [K
pulling aeda25e63ebd:  91% ▕████████████████  ▏ 3.0 GB/3.3 GB  5.6 MB/s     54s[K[?25h[?2026l[?2026h[?25l[A[1Gpulling manifest [K
pulling aeda25e63ebd:  91% ▕████████████████  ▏ 3.0 GB/3.3 GB  5.6 MB/s     54s[K[?25h[?2026l[?2026h[?25l[A[1Gpulling manifest [K
pulling aeda25e63ebd:  91% ▕████████████████  ▏ 3.0 GB/3.3 GB  5.6 MB/s     53s[K[?25h[?2026l[?2026h[?25l[A[1Gpulling manifest [K
pulling aeda25e63ebd:  91% ▕████████████████  ▏ 3.0 GB/3.3 GB  5.6 MB/s     53s[K[?25h[?2026l[?2026h[?25l[A[1Gpulling manifest [K
pulling aeda25e63ebd:  91% ▕████████████████  ▏ 3.0 GB/3.3 GB  5.6 MB/s     53s[K[?25h[?2026l[?2026h[?25l[A[1Gpulling manifest [K
pulling aeda25e63ebd:  91% ▕████████████████  ▏ 3.0 GB/3.3 GB  5.6 MB/s     53s[K[?25h[?2026l[?2026h[?25l[A[1Gpulling manifest [K
pulling aeda25e63ebd:  91% ▕████████████████  ▏ 3.0 GB/3.3 GB  5.6 MB/s     53s[K[?25h[?2026l[?2026h[?25l[A[1Gpulling manifest [K
pulling aeda25e63ebd:  91% ▕████████████████  ▏ 3.0 GB/3.3 GB  5.6 MB/s     53s[K[?25h[?2026l[?2026h[?25l[A[1Gpulling manifest [K
pulling aeda25e63ebd:  91% ▕████████████████  ▏ 3.0 GB/3.3 GB  5.6 MB/s     53s[K[?25h[?2026l[?2026h[?25l[A[1Gpulling manifest [K
pulling aeda25e63ebd:  91% ▕████████████████  ▏ 3.0 GB/3.3 GB  5.5 MB/s     54s[K[?25h[?2026l[?2026h[?25l[A[1Gpulling manifest [K
pulling aeda25e63ebd:  91% ▕████████████████  ▏ 3.0 GB/3.3 GB  5.5 MB/s     54s[K[?25h[?2026l[?2026h[?25l[A[1Gpulling manifest [K
pulling aeda25e63ebd:  91% ▕████████████████  ▏ 3.0 GB/3.3 GB  5.5 MB/s     54s[K[?25h[?2026l[?2026h[?25l[A[1Gpulling manifest [K
pulling aeda25e63ebd:  91% ▕████████████████  ▏ 3.0 GB/3.3 GB  5.5 MB/s     54s[K[?25h[?2026l[?2026h[?25l[A[1Gpulling manifest [K
pulling aeda25e63ebd:  91% ▕████████████████  ▏ 3.0 GB/3.3 GB  5.5 MB/s     54s[K[?25h[?2026l[?2026h[?25l[A[1Gpulling manifest [K
pulling aeda25e63ebd:  91% ▕████████████████  ▏ 3.0 GB/3.3 GB  5.5 MB/s     53s[K[?25h[?2026l[?2026h[?25l[A[1Gpulling manifest [K
pulling aeda25e63ebd:  91% ▕████████████████  ▏ 3.0 GB/3.3 GB  5.5 MB/s     53s[K[?25h[?2026l[?2026h[?25l[A[1Gpulling manifest [K
pulling aeda25e63ebd:  91% ▕████████████████  ▏ 3.0 GB/3.3 GB  5.5 MB/s     53s[K[?25h[?2026l[?2026h[?25l[A[1Gpulling manifest [K
pulling aeda25e63ebd:  91% ▕████████████████  ▏ 3.0 GB/3.3 GB  5.5 MB/s     53s[K[?25h[?2026l[?2026h[?25l[A[1Gpulling manifest [K
pulling aeda25e63ebd:  91% ▕████████████████  ▏ 3.0 GB/3.3 GB  5.5 MB/s     53s[K[?25h[?2026l[?2026h[?25l[A[1Gpulling manifest [K
pulling aeda25e63ebd:  91% ▕████████████████  ▏ 3.0 GB/3.3 GB  5.5 MB/s     53s[K[?25h[?2026l[?2026h[?25l[A[1Gpulling manifest [K
pulling aeda25e63ebd:  91% ▕████████████████  ▏ 3.0 GB/3.3 GB  5.5 MB/s     53s[K[?25h[?2026l[?2026h[?25l[A[1Gpulling manifest [K
pulling aeda25e63ebd:  91% ▕████████████████  ▏ 3.0 GB/3.3 GB  5.5 MB/s     53s[K[?25h[?2026l[?2026h[?25l[A[1Gpulling manifest [K
pulling aeda25e63ebd:  91% ▕████████████████  ▏ 3.0 GB/3.3 GB  5.5 MB/s     53s[K[?25h[?2026l[?2026h[?25l[A[1Gpulling manifest [K
pulling aeda25e63ebd:  91% ▕████████████████  ▏ 3.0 GB/3.3 GB  5.5 MB/s     53s[K[?25h[?2026l[?2026h[?25l[A[1Gpulling manifest [K
pulling aeda25e63ebd:  91% ▕████████████████  ▏ 3.0 GB/3.3 GB  5.5 MB/s     53s[K[?25h[?2026l[?2026h[?25l[A[1Gpulling manifest [K
pulling aeda25e63ebd:  91% ▕████████████████  ▏ 3.0 GB/3.3 GB  5.5 MB/s     53s[K[?25h[?2026l[?2026h[?25l[A[1Gpulling manifest [K
pulling aeda25e63ebd:  91% ▕████████████████  ▏ 3.0 GB/3.3 GB  5.5 MB/s     53s[K[?25h[?2026l[?2026h[?25l[A[1Gpulling manifest [K
pulling aeda25e63ebd:  91% ▕████████████████  ▏ 3.0 GB/3.3 GB  5.5 MB/s     52s[K[?25h[?2026l[?2026h[?25l[A[1Gpulling manifest [K
pulling aeda25e63ebd:  91% ▕████████████████  ▏ 3.0 GB/3.3 GB  5.5 MB/s     52s[K[?25h[?2026l[?2026h[?25l[A[1Gpulling manifest [K
pulling aeda25e63ebd:  91% ▕████████████████  ▏ 3.0 GB/3.3 GB  5.5 MB/s     53s[K[?25h[?2026l[?2026h[?25l[A[1Gpulling manifest [K
pulling aeda25e63ebd:  91% ▕████████████████  ▏ 3.0 GB/3.3 GB  5.5 MB/s     53s[K[?25h[?2026l[?2026h[?25l[A[1Gpulling manifest [K
pulling aeda25e63ebd:  91% ▕████████████████  ▏ 3.0 GB/3.3 GB  5.5 MB/s     53s[K[?25h[?2026l[?2026h[?25l[A[1Gpulling manifest [K
pulling aeda25e63ebd:  91% ▕████████████████  ▏ 3.1 GB/3.3 GB  5.5 MB/s     52s[K[?25h[?2026l[?2026h[?25l[A[1Gpulling manifest [K
pulling aeda25e63ebd:  91% ▕████████████████  ▏ 3.1 GB/3.3 GB  5.5 MB/s     52s[K[?25h[?2026l[?2026h[?25l[A[1Gpulling manifest [K
pulling aeda25e63ebd:  91% ▕████████████████  ▏ 3.1 GB/3.3 GB  5.5 MB/s     52s[K[?25h[?2026l[?2026h[?25l[A[1Gpulling manifest [K
pulling aeda25e63ebd:  91% ▕████████████████  ▏ 3.1 GB/3.3 GB  5.5 MB/s     52s[K[?25h[?2026l[?2026h[?25l[A[1Gpulling manifest [K
pulling aeda25e63ebd:  91% ▕████████████████  ▏ 3.1 GB/3.3 GB  5.5 MB/s     52s[K[?25h[?2026l[?2026h[?25l[A[1Gpulling manifest [K
pulling aeda25e63ebd:  91% ▕████████████████  ▏ 3.1 GB/3.3 GB  5.5 MB/s     52s[K[?25h[?2026l[?2026h[?25l[A[1Gpulling manifest [K
pulling aeda25e63ebd:  91% ▕████████████████  ▏ 3.1 GB/3.3 GB  5.5 MB/s     52s[K[?25h[?2026l[?2026h[?25l[A[1Gpulling manifest [K
pulling aeda25e63ebd:  91% ▕████████████████  ▏ 3.1 GB/3.3 GB  5.5 MB/s     52s[K[?25h[?2026l[?2026h[?25l[A[1Gpulling manifest [K
pulling aeda25e63ebd:  91% ▕████████████████  ▏ 3.1 GB/3.3 GB  5.5 MB/s     52s[K[?25h[?2026l[?2026h[?25l[A[1Gpulling manifest [K
pulling aeda25e63ebd:  92% ▕████████████████  ▏ 3.1 GB/3.3 GB  5.5 MB/s     51s[K[?25h[?2026l[?2026h[?25l[A[1Gpulling manifest [K
pulling aeda25e63ebd:  92% ▕████████████████  ▏ 3.1 GB/3.3 GB  5.5 MB/s     51s[K[?25h[?2026l[?2026h[?25l[A[1Gpulling manifest [K
pulling aeda25e63ebd:  92% ▕████████████████  ▏ 3.1 GB/3.3 GB  5.5 MB/s     51s[K[?25h[?2026l[?2026h[?25l[A[1Gpulling manifest [K
pulling aeda25e63ebd:  92% ▕████████████████  ▏ 3.1 GB/3.3 GB  5.5 MB/s     51s[K[?25h[?2026l[?2026h[?25l[A[1Gpulling manifest [K
pulling aeda25e63ebd:  92% ▕████████████████  ▏ 3.1 GB/3.3 GB  5.5 MB/s     51s[K[?25h[?2026l[?2026h[?25l[A[1Gpulling manifest [K
pulling aeda25e63ebd:  92% ▕████████████████  ▏ 3.1 GB/3.3 GB  5.5 MB/s     51s[K[?25h[?2026l[?2026h[?25l[A[1Gpulling manifest [K
pulling aeda25e63ebd:  92% ▕████████████████  ▏ 3.1 GB/3.3 GB  5.5 MB/s     51s[K[?25h[?2026l[?2026h[?25l[A[1Gpulling manifest [K
pulling aeda25e63ebd:  92% ▕████████████████  ▏ 3.1 GB/3.3 GB  5.5 MB/s     51s[K[?25h[?2026l[?2026h[?25l[A[1Gpulling manifest [K
pulling aeda25e63ebd:  92% ▕████████████████  ▏ 3.1 GB/3.3 GB  5.5 MB/s     51s[K[?25h[?2026l[?2026h[?25l[A[1Gpulling manifest [K
pulling aeda25e63ebd:  92% ▕████████████████  ▏ 3.1 GB/3.3 GB  5.4 MB/s     51s[K[?25h[?2026l[?2026h[?25l[A[1Gpulling manifest [K
pulling aeda25e63ebd:  92% ▕████████████████  ▏ 3.1 GB/3.3 GB  5.4 MB/s     51s[K[?25h[?2026l[?2026h[?25l[A[1Gpulling manifest [K
pulling aeda25e63ebd:  92% ▕████████████████  ▏ 3.1 GB/3.3 GB  5.4 MB/s     50s[K[?25h[?2026l[?2026h[?25l[A[1Gpulling manifest [K
pulling aeda25e63ebd:  92% ▕████████████████  ▏ 3.1 GB/3.3 GB  5.4 MB/s     50s[K[?25h[?2026l[?2026h[?25l[A[1Gpulling manifest [K
pulling aeda25e63ebd:  92% ▕████████████████  ▏ 3.1 GB/3.3 GB  5.4 MB/s     50s[K[?25h[?2026l[?2026h[?25l[A[1Gpulling manifest [K
pulling aeda25e63ebd:  92% ▕████████████████  ▏ 3.1 GB/3.3 GB  5.4 MB/s     50s[K[?25h[?2026l[?2026h[?25l[A[1Gpulling manifest [K
pulling aeda25e63ebd:  92% ▕████████████████  ▏ 3.1 GB/3.3 GB  5.4 MB/s     50s[K[?25h[?2026l[?2026h[?25l[A[1Gpulling manifest [K
pulling aeda25e63ebd:  92% ▕████████████████  ▏ 3.1 GB/3.3 GB  5.4 MB/s     50s[K[?25h[?2026l[?2026h[?25l[A[1Gpulling manifest [K
pulling aeda25e63ebd:  92% ▕████████████████  ▏ 3.1 GB/3.3 GB  5.4 MB/s     50s[K[?25h[?2026l[?2026h[?25l[A[1Gpulling manifest [K
pulling aeda25e63ebd:  92% ▕████████████████  ▏ 3.1 GB/3.3 GB  5.4 MB/s     50s[K[?25h[?2026l[?2026h[?25l[A[1Gpulling manifest [K
pulling aeda25e63ebd:  92% ▕████████████████  ▏ 3.1 GB/3.3 GB  5.5 MB/s     49s[K[?25h[?2026l[?2026h[?25l[A[1Gpulling manifest [K
pulling aeda25e63ebd:  92% ▕████████████████  ▏ 3.1 GB/3.3 GB  5.5 MB/s     49s[K[?25h[?2026l[?2026h[?25l[A[1Gpulling manifest [K
pulling aeda25e63ebd:  92% ▕████████████████  ▏ 3.1 GB/3.3 GB  5.5 MB/s     49s[K[?25h[?2026l[?2026h[?25l[A[1Gpulling manifest [K
pulling aeda25e63ebd:  92% ▕████████████████  ▏ 3.1 GB/3.3 GB  5.5 MB/s     49s[K[?25h[?2026l[?2026h[?25l[A[1Gpulling manifest [K
pulling aeda25e63ebd:  92% ▕████████████████  ▏ 3.1 GB/3.3 GB  5.5 MB/s     49s[K[?25h[?2026l[?2026h[?25l[A[1Gpulling manifest [K
pulling aeda25e63ebd:  92% ▕████████████████  ▏ 3.1 GB/3.3 GB  5.5 MB/s     48s[K[?25h[?2026l[?2026h[?25l[A[1Gpulling manifest [K
pulling aeda25e63ebd:  92% ▕████████████████  ▏ 3.1 GB/3.3 GB  5.5 MB/s     48s[K[?25h[?2026l[?2026h[?25l[A[1Gpulling manifest [K
pulling aeda25e63ebd:  92% ▕████████████████  ▏ 3.1 GB/3.3 GB  5.5 MB/s     48s[K[?25h[?2026l[?2026h[?25l[A[1Gpulling manifest [K
pulling aeda25e63ebd:  92% ▕████████████████  ▏ 3.1 GB/3.3 GB  5.5 MB/s     48s[K[?25h[?2026l[?2026h[?25l[A[1Gpulling manifest [K
pulling aeda25e63ebd:  92% ▕████████████████  ▏ 3.1 GB/3.3 GB  5.5 MB/s     48s[K[?25h[?2026l[?2026h[?25l[A[1Gpulling manifest [K
pulling aeda25e63ebd:  92% ▕████████████████  ▏ 3.1 GB/3.3 GB  5.5 MB/s     48s[K[?25h[?2026l[?2026h[?25l[A[1Gpulling manifest [K
pulling aeda25e63ebd:  92% ▕████████████████  ▏ 3.1 GB/3.3 GB  5.5 MB/s     48s[K[?25h[?2026l[?2026h[?25l[A[1Gpulling manifest [K
pulling aeda25e63ebd:  92% ▕████████████████  ▏ 3.1 GB/3.3 GB  5.5 MB/s     48s[K[?25h[?2026l[?2026h[?25l[A[1Gpulling manifest [K
pulling aeda25e63ebd:  92% ▕████████████████  ▏ 3.1 GB/3.3 GB  5.5 MB/s     48s[K[?25h[?2026l[?2026h[?25l[A[1Gpulling manifest [K
pulling aeda25e63ebd:  92% ▕████████████████  ▏ 3.1 GB/3.3 GB  5.5 MB/s     48s[K[?25h[?2026l[?2026h[?25l[A[1Gpulling manifest [K
pulling aeda25e63ebd:  92% ▕████████████████  ▏ 3.1 GB/3.3 GB  5.5 MB/s     48s[K[?25h[?2026l[?2026h[?25l[A[1Gpulling manifest [K
pulling aeda25e63ebd:  92% ▕████████████████  ▏ 3.1 GB/3.3 GB  5.5 MB/s     48s[K[?25h[?2026l[?2026h[?25l[A[1Gpulling manifest [K
pulling aeda25e63ebd:  92% ▕████████████████  ▏ 3.1 GB/3.3 GB  5.5 MB/s     48s[K[?25h[?2026l[?2026h[?25l[A[1Gpulling manifest [K
pulling aeda25e63ebd:  92% ▕████████████████  ▏ 3.1 GB/3.3 GB  5.5 MB/s     47s[K[?25h[?2026l[?2026h[?25l[A[1Gpulling manifest [K
pulling aeda25e63ebd:  92% ▕████████████████  ▏ 3.1 GB/3.3 GB  5.5 MB/s     47s[K[?25h[?2026l[?2026h[?25l[A[1Gpulling manifest [K
pulling aeda25e63ebd:  92% ▕████████████████  ▏ 3.1 GB/3.3 GB  5.5 MB/s     47s[K[?25h[?2026l[?2026h[?25l[A[1Gpulling manifest [K
pulling aeda25e63ebd:  92% ▕████████████████  ▏ 3.1 GB/3.3 GB  5.5 MB/s     47s[K[?25h[?2026l[?2026h[?25l[A[1Gpulling manifest [K
pulling aeda25e63ebd:  92% ▕████████████████  ▏ 3.1 GB/3.3 GB  5.5 MB/s     47s[K[?25h[?2026l[?2026h[?25l[A[1Gpulling manifest [K
pulling aeda25e63ebd:  92% ▕████████████████  ▏ 3.1 GB/3.3 GB  5.5 MB/s     47s[K[?25h[?2026l[?2026h[?25l[A[1Gpulling manifest [K
pulling aeda25e63ebd:  92% ▕████████████████  ▏ 3.1 GB/3.3 GB  5.5 MB/s     47s[K[?25h[?2026l[?2026h[?25l[A[1Gpulling manifest [K
pulling aeda25e63ebd:  92% ▕████████████████  ▏ 3.1 GB/3.3 GB  5.5 MB/s     47s[K[?25h[?2026l[?2026h[?25l[A[1Gpulling manifest [K
pulling aeda25e63ebd:  92% ▕████████████████  ▏ 3.1 GB/3.3 GB  5.5 MB/s     47s[K[?25h[?2026l[?2026h[?25l[A[1Gpulling manifest [K
pulling aeda25e63ebd:  92% ▕████████████████  ▏ 3.1 GB/3.3 GB  5.5 MB/s     46s[K[?25h[?2026l[?2026h[?25l[A[1Gpulling manifest [K
pulling aeda25e63ebd:  92% ▕████████████████  ▏ 3.1 GB/3.3 GB  5.5 MB/s     46s[K[?25h[?2026l[?2026h[?25l[A[1Gpulling manifest [K
pulling aeda25e63ebd:  92% ▕████████████████  ▏ 3.1 GB/3.3 GB  5.5 MB/s     46s[K[?25h[?2026l[?2026h[?25l[A[1Gpulling manifest [K
pulling aeda25e63ebd:  92% ▕████████████████  ▏ 3.1 GB/3.3 GB  5.5 MB/s     46s[K[?25h[?2026l[?2026h[?25l[A[1Gpulling manifest [K
pulling aeda25e63ebd:  92% ▕████████████████  ▏ 3.1 GB/3.3 GB  5.5 MB/s     46s[K[?25h[?2026l[?2026h[?25l[A[1Gpulling manifest [K
pulling aeda25e63ebd:  92% ▕████████████████  ▏ 3.1 GB/3.3 GB  5.5 MB/s     46s[K[?25h[?2026l[?2026h[?25l[A[1Gpulling manifest [K
pulling aeda25e63ebd:  92% ▕████████████████  ▏ 3.1 GB/3.3 GB  5.5 MB/s     46s[K[?25h[?2026l[?2026h[?25l[A[1Gpulling manifest [K
pulling aeda25e63ebd:  92% ▕████████████████  ▏ 3.1 GB/3.3 GB  5.5 MB/s     46s[K[?25h[?2026l[?2026h[?25l[A[1Gpulling manifest [K
pulling aeda25e63ebd:  92% ▕████████████████  ▏ 3.1 GB/3.3 GB  5.5 MB/s     46s[K[?25h[?2026l[?2026h[?25l[A[1Gpulling manifest [K
pulling aeda25e63ebd:  92% ▕████████████████  ▏ 3.1 GB/3.3 GB  5.5 MB/s     46s[K[?25h[?2026l[?2026h[?25l[A[1Gpulling manifest [K
pulling aeda25e63ebd:  92% ▕████████████████  ▏ 3.1 GB/3.3 GB  5.5 MB/s     45s[K[?25h[?2026l[?2026h[?25l[A[1Gpulling manifest [K
pulling aeda25e63ebd:  92% ▕████████████████  ▏ 3.1 GB/3.3 GB  5.5 MB/s     45s[K[?25h[?2026l[?2026h[?25l[A[1Gpulling manifest [K
pulling aeda25e63ebd:  92% ▕████████████████  ▏ 3.1 GB/3.3 GB  5.5 MB/s     45s[K[?25h[?2026l[?2026h[?25l[A[1Gpulling manifest [K
pulling aeda25e63ebd:  92% ▕████████████████  ▏ 3.1 GB/3.3 GB  5.5 MB/s     45s[K[?25h[?2026l[?2026h[?25l[A[1Gpulling manifest [K
pulling aeda25e63ebd:  92% ▕████████████████  ▏ 3.1 GB/3.3 GB  5.6 MB/s     44s[K[?25h[?2026l[?2026h[?25l[A[1Gpulling manifest [K
pulling aeda25e63ebd:  93% ▕████████████████  ▏ 3.1 GB/3.3 GB  5.6 MB/s     44s[K[?25h[?2026l[?2026h[?25l[A[1Gpulling manifest [K
pulling aeda25e63ebd:  93% ▕████████████████  ▏ 3.1 GB/3.3 GB  5.6 MB/s     44s[K[?25h[?2026l[?2026h[?25l[A[1Gpulling manifest [K
pulling aeda25e63ebd:  93% ▕████████████████  ▏ 3.1 GB/3.3 GB  5.6 MB/s     44s[K[?25h[?2026l[?2026h[?25l[A[1Gpulling manifest [K
pulling aeda25e63ebd:  93% ▕████████████████  ▏ 3.1 GB/3.3 GB  5.6 MB/s     44s[K[?25h[?2026l[?2026h[?25l[A[1Gpulling manifest [K
pulling aeda25e63ebd:  93% ▕████████████████  ▏ 3.1 GB/3.3 GB  5.6 MB/s     44s[K[?25h[?2026l[?2026h[?25l[A[1Gpulling manifest [K
pulling aeda25e63ebd:  93% ▕████████████████  ▏ 3.1 GB/3.3 GB  5.6 MB/s     44s[K[?25h[?2026l[?2026h[?25l[A[1Gpulling manifest [K
pulling aeda25e63ebd:  93% ▕████████████████  ▏ 3.1 GB/3.3 GB  5.6 MB/s     44s[K[?25h[?2026l[?2026h[?25l[A[1Gpulling manifest [K
pulling aeda25e63ebd:  93% ▕████████████████  ▏ 3.1 GB/3.3 GB  5.6 MB/s     44s[K[?25h[?2026l[?2026h[?25l[A[1Gpulling manifest [K
pulling aeda25e63ebd:  93% ▕████████████████  ▏ 3.1 GB/3.3 GB  5.6 MB/s     44s[K[?25h[?2026l[?2026h[?25l[A[1Gpulling manifest [K
pulling aeda25e63ebd:  93% ▕████████████████  ▏ 3.1 GB/3.3 GB  5.5 MB/s     44s[K[?25h[?2026l[?2026h[?25l[A[1Gpulling manifest [K
pulling aeda25e63ebd:  93% ▕████████████████  ▏ 3.1 GB/3.3 GB  5.5 MB/s     44s[K[?25h[?2026l[?2026h[?25l[A[1Gpulling manifest [K
pulling aeda25e63ebd:  93% ▕████████████████  ▏ 3.1 GB/3.3 GB  5.5 MB/s     44s[K[?25h[?2026l[?2026h[?25l[A[1Gpulling manifest [K
pulling aeda25e63ebd:  93% ▕████████████████  ▏ 3.1 GB/3.3 GB  5.5 MB/s     44s[K[?25h[?2026l[?2026h[?25l[A[1Gpulling manifest [K
pulling aeda25e63ebd:  93% ▕████████████████  ▏ 3.1 GB/3.3 GB  5.5 MB/s     44s[K[?25h[?2026l[?2026h[?25l[A[1Gpulling manifest [K
pulling aeda25e63ebd:  93% ▕████████████████  ▏ 3.1 GB/3.3 GB  5.5 MB/s     44s[K[?25h[?2026l[?2026h[?25l[A[1Gpulling manifest [K
pulling aeda25e63ebd:  93% ▕████████████████  ▏ 3.1 GB/3.3 GB  5.5 MB/s     44s[K[?25h[?2026l[?2026h[?25l[A[1Gpulling manifest [K
pulling aeda25e63ebd:  93% ▕████████████████  ▏ 3.1 GB/3.3 GB  5.5 MB/s     44s[K[?25h[?2026l[?2026h[?25l[A[1Gpulling manifest [K
pulling aeda25e63ebd:  93% ▕████████████████  ▏ 3.1 GB/3.3 GB  5.5 MB/s     44s[K[?25h[?2026l[?2026h[?25l[A[1Gpulling manifest [K
pulling aeda25e63ebd:  93% ▕████████████████  ▏ 3.1 GB/3.3 GB  5.5 MB/s     44s[K[?25h[?2026l[?2026h[?25l[A[1Gpulling manifest [K
pulling aeda25e63ebd:  93% ▕████████████████  ▏ 3.1 GB/3.3 GB  5.5 MB/s     44s[K[?25h[?2026l[?2026h[?25l[A[1Gpulling manifest [K
pulling aeda25e63ebd:  93% ▕████████████████  ▏ 3.1 GB/3.3 GB  5.5 MB/s     43s[K[?25h[?2026l[?2026h[?25l[A[1Gpulling manifest [K
pulling aeda25e63ebd:  93% ▕████████████████  ▏ 3.1 GB/3.3 GB  5.5 MB/s     43s[K[?25h[?2026l[?2026h[?25l[A[1Gpulling manifest [K
pulling aeda25e63ebd:  93% ▕████████████████  ▏ 3.1 GB/3.3 GB  5.5 MB/s     43s[K[?25h[?2026l[?2026h[?25l[A[1Gpulling manifest [K
pulling aeda25e63ebd:  93% ▕████████████████  ▏ 3.1 GB/3.3 GB  5.5 MB/s     43s[K[?25h[?2026l[?2026h[?25l[A[1Gpulling manifest [K
pulling aeda25e63ebd:  93% ▕████████████████  ▏ 3.1 GB/3.3 GB  5.5 MB/s     43s[K[?25h[?2026l[?2026h[?25l[A[1Gpulling manifest [K
pulling aeda25e63ebd:  93% ▕████████████████  ▏ 3.1 GB/3.3 GB  5.5 MB/s     43s[K[?25h[?2026l[?2026h[?25l[A[1Gpulling manifest [K
pulling aeda25e63ebd:  93% ▕████████████████  ▏ 3.1 GB/3.3 GB  5.5 MB/s     43s[K[?25h[?2026l[?2026h[?25l[A[1Gpulling manifest [K
pulling aeda25e63ebd:  93% ▕████████████████  ▏ 3.1 GB/3.3 GB  5.5 MB/s     43s[K[?25h[?2026l[?2026h[?25l[A[1Gpulling manifest [K
pulling aeda25e63ebd:  93% ▕████████████████  ▏ 3.1 GB/3.3 GB  5.5 MB/s     43s[K[?25h[?2026l[?2026h[?25l[A[1Gpulling manifest [K
pulling aeda25e63ebd:  93% ▕████████████████  ▏ 3.1 GB/3.3 GB  5.4 MB/s     43s[K[?25h[?2026l[?2026h[?25l[A[1Gpulling manifest [K
pulling aeda25e63ebd:  93% ▕████████████████  ▏ 3.1 GB/3.3 GB  5.4 MB/s     43s[K[?25h[?2026l[?2026h[?25l[A[1Gpulling manifest [K
pulling aeda25e63ebd:  93% ▕████████████████  ▏ 3.1 GB/3.3 GB  5.4 MB/s     43s[K[?25h[?2026l[?2026h[?25l[A[1Gpulling manifest [K
pulling aeda25e63ebd:  93% ▕████████████████  ▏ 3.1 GB/3.3 GB  5.4 MB/s     43s[K[?25h[?2026l[?2026h[?25l[A[1Gpulling manifest [K
pulling aeda25e63ebd:  93% ▕████████████████  ▏ 3.1 GB/3.3 GB  5.4 MB/s     42s[K[?25h[?2026l[?2026h[?25l[A[1Gpulling manifest [K
pulling aeda25e63ebd:  93% ▕████████████████  ▏ 3.1 GB/3.3 GB  5.4 MB/s     42s[K[?25h[?2026l[?2026h[?25l[A[1Gpulling manifest [K
pulling aeda25e63ebd:  93% ▕████████████████  ▏ 3.1 GB/3.3 GB  5.4 MB/s     42s[K[?25h[?2026l[?2026h[?25l[A[1Gpulling manifest [K
pulling aeda25e63ebd:  93% ▕████████████████  ▏ 3.1 GB/3.3 GB  5.4 MB/s     42s[K[?25h[?2026l[?2026h[?25l[A[1Gpulling manifest [K
pulling aeda25e63ebd:  93% ▕████████████████  ▏ 3.1 GB/3.3 GB  5.4 MB/s     42s[K[?25h[?2026l[?2026h[?25l[A[1Gpulling manifest [K
pulling aeda25e63ebd:  93% ▕████████████████  ▏ 3.1 GB/3.3 GB  5.4 MB/s     42s[K[?25h[?2026l[?2026h[?25l[A[1Gpulling manifest [K
pulling aeda25e63ebd:  93% ▕████████████████  ▏ 3.1 GB/3.3 GB  5.5 MB/s     41s[K[?25h[?2026l[?2026h[?25l[A[1Gpulling manifest [K
pulling aeda25e63ebd:  93% ▕████████████████  ▏ 3.1 GB/3.3 GB  5.5 MB/s     41s[K[?25h[?2026l[?2026h[?25l[A[1Gpulling manifest [K
pulling aeda25e63ebd:  93% ▕████████████████  ▏ 3.1 GB/3.3 GB  5.5 MB/s     41s[K[?25h[?2026l[?2026h[?25l[A[1Gpulling manifest [K
pulling aeda25e63ebd:  93% ▕████████████████  ▏ 3.1 GB/3.3 GB  5.5 MB/s     41s[K[?25h[?2026l[?2026h[?25l[A[1Gpulling manifest [K
pulling aeda25e63ebd:  93% ▕████████████████  ▏ 3.1 GB/3.3 GB  5.5 MB/s     41s[K[?25h[?2026l[?2026h[?25l[A[1Gpulling manifest [K
pulling aeda25e63ebd:  93% ▕████████████████  ▏ 3.1 GB/3.3 GB  5.5 MB/s     41s[K[?25h[?2026l[?2026h[?25l[A[1Gpulling manifest [K
pulling aeda25e63ebd:  93% ▕████████████████  ▏ 3.1 GB/3.3 GB  5.5 MB/s     41s[K[?25h[?2026l[?2026h[?25l[A[1Gpulling manifest [K
pulling aeda25e63ebd:  93% ▕████████████████  ▏ 3.1 GB/3.3 GB  5.5 MB/s     41s[K[?25h[?2026l[?2026h[?25l[A[1Gpulling manifest [K
pulling aeda25e63ebd:  93% ▕████████████████  ▏ 3.1 GB/3.3 GB  5.5 MB/s     41s[K[?25h[?2026l[?2026h[?25l[A[1Gpulling manifest [K
pulling aeda25e63ebd:  93% ▕████████████████  ▏ 3.1 GB/3.3 GB  5.5 MB/s     41s[K[?25h[?2026l[?2026h[?25l[A[1Gpulling manifest [K
pulling aeda25e63ebd:  93% ▕████████████████  ▏ 3.1 GB/3.3 GB  5.5 MB/s     41s[K[?25h[?2026l[?2026h[?25l[A[1Gpulling manifest [K
pulling aeda25e63ebd:  93% ▕████████████████  ▏ 3.1 GB/3.3 GB  5.4 MB/s     41s[K[?25h[?2026l[?2026h[?25l[A[1Gpulling manifest [K
pulling aeda25e63ebd:  93% ▕████████████████  ▏ 3.1 GB/3.3 GB  5.4 MB/s     41s[K[?25h[?2026l[?2026h[?25l[A[1Gpulling manifest [K
pulling aeda25e63ebd:  93% ▕████████████████  ▏ 3.1 GB/3.3 GB  5.4 MB/s     41s[K[?25h[?2026l[?2026h[?25l[A[1Gpulling manifest [K
pulling aeda25e63ebd:  93% ▕████████████████  ▏ 3.1 GB/3.3 GB  5.4 MB/s     41s[K[?25h[?2026l[?2026h[?25l[A[1Gpulling manifest [K
pulling aeda25e63ebd:  93% ▕████████████████  ▏ 3.1 GB/3.3 GB  5.4 MB/s     40s[K[?25h[?2026l[?2026h[?25l[A[1Gpulling manifest [K
pulling aeda25e63ebd:  93% ▕████████████████  ▏ 3.1 GB/3.3 GB  5.4 MB/s     40s[K[?25h[?2026l[?2026h[?25l[A[1Gpulling manifest [K
pulling aeda25e63ebd:  93% ▕████████████████  ▏ 3.1 GB/3.3 GB  5.4 MB/s     40s[K[?25h[?2026l[?2026h[?25l[A[1Gpulling manifest [K
pulling aeda25e63ebd:  93% ▕████████████████  ▏ 3.1 GB/3.3 GB  5.4 MB/s     40s[K[?25h[?2026l[?2026h[?25l[A[1Gpulling manifest [K
pulling aeda25e63ebd:  93% ▕████████████████  ▏ 3.1 GB/3.3 GB  5.4 MB/s     40s[K[?25h[?2026l[?2026h[?25l[A[1Gpulling manifest [K
pulling aeda25e63ebd:  93% ▕████████████████  ▏ 3.1 GB/3.3 GB  5.4 MB/s     40s[K[?25h[?2026l[?2026h[?25l[A[1Gpulling manifest [K
pulling aeda25e63ebd:  93% ▕████████████████  ▏ 3.1 GB/3.3 GB  5.4 MB/s     40s[K[?25h[?2026l[?2026h[?25l[A[1Gpulling manifest [K
pulling aeda25e63ebd:  93% ▕████████████████  ▏ 3.1 GB/3.3 GB  5.4 MB/s     40s[K[?25h[?2026l[?2026h[?25l[A[1Gpulling manifest [K
pulling aeda25e63ebd:  93% ▕████████████████  ▏ 3.1 GB/3.3 GB  5.4 MB/s     40s[K[?25h[?2026l[?2026h[?25l[A[1Gpulling manifest [K
pulling aeda25e63ebd:  94% ▕████████████████  ▏ 3.1 GB/3.3 GB  5.4 MB/s     39s[K[?25h[?2026l[?2026h[?25l[A[1Gpulling manifest [K
pulling aeda25e63ebd:  94% ▕████████████████  ▏ 3.1 GB/3.3 GB  5.4 MB/s     39s[K[?25h[?2026l[?2026h[?25l[A[1Gpulling manifest [K
pulling aeda25e63ebd:  94% ▕████████████████  ▏ 3.1 GB/3.3 GB  5.4 MB/s     39s[K[?25h[?2026l[?2026h[?25l[A[1Gpulling manifest [K
pulling aeda25e63ebd:  94% ▕████████████████  ▏ 3.1 GB/3.3 GB  5.4 MB/s     39s[K[?25h[?2026l[?2026h[?25l[A[1Gpulling manifest [K
pulling aeda25e63ebd:  94% ▕████████████████  ▏ 3.1 GB/3.3 GB  5.4 MB/s     39s[K[?25h[?2026l[?2026h[?25l[A[1Gpulling manifest [K
pulling aeda25e63ebd:  94% ▕████████████████  ▏ 3.1 GB/3.3 GB  5.4 MB/s     39s[K[?25h[?2026l[?2026h[?25l[A[1Gpulling manifest [K
pulling aeda25e63ebd:  94% ▕████████████████  ▏ 3.1 GB/3.3 GB  5.4 MB/s     39s[K[?25h[?2026l[?2026h[?25l[A[1Gpulling manifest [K
pulling aeda25e63ebd:  94% ▕████████████████  ▏ 3.1 GB/3.3 GB  5.5 MB/s     38s[K[?25h[?2026l[?2026h[?25l[A[1Gpulling manifest [K
pulling aeda25e63ebd:  94% ▕████████████████  ▏ 3.1 GB/3.3 GB  5.5 MB/s     38s[K[?25h[?2026l[?2026h[?25l[A[1Gpulling manifest [K
pulling aeda25e63ebd:  94% ▕████████████████  ▏ 3.1 GB/3.3 GB  5.5 MB/s     38s[K[?25h[?2026l[?2026h[?25l[A[1Gpulling manifest [K
pulling aeda25e63ebd:  94% ▕████████████████  ▏ 3.1 GB/3.3 GB  5.5 MB/s     38s[K[?25h[?2026l[?2026h[?25l[A[1Gpulling manifest [K
pulling aeda25e63ebd:  94% ▕████████████████  ▏ 3.1 GB/3.3 GB  5.5 MB/s     38s[K[?25h[?2026l[?2026h[?25l[A[1Gpulling manifest [K
pulling aeda25e63ebd:  94% ▕████████████████  ▏ 3.1 GB/3.3 GB  5.5 MB/s     38s[K[?25h[?2026l[?2026h[?25l[A[1Gpulling manifest [K
pulling aeda25e63ebd:  94% ▕████████████████  ▏ 3.1 GB/3.3 GB  5.5 MB/s     38s[K[?25h[?2026l[?2026h[?25l[A[1Gpulling manifest [K
pulling aeda25e63ebd:  94% ▕████████████████  ▏ 3.1 GB/3.3 GB  5.5 MB/s     38s[K[?25h[?2026l[?2026h[?25l[A[1Gpulling manifest [K
pulling aeda25e63ebd:  94% ▕████████████████  ▏ 3.1 GB/3.3 GB  5.5 MB/s     38s[K[?25h[?2026l[?2026h[?25l[A[1Gpulling manifest [K
pulling aeda25e63ebd:  94% ▕████████████████  ▏ 3.1 GB/3.3 GB  5.5 MB/s     38s[K[?25h[?2026l[?2026h[?25l[A[1Gpulling manifest [K
pulling aeda25e63ebd:  94% ▕████████████████  ▏ 3.1 GB/3.3 GB  5.5 MB/s     38s[K[?25h[?2026l[?2026h[?25l[A[1Gpulling manifest [K
pulling aeda25e63ebd:  94% ▕████████████████  ▏ 3.1 GB/3.3 GB  5.5 MB/s     37s[K[?25h[?2026l[?2026h[?25l[A[1Gpulling manifest [K
pulling aeda25e63ebd:  94% ▕████████████████  ▏ 3.1 GB/3.3 GB  5.5 MB/s     37s[K[?25h[?2026l[?2026h[?25l[A[1Gpulling manifest [K
pulling aeda25e63ebd:  94% ▕████████████████  ▏ 3.1 GB/3.3 GB  5.5 MB/s     37s[K[?25h[?2026l[?2026h[?25l[A[1Gpulling manifest [K
pulling aeda25e63ebd:  94% ▕████████████████  ▏ 3.1 GB/3.3 GB  5.5 MB/s     37s[K[?25h[?2026l[?2026h[?25l[A[1Gpulling manifest [K
pulling aeda25e63ebd:  94% ▕████████████████  ▏ 3.1 GB/3.3 GB  5.5 MB/s     37s[K[?25h[?2026l[?2026h[?25l[A[1Gpulling manifest [K
pulling aeda25e63ebd:  94% ▕████████████████  ▏ 3.1 GB/3.3 GB  5.5 MB/s     37s[K[?25h[?2026l[?2026h[?25l[A[1Gpulling manifest [K
pulling aeda25e63ebd:  94% ▕████████████████  ▏ 3.1 GB/3.3 GB  5.5 MB/s     37s[K[?25h[?2026l[?2026h[?25l[A[1Gpulling manifest [K
pulling aeda25e63ebd:  94% ▕████████████████  ▏ 3.1 GB/3.3 GB  5.5 MB/s     37s[K[?25h[?2026l[?2026h[?25l[A[1Gpulling manifest [K
pulling aeda25e63ebd:  94% ▕████████████████  ▏ 3.1 GB/3.3 GB  5.5 MB/s     37s[K[?25h[?2026l[?2026h[?25l[A[1Gpulling manifest [K
pulling aeda25e63ebd:  94% ▕████████████████  ▏ 3.1 GB/3.3 GB  5.5 MB/s     37s[K[?25h[?2026l[?2026h[?25l[A[1Gpulling manifest [K
pulling aeda25e63ebd:  94% ▕████████████████  ▏ 3.1 GB/3.3 GB  5.5 MB/s     36s[K[?25h[?2026l[?2026h[?25l[A[1Gpulling manifest [K
pulling aeda25e63ebd:  94% ▕████████████████  ▏ 3.1 GB/3.3 GB  5.5 MB/s     36s[K[?25h[?2026l[?2026h[?25l[A[1Gpulling manifest [K
pulling aeda25e63ebd:  94% ▕████████████████  ▏ 3.1 GB/3.3 GB  5.5 MB/s     36s[K[?25h[?2026l[?2026h[?25l[A[1Gpulling manifest [K
pulling aeda25e63ebd:  94% ▕████████████████  ▏ 3.1 GB/3.3 GB  5.5 MB/s     36s[K[?25h[?2026l[?2026h[?25l[A[1Gpulling manifest [K
pulling aeda25e63ebd:  94% ▕████████████████  ▏ 3.1 GB/3.3 GB  5.5 MB/s     36s[K[?25h[?2026l[?2026h[?25l[A[1Gpulling manifest [K
pulling aeda25e63ebd:  94% ▕████████████████  ▏ 3.1 GB/3.3 GB  5.5 MB/s     36s[K[?25h[?2026l[?2026h[?25l[A[1Gpulling manifest [K
pulling aeda25e63ebd:  94% ▕████████████████  ▏ 3.1 GB/3.3 GB  5.5 MB/s     36s[K[?25h[?2026l[?2026h[?25l[A[1Gpulling manifest [K
pulling aeda25e63ebd:  94% ▕████████████████  ▏ 3.1 GB/3.3 GB  5.5 MB/s     36s[K[?25h[?2026l[?2026h[?25l[A[1Gpulling manifest [K
pulling aeda25e63ebd:  94% ▕████████████████  ▏ 3.1 GB/3.3 GB  5.5 MB/s     36s[K[?25h[?2026l[?2026h[?25l[A[1Gpulling manifest [K
pulling aeda25e63ebd:  94% ▕████████████████  ▏ 3.1 GB/3.3 GB  5.5 MB/s     36s[K[?25h[?2026l[?2026h[?25l[A[1Gpulling manifest [K
pulling aeda25e63ebd:  94% ▕████████████████  ▏ 3.1 GB/3.3 GB  5.5 MB/s     35s[K[?25h[?2026l[?2026h[?25l[A[1Gpulling manifest [K
pulling aeda25e63ebd:  94% ▕████████████████  ▏ 3.1 GB/3.3 GB  5.5 MB/s     35s[K[?25h[?2026l[?2026h[?25l[A[1Gpulling manifest [K
pulling aeda25e63ebd:  94% ▕████████████████  ▏ 3.1 GB/3.3 GB  5.5 MB/s     35s[K[?25h[?2026l[?2026h[?25l[A[1Gpulling manifest [K
pulling aeda25e63ebd:  94% ▕████████████████  ▏ 3.1 GB/3.3 GB  5.5 MB/s     35s[K[?25h[?2026l[?2026h[?25l[A[1Gpulling manifest [K
pulling aeda25e63ebd:  94% ▕████████████████  ▏ 3.1 GB/3.3 GB  5.5 MB/s     35s[K[?25h[?2026l[?2026h[?25l[A[1Gpulling manifest [K
pulling aeda25e63ebd:  94% ▕████████████████  ▏ 3.1 GB/3.3 GB  5.5 MB/s     35s[K[?25h[?2026l[?2026h[?25l[A[1Gpulling manifest [K
pulling aeda25e63ebd:  94% ▕████████████████  ▏ 3.1 GB/3.3 GB  5.5 MB/s     34s[K[?25h[?2026l[?2026h[?25l[A[1Gpulling manifest [K
pulling aeda25e63ebd:  94% ▕████████████████  ▏ 3.1 GB/3.3 GB  5.5 MB/s     34s[K[?25h[?2026l[?2026h[?25l[A[1Gpulling manifest [K
pulling aeda25e63ebd:  94% ▕████████████████  ▏ 3.1 GB/3.3 GB  5.5 MB/s     34s[K[?25h[?2026l[?2026h[?25l[A[1Gpulling manifest [K
pulling aeda25e63ebd:  94% ▕████████████████  ▏ 3.1 GB/3.3 GB  5.5 MB/s     34s[K[?25h[?2026l[?2026h[?25l[A[1Gpulling manifest [K
pulling aeda25e63ebd:  94% ▕████████████████  ▏ 3.1 GB/3.3 GB  5.5 MB/s     35s[K[?25h[?2026l[?2026h[?25l[A[1Gpulling manifest [K
pulling aeda25e63ebd:  94% ▕████████████████  ▏ 3.1 GB/3.3 GB  5.5 MB/s     34s[K[?25h[?2026l[?2026h[?25l[A[1Gpulling manifest [K
pulling aeda25e63ebd:  94% ▕████████████████  ▏ 3.1 GB/3.3 GB  5.5 MB/s     34s[K[?25h[?2026l[?2026h[?25l[A[1Gpulling manifest [K
pulling aeda25e63ebd:  94% ▕████████████████  ▏ 3.1 GB/3.3 GB  5.5 MB/s     34s[K[?25h[?2026l[?2026h[?25l[A[1Gpulling manifest [K
pulling aeda25e63ebd:  94% ▕████████████████  ▏ 3.1 GB/3.3 GB  5.5 MB/s     34s[K[?25h[?2026l[?2026h[?25l[A[1Gpulling manifest [K
pulling aeda25e63ebd:  94% ▕████████████████  ▏ 3.1 GB/3.3 GB  5.5 MB/s     34s[K[?25h[?2026l[?2026h[?25l[A[1Gpulling manifest [K
pulling aeda25e63ebd:  94% ▕████████████████  ▏ 3.2 GB/3.3 GB  5.5 MB/s     34s[K[?25h[?2026l[?2026h[?25l[A[1Gpulling manifest [K
pulling aeda25e63ebd:  94% ▕████████████████  ▏ 3.2 GB/3.3 GB  5.5 MB/s     34s[K[?25h[?2026l[?2026h[?25l[A[1Gpulling manifest [K
pulling aeda25e63ebd:  94% ▕████████████████  ▏ 3.2 GB/3.3 GB  5.5 MB/s     34s[K[?25h[?2026l[?2026h[?25l[A[1Gpulling manifest [K
pulling aeda25e63ebd:  94% ▕████████████████  ▏ 3.2 GB/3.3 GB  5.5 MB/s     34s[K[?25h[?2026l[?2026h[?25l[A[1Gpulling manifest [K
pulling aeda25e63ebd:  94% ▕████████████████  ▏ 3.2 GB/3.3 GB  5.5 MB/s     33s[K[?25h[?2026l[?2026h[?25l[A[1Gpulling manifest [K
pulling aeda25e63ebd:  94% ▕█████████████████ ▏ 3.2 GB/3.3 GB  5.5 MB/s     33s[K[?25h[?2026l[?2026h[?25l[A[1Gpulling manifest [K
pulling aeda25e63ebd:  94% ▕█████████████████ ▏ 3.2 GB/3.3 GB  5.5 MB/s     33s[K[?25h[?2026l[?2026h[?25l[A[1Gpulling manifest [K
pulling aeda25e63ebd:  94% ▕█████████████████ ▏ 3.2 GB/3.3 GB  5.5 MB/s     33s[K[?25h[?2026l[?2026h[?25l[A[1Gpulling manifest [K
pulling aeda25e63ebd:  95% ▕█████████████████ ▏ 3.2 GB/3.3 GB  5.5 MB/s     33s[K[?25h[?2026l[?2026h[?25l[A[1Gpulling manifest [K
pulling aeda25e63ebd:  95% ▕█████████████████ ▏ 3.2 GB/3.3 GB  5.5 MB/s     33s[K[?25h[?2026l[?2026h[?25l[A[1Gpulling manifest [K
pulling aeda25e63ebd:  95% ▕█████████████████ ▏ 3.2 GB/3.3 GB  5.5 MB/s     33s[K[?25h[?2026l[?2026h[?25l[A[1Gpulling manifest [K
pulling aeda25e63ebd:  95% ▕█████████████████ ▏ 3.2 GB/3.3 GB  5.5 MB/s     32s[K[?25h[?2026l[?2026h[?25l[A[1Gpulling manifest [K
pulling aeda25e63ebd:  95% ▕█████████████████ ▏ 3.2 GB/3.3 GB  5.5 MB/s     32s[K[?25h[?2026l[?2026h[?25l[A[1Gpulling manifest [K
pulling aeda25e63ebd:  95% ▕█████████████████ ▏ 3.2 GB/3.3 GB  5.5 MB/s     32s[K[?25h[?2026l[?2026h[?25l[A[1Gpulling manifest [K
pulling aeda25e63ebd:  95% ▕█████████████████ ▏ 3.2 GB/3.3 GB  5.5 MB/s     32s[K[?25h[?2026l[?2026h[?25l[A[1Gpulling manifest [K
pulling aeda25e63ebd:  95% ▕█████████████████ ▏ 3.2 GB/3.3 GB  5.5 MB/s     32s[K[?25h[?2026l[?2026h[?25l[A[1Gpulling manifest [K
pulling aeda25e63ebd:  95% ▕█████████████████ ▏ 3.2 GB/3.3 GB  5.5 MB/s     32s[K[?25h[?2026l[?2026h[?25l[A[1Gpulling manifest [K
pulling aeda25e63ebd:  95% ▕█████████████████ ▏ 3.2 GB/3.3 GB  5.5 MB/s     32s[K[?25h[?2026l[?2026h[?25l[A[1Gpulling manifest [K
pulling aeda25e63ebd:  95% ▕█████████████████ ▏ 3.2 GB/3.3 GB  5.5 MB/s     32s[K[?25h[?2026l[?2026h[?25l[A[1Gpulling manifest [K
pulling aeda25e63ebd:  95% ▕█████████████████ ▏ 3.2 GB/3.3 GB  5.5 MB/s     32s[K[?25h[?2026l[?2026h[?25l[A[1Gpulling manifest [K
pulling aeda25e63ebd:  95% ▕█████████████████ ▏ 3.2 GB/3.3 GB  5.5 MB/s     31s[K[?25h[?2026l[?2026h[?25l[A[1Gpulling manifest [K
pulling aeda25e63ebd:  95% ▕█████████████████ ▏ 3.2 GB/3.3 GB  5.5 MB/s     31s[K[?25h[?2026l[?2026h[?25l[A[1Gpulling manifest [K
pulling aeda25e63ebd:  95% ▕█████████████████ ▏ 3.2 GB/3.3 GB  5.5 MB/s     31s[K[?25h[?2026l[?2026h[?25l[A[1Gpulling manifest [K
pulling aeda25e63ebd:  95% ▕█████████████████ ▏ 3.2 GB/3.3 GB  5.5 MB/s     31s[K[?25h[?2026l[?2026h[?25l[A[1Gpulling manifest [K
pulling aeda25e63ebd:  95% ▕█████████████████ ▏ 3.2 GB/3.3 GB  5.6 MB/s     31s[K[?25h[?2026l[?2026h[?25l[A[1Gpulling manifest [K
pulling aeda25e63ebd:  95% ▕█████████████████ ▏ 3.2 GB/3.3 GB  5.6 MB/s     31s[K[?25h[?2026l[?2026h[?25l[A[1Gpulling manifest [K
pulling aeda25e63ebd:  95% ▕█████████████████ ▏ 3.2 GB/3.3 GB  5.6 MB/s     31s[K[?25h[?2026l[?2026h[?25l[A[1Gpulling manifest [K
pulling aeda25e63ebd:  95% ▕█████████████████ ▏ 3.2 GB/3.3 GB  5.6 MB/s     30s[K[?25h[?2026l[?2026h[?25l[A[1Gpulling manifest [K
pulling aeda25e63ebd:  95% ▕█████████████████ ▏ 3.2 GB/3.3 GB  5.6 MB/s     30s[K[?25h[?2026l[?2026h[?25l[A[1Gpulling manifest [K
pulling aeda25e63ebd:  95% ▕█████████████████ ▏ 3.2 GB/3.3 GB  5.6 MB/s     30s[K[?25h[?2026l[?2026h[?25l[A[1Gpulling manifest [K
pulling aeda25e63ebd:  95% ▕█████████████████ ▏ 3.2 GB/3.3 GB  5.6 MB/s     30s[K[?25h[?2026l[?2026h[?25l[A[1Gpulling manifest [K
pulling aeda25e63ebd:  95% ▕█████████████████ ▏ 3.2 GB/3.3 GB  5.6 MB/s     30s[K[?25h[?2026l[?2026h[?25l[A[1Gpulling manifest [K
pulling aeda25e63ebd:  95% ▕█████████████████ ▏ 3.2 GB/3.3 GB  5.6 MB/s     30s[K[?25h[?2026l[?2026h[?25l[A[1Gpulling manifest [K
pulling aeda25e63ebd:  95% ▕█████████████████ ▏ 3.2 GB/3.3 GB  5.6 MB/s     30s[K[?25h[?2026l[?2026h[?25l[A[1Gpulling manifest [K
pulling aeda25e63ebd:  95% ▕█████████████████ ▏ 3.2 GB/3.3 GB  5.6 MB/s     30s[K[?25h[?2026l[?2026h[?25l[A[1Gpulling manifest [K
pulling aeda25e63ebd:  95% ▕█████████████████ ▏ 3.2 GB/3.3 GB  5.6 MB/s     30s[K[?25h[?2026l[?2026h[?25l[A[1Gpulling manifest [K
pulling aeda25e63ebd:  95% ▕█████████████████ ▏ 3.2 GB/3.3 GB  5.6 MB/s     30s[K[?25h[?2026l[?2026h[?25l[A[1Gpulling manifest [K
pulling aeda25e63ebd:  95% ▕█████████████████ ▏ 3.2 GB/3.3 GB  5.6 MB/s     30s[K[?25h[?2026l[?2026h[?25l[A[1Gpulling manifest [K
pulling aeda25e63ebd:  95% ▕█████████████████ ▏ 3.2 GB/3.3 GB  5.6 MB/s     29s[K[?25h[?2026l[?2026h[?25l[A[1Gpulling manifest [K
pulling aeda25e63ebd:  95% ▕█████████████████ ▏ 3.2 GB/3.3 GB  5.6 MB/s     29s[K[?25h[?2026l[?2026h[?25l[A[1Gpulling manifest [K
pulling aeda25e63ebd:  95% ▕█████████████████ ▏ 3.2 GB/3.3 GB  5.6 MB/s     29s[K[?25h[?2026l[?2026h[?25l[A[1Gpulling manifest [K
pulling aeda25e63ebd:  95% ▕█████████████████ ▏ 3.2 GB/3.3 GB  5.6 MB/s     29s[K[?25h[?2026l[?2026h[?25l[A[1Gpulling manifest [K
pulling aeda25e63ebd:  95% ▕█████████████████ ▏ 3.2 GB/3.3 GB  5.6 MB/s     29s[K[?25h[?2026l[?2026h[?25l[A[1Gpulling manifest [K
pulling aeda25e63ebd:  95% ▕█████████████████ ▏ 3.2 GB/3.3 GB  5.6 MB/s     29s[K[?25h[?2026l[?2026h[?25l[A[1Gpulling manifest [K
pulling aeda25e63ebd:  95% ▕█████████████████ ▏ 3.2 GB/3.3 GB  5.6 MB/s     29s[K[?25h[?2026l[?2026h[?25l[A[1Gpulling manifest [K
pulling aeda25e63ebd:  95% ▕█████████████████ ▏ 3.2 GB/3.3 GB  5.5 MB/s     29s[K[?25h[?2026l[?2026h[?25l[A[1Gpulling manifest [K
pulling aeda25e63ebd:  95% ▕█████████████████ ▏ 3.2 GB/3.3 GB  5.5 MB/s     29s[K[?25h[?2026l[?2026h[?25l[A[1Gpulling manifest [K
pulling aeda25e63ebd:  95% ▕█████████████████ ▏ 3.2 GB/3.3 GB  5.5 MB/s     29s[K[?25h[?2026l[?2026h[?25l[A[1Gpulling manifest [K
pulling aeda25e63ebd:  95% ▕█████████████████ ▏ 3.2 GB/3.3 GB  5.5 MB/s     29s[K[?25h[?2026l[?2026h[?25l[A[1Gpulling manifest [K
pulling aeda25e63ebd:  95% ▕█████████████████ ▏ 3.2 GB/3.3 GB  5.5 MB/s     29s[K[?25h[?2026l[?2026h[?25l[A[1Gpulling manifest [K
pulling aeda25e63ebd:  95% ▕█████████████████ ▏ 3.2 GB/3.3 GB  5.5 MB/s     28s[K[?25h[?2026l[?2026h[?25l[A[1Gpulling manifest [K
pulling aeda25e63ebd:  95% ▕█████████████████ ▏ 3.2 GB/3.3 GB  5.5 MB/s     28s[K[?25h[?2026l[?2026h[?25l[A[1Gpulling manifest [K
pulling aeda25e63ebd:  95% ▕█████████████████ ▏ 3.2 GB/3.3 GB  5.5 MB/s     28s[K[?25h[?2026l[?2026h[?25l[A[1Gpulling manifest [K
pulling aeda25e63ebd:  95% ▕█████████████████ ▏ 3.2 GB/3.3 GB  5.5 MB/s     28s[K[?25h[?2026l[?2026h[?25l[A[1Gpulling manifest [K
pulling aeda25e63ebd:  95% ▕█████████████████ ▏ 3.2 GB/3.3 GB  5.5 MB/s     28s[K[?25h[?2026l[?2026h[?25l[A[1Gpulling manifest [K
pulling aeda25e63ebd:  95% ▕█████████████████ ▏ 3.2 GB/3.3 GB  5.6 MB/s     28s[K[?25h[?2026l[?2026h[?25l[A[1Gpulling manifest [K
pulling aeda25e63ebd:  95% ▕█████████████████ ▏ 3.2 GB/3.3 GB  5.6 MB/s     28s[K[?25h[?2026l[?2026h[?25l[A[1Gpulling manifest [K
pulling aeda25e63ebd:  95% ▕█████████████████ ▏ 3.2 GB/3.3 GB  5.6 MB/s     27s[K[?25h[?2026l[?2026h[?25l[A[1Gpulling manifest [K
pulling aeda25e63ebd:  95% ▕█████████████████ ▏ 3.2 GB/3.3 GB  5.6 MB/s     27s[K[?25h[?2026l[?2026h[?25l[A[1Gpulling manifest [K
pulling aeda25e63ebd:  95% ▕█████████████████ ▏ 3.2 GB/3.3 GB  5.6 MB/s     27s[K[?25h[?2026l[?2026h[?25l[A[1Gpulling manifest [K
pulling aeda25e63ebd:  95% ▕█████████████████ ▏ 3.2 GB/3.3 GB  5.6 MB/s     27s[K[?25h[?2026l[?2026h[?25l[A[1Gpulling manifest [K
pulling aeda25e63ebd:  95% ▕█████████████████ ▏ 3.2 GB/3.3 GB  5.6 MB/s     27s[K[?25h[?2026l[?2026h[?25l[A[1Gpulling manifest [K
pulling aeda25e63ebd:  95% ▕█████████████████ ▏ 3.2 GB/3.3 GB  5.6 MB/s     27s[K[?25h[?2026l[?2026h[?25l[A[1Gpulling manifest [K
pulling aeda25e63ebd:  95% ▕█████████████████ ▏ 3.2 GB/3.3 GB  5.6 MB/s     27s[K[?25h[?2026l[?2026h[?25l[A[1Gpulling manifest [K
pulling aeda25e63ebd:  95% ▕█████████████████ ▏ 3.2 GB/3.3 GB  5.6 MB/s     27s[K[?25h[?2026l[?2026h[?25l[A[1Gpulling manifest [K
pulling aeda25e63ebd:  95% ▕█████████████████ ▏ 3.2 GB/3.3 GB  5.6 MB/s     27s[K[?25h[?2026l[?2026h[?25l[A[1Gpulling manifest [K
pulling aeda25e63ebd:  95% ▕█████████████████ ▏ 3.2 GB/3.3 GB  5.6 MB/s     27s[K[?25h[?2026l[?2026h[?25l[A[1Gpulling manifest [K
pulling aeda25e63ebd:  95% ▕█████████████████ ▏ 3.2 GB/3.3 GB  5.6 MB/s     26s[K[?25h[?2026l[?2026h[?25l[A[1Gpulling manifest [K
pulling aeda25e63ebd:  96% ▕█████████████████ ▏ 3.2 GB/3.3 GB  5.6 MB/s     26s[K[?25h[?2026l[?2026h[?25l[A[1Gpulling manifest [K
pulling aeda25e63ebd:  96% ▕█████████████████ ▏ 3.2 GB/3.3 GB  5.6 MB/s     26s[K[?25h[?2026l[?2026h[?25l[A[1Gpulling manifest [K
pulling aeda25e63ebd:  96% ▕█████████████████ ▏ 3.2 GB/3.3 GB  5.6 MB/s     26s[K[?25h[?2026l[?2026h[?25l[A[1Gpulling manifest [K
pulling aeda25e63ebd:  96% ▕█████████████████ ▏ 3.2 GB/3.3 GB  5.6 MB/s     26s[K[?25h[?2026l[?2026h[?25l[A[1Gpulling manifest [K
pulling aeda25e63ebd:  96% ▕█████████████████ ▏ 3.2 GB/3.3 GB  5.6 MB/s     26s[K[?25h[?2026l[?2026h[?25l[A[1Gpulling manifest [K
pulling aeda25e63ebd:  96% ▕█████████████████ ▏ 3.2 GB/3.3 GB  5.6 MB/s     26s[K[?25h[?2026l[?2026h[?25l[A[1Gpulling manifest [K
pulling aeda25e63ebd:  96% ▕█████████████████ ▏ 3.2 GB/3.3 GB  5.6 MB/s     26s[K[?25h[?2026l[?2026h[?25l[A[1Gpulling manifest [K
pulling aeda25e63ebd:  96% ▕█████████████████ ▏ 3.2 GB/3.3 GB  5.6 MB/s     26s[K[?25h[?2026l[?2026h[?25l[A[1Gpulling manifest [K
pulling aeda25e63ebd:  96% ▕█████████████████ ▏ 3.2 GB/3.3 GB  5.6 MB/s     26s[K[?25h[?2026l[?2026h[?25l[A[1Gpulling manifest [K
pulling aeda25e63ebd:  96% ▕█████████████████ ▏ 3.2 GB/3.3 GB  5.6 MB/s     25s[K[?25h[?2026l[?2026h[?25l[A[1Gpulling manifest [K
pulling aeda25e63ebd:  96% ▕█████████████████ ▏ 3.2 GB/3.3 GB  5.6 MB/s     25s[K[?25h[?2026l[?2026h[?25l[A[1Gpulling manifest [K
pulling aeda25e63ebd:  96% ▕█████████████████ ▏ 3.2 GB/3.3 GB  5.6 MB/s     25s[K[?25h[?2026l[?2026h[?25l[A[1Gpulling manifest [K
pulling aeda25e63ebd:  96% ▕█████████████████ ▏ 3.2 GB/3.3 GB  5.6 MB/s     25s[K[?25h[?2026l[?2026h[?25l[A[1Gpulling manifest [K
pulling aeda25e63ebd:  96% ▕█████████████████ ▏ 3.2 GB/3.3 GB  5.6 MB/s     25s[K[?25h[?2026l[?2026h[?25l[A[1Gpulling manifest [K
pulling aeda25e63ebd:  96% ▕█████████████████ ▏ 3.2 GB/3.3 GB  5.6 MB/s     25s[K[?25h[?2026l[?2026h[?25l[A[1Gpulling manifest [K
pulling aeda25e63ebd:  96% ▕█████████████████ ▏ 3.2 GB/3.3 GB  5.6 MB/s     25s[K[?25h[?2026l[?2026h[?25l[A[1Gpulling manifest [K
pulling aeda25e63ebd:  96% ▕█████████████████ ▏ 3.2 GB/3.3 GB  5.6 MB/s     25s[K[?25h[?2026l[?2026h[?25l[A[1Gpulling manifest [K
pulling aeda25e63ebd:  96% ▕█████████████████ ▏ 3.2 GB/3.3 GB  5.6 MB/s     25s[K[?25h[?2026l[?2026h[?25l[A[1Gpulling manifest [K
pulling aeda25e63ebd:  96% ▕█████████████████ ▏ 3.2 GB/3.3 GB  5.7 MB/s     24s[K[?25h[?2026l[?2026h[?25l[A[1Gpulling manifest [K
pulling aeda25e63ebd:  96% ▕█████████████████ ▏ 3.2 GB/3.3 GB  5.7 MB/s     24s[K[?25h[?2026l[?2026h[?25l[A[1Gpulling manifest [K
pulling aeda25e63ebd:  96% ▕█████████████████ ▏ 3.2 GB/3.3 GB  5.7 MB/s     24s[K[?25h[?2026l[?2026h[?25l[A[1Gpulling manifest [K
pulling aeda25e63ebd:  96% ▕█████████████████ ▏ 3.2 GB/3.3 GB  5.7 MB/s     24s[K[?25h[?2026l[?2026h[?25l[A[1Gpulling manifest [K
pulling aeda25e63ebd:  96% ▕█████████████████ ▏ 3.2 GB/3.3 GB  5.7 MB/s     24s[K[?25h[?2026l[?2026h[?25l[A[1Gpulling manifest [K
pulling aeda25e63ebd:  96% ▕█████████████████ ▏ 3.2 GB/3.3 GB  5.7 MB/s     24s[K[?25h[?2026l[?2026h[?25l[A[1Gpulling manifest [K
pulling aeda25e63ebd:  96% ▕█████████████████ ▏ 3.2 GB/3.3 GB  5.7 MB/s     24s[K[?25h[?2026l[?2026h[?25l[A[1Gpulling manifest [K
pulling aeda25e63ebd:  96% ▕█████████████████ ▏ 3.2 GB/3.3 GB  5.7 MB/s     24s[K[?25h[?2026l[?2026h[?25l[A[1Gpulling manifest [K
pulling aeda25e63ebd:  96% ▕█████████████████ ▏ 3.2 GB/3.3 GB  5.7 MB/s     23s[K[?25h[?2026l[?2026h[?25l[A[1Gpulling manifest [K
pulling aeda25e63ebd:  96% ▕█████████████████ ▏ 3.2 GB/3.3 GB  5.7 MB/s     23s[K[?25h[?2026l[?2026h[?25l[A[1Gpulling manifest [K
pulling aeda25e63ebd:  96% ▕█████████████████ ▏ 3.2 GB/3.3 GB  5.6 MB/s     24s[K[?25h[?2026l[?2026h[?25l[A[1Gpulling manifest [K
pulling aeda25e63ebd:  96% ▕█████████████████ ▏ 3.2 GB/3.3 GB  5.6 MB/s     24s[K[?25h[?2026l[?2026h[?25l[A[1Gpulling manifest [K
pulling aeda25e63ebd:  96% ▕█████████████████ ▏ 3.2 GB/3.3 GB  5.6 MB/s     24s[K[?25h[?2026l[?2026h[?25l[A[1Gpulling manifest [K
pulling aeda25e63ebd:  96% ▕█████████████████ ▏ 3.2 GB/3.3 GB  5.6 MB/s     23s[K[?25h[?2026l[?2026h[?25l[A[1Gpulling manifest [K
pulling aeda25e63ebd:  96% ▕█████████████████ ▏ 3.2 GB/3.3 GB  5.6 MB/s     23s[K[?25h[?2026l[?2026h[?25l[A[1Gpulling manifest [K
pulling aeda25e63ebd:  96% ▕█████████████████ ▏ 3.2 GB/3.3 GB  5.6 MB/s     23s[K[?25h[?2026l[?2026h[?25l[A[1Gpulling manifest [K
pulling aeda25e63ebd:  96% ▕█████████████████ ▏ 3.2 GB/3.3 GB  5.6 MB/s     23s[K[?25h[?2026l[?2026h[?25l[A[1Gpulling manifest [K
pulling aeda25e63ebd:  96% ▕█████████████████ ▏ 3.2 GB/3.3 GB  5.6 MB/s     23s[K[?25h[?2026l[?2026h[?25l[A[1Gpulling manifest [K
pulling aeda25e63ebd:  96% ▕█████████████████ ▏ 3.2 GB/3.3 GB  5.6 MB/s     23s[K[?25h[?2026l[?2026h[?25l[A[1Gpulling manifest [K
pulling aeda25e63ebd:  96% ▕█████████████████ ▏ 3.2 GB/3.3 GB  5.6 MB/s     23s[K[?25h[?2026l[?2026h[?25l[A[1Gpulling manifest [K
pulling aeda25e63ebd:  96% ▕█████████████████ ▏ 3.2 GB/3.3 GB  5.5 MB/s     23s[K[?25h[?2026l[?2026h[?25l[A[1Gpulling manifest [K
pulling aeda25e63ebd:  96% ▕█████████████████ ▏ 3.2 GB/3.3 GB  5.5 MB/s     23s[K[?25h[?2026l[?2026h[?25l[A[1Gpulling manifest [K
pulling aeda25e63ebd:  96% ▕█████████████████ ▏ 3.2 GB/3.3 GB  5.5 MB/s     23s[K[?25h[?2026l[?2026h[?25l[A[1Gpulling manifest [K
pulling aeda25e63ebd:  96% ▕█████████████████ ▏ 3.2 GB/3.3 GB  5.5 MB/s     23s[K[?25h[?2026l[?2026h[?25l[A[1Gpulling manifest [K
pulling aeda25e63ebd:  96% ▕█████████████████ ▏ 3.2 GB/3.3 GB  5.5 MB/s     23s[K[?25h[?2026l[?2026h[?25l[A[1Gpulling manifest [K
pulling aeda25e63ebd:  96% ▕█████████████████ ▏ 3.2 GB/3.3 GB  5.5 MB/s     22s[K[?25h[?2026l[?2026h[?25l[A[1Gpulling manifest [K
pulling aeda25e63ebd:  96% ▕█████████████████ ▏ 3.2 GB/3.3 GB  5.5 MB/s     22s[K[?25h[?2026l[?2026h[?25l[A[1Gpulling manifest [K
pulling aeda25e63ebd:  96% ▕█████████████████ ▏ 3.2 GB/3.3 GB  5.5 MB/s     22s[K[?25h[?2026l[?2026h[?25l[A[1Gpulling manifest [K
pulling aeda25e63ebd:  96% ▕█████████████████ ▏ 3.2 GB/3.3 GB  5.5 MB/s     22s[K[?25h[?2026l[?2026h[?25l[A[1Gpulling manifest [K
pulling aeda25e63ebd:  96% ▕█████████████████ ▏ 3.2 GB/3.3 GB  5.5 MB/s     22s[K[?25h[?2026l[?2026h[?25l[A[1Gpulling manifest [K
pulling aeda25e63ebd:  96% ▕█████████████████ ▏ 3.2 GB/3.3 GB  5.5 MB/s     22s[K[?25h[?2026l[?2026h[?25l[A[1Gpulling manifest [K
pulling aeda25e63ebd:  96% ▕█████████████████ ▏ 3.2 GB/3.3 GB  5.5 MB/s     22s[K[?25h[?2026l[?2026h[?25l[A[1Gpulling manifest [K
pulling aeda25e63ebd:  96% ▕█████████████████ ▏ 3.2 GB/3.3 GB  5.5 MB/s     22s[K[?25h[?2026l[?2026h[?25l[A[1Gpulling manifest [K
pulling aeda25e63ebd:  96% ▕█████████████████ ▏ 3.2 GB/3.3 GB  5.5 MB/s     22s[K[?25h[?2026l[?2026h[?25l[A[1Gpulling manifest [K
pulling aeda25e63ebd:  96% ▕█████████████████ ▏ 3.2 GB/3.3 GB  5.5 MB/s     22s[K[?25h[?2026l[?2026h[?25l[A[1Gpulling manifest [K
pulling aeda25e63ebd:  96% ▕█████████████████ ▏ 3.2 GB/3.3 GB  5.5 MB/s     22s[K[?25h[?2026l[?2026h[?25l[A[1Gpulling manifest [K
pulling aeda25e63ebd:  96% ▕█████████████████ ▏ 3.2 GB/3.3 GB  5.5 MB/s     22s[K[?25h[?2026l[?2026h[?25l[A[1Gpulling manifest [K
pulling aeda25e63ebd:  96% ▕█████████████████ ▏ 3.2 GB/3.3 GB  5.5 MB/s     21s[K[?25h[?2026l[?2026h[?25l[A[1Gpulling manifest [K
pulling aeda25e63ebd:  96% ▕█████████████████ ▏ 3.2 GB/3.3 GB  5.5 MB/s     21s[K[?25h[?2026l[?2026h[?25l[A[1Gpulling manifest [K
pulling aeda25e63ebd:  96% ▕█████████████████ ▏ 3.2 GB/3.3 GB  5.5 MB/s     21s[K[?25h[?2026l[?2026h[?25l[A[1Gpulling manifest [K
pulling aeda25e63ebd:  96% ▕█████████████████ ▏ 3.2 GB/3.3 GB  5.5 MB/s     21s[K[?25h[?2026l[?2026h[?25l[A[1Gpulling manifest [K
pulling aeda25e63ebd:  96% ▕█████████████████ ▏ 3.2 GB/3.3 GB  5.5 MB/s     21s[K[?25h[?2026l[?2026h[?25l[A[1Gpulling manifest [K
pulling aeda25e63ebd:  96% ▕█████████████████ ▏ 3.2 GB/3.3 GB  5.5 MB/s     21s[K[?25h[?2026l[?2026h[?25l[A[1Gpulling manifest [K
pulling aeda25e63ebd:  96% ▕█████████████████ ▏ 3.2 GB/3.3 GB  5.5 MB/s     21s[K[?25h[?2026l[?2026h[?25l[A[1Gpulling manifest [K
pulling aeda25e63ebd:  97% ▕█████████████████ ▏ 3.2 GB/3.3 GB  5.5 MB/s     21s[K[?25h[?2026l[?2026h[?25l[A[1Gpulling manifest [K
pulling aeda25e63ebd:  97% ▕█████████████████ ▏ 3.2 GB/3.3 GB  5.5 MB/s     21s[K[?25h[?2026l[?2026h[?25l[A[1Gpulling manifest [K
pulling aeda25e63ebd:  97% ▕█████████████████ ▏ 3.2 GB/3.3 GB  5.5 MB/s     20s[K[?25h[?2026l[?2026h[?25l[A[1Gpulling manifest [K
pulling aeda25e63ebd:  97% ▕█████████████████ ▏ 3.2 GB/3.3 GB  5.5 MB/s     20s[K[?25h[?2026l[?2026h[?25l[A[1Gpulling manifest [K
pulling aeda25e63ebd:  97% ▕█████████████████ ▏ 3.2 GB/3.3 GB  5.5 MB/s     20s[K[?25h[?2026l[?2026h[?25l[A[1Gpulling manifest [K
pulling aeda25e63ebd:  97% ▕█████████████████ ▏ 3.2 GB/3.3 GB  5.5 MB/s     20s[K[?25h[?2026l[?2026h[?25l[A[1Gpulling manifest [K
pulling aeda25e63ebd:  97% ▕█████████████████ ▏ 3.2 GB/3.3 GB  5.5 MB/s     20s[K[?25h[?2026l[?2026h[?25l[A[1Gpulling manifest [K
pulling aeda25e63ebd:  97% ▕█████████████████ ▏ 3.2 GB/3.3 GB  5.5 MB/s     20s[K[?25h[?2026l[?2026h[?25l[A[1Gpulling manifest [K
pulling aeda25e63ebd:  97% ▕█████████████████ ▏ 3.2 GB/3.3 GB  5.5 MB/s     20s[K[?25h[?2026l[?2026h[?25l[A[1Gpulling manifest [K
pulling aeda25e63ebd:  97% ▕█████████████████ ▏ 3.2 GB/3.3 GB  5.5 MB/s     20s[K[?25h[?2026l[?2026h[?25l[A[1Gpulling manifest [K
pulling aeda25e63ebd:  97% ▕█████████████████ ▏ 3.2 GB/3.3 GB  5.5 MB/s     20s[K[?25h[?2026l[?2026h[?25l[A[1Gpulling manifest [K
pulling aeda25e63ebd:  97% ▕█████████████████ ▏ 3.2 GB/3.3 GB  5.5 MB/s     20s[K[?25h[?2026l[?2026h[?25l[A[1Gpulling manifest [K
pulling aeda25e63ebd:  97% ▕█████████████████ ▏ 3.2 GB/3.3 GB  5.5 MB/s     19s[K[?25h[?2026l[?2026h[?25l[A[1Gpulling manifest [K
pulling aeda25e63ebd:  97% ▕█████████████████ ▏ 3.2 GB/3.3 GB  5.5 MB/s     19s[K[?25h[?2026l[?2026h[?25l[A[1Gpulling manifest [K
pulling aeda25e63ebd:  97% ▕█████████████████ ▏ 3.2 GB/3.3 GB  5.5 MB/s     19s[K[?25h[?2026l[?2026h[?25l[A[1Gpulling manifest [K
pulling aeda25e63ebd:  97% ▕█████████████████ ▏ 3.2 GB/3.3 GB  5.5 MB/s     19s[K[?25h[?2026l[?2026h[?25l[A[1Gpulling manifest [K
pulling aeda25e63ebd:  97% ▕█████████████████ ▏ 3.2 GB/3.3 GB  5.5 MB/s     19s[K[?25h[?2026l[?2026h[?25l[A[1Gpulling manifest [K
pulling aeda25e63ebd:  97% ▕█████████████████ ▏ 3.2 GB/3.3 GB  5.5 MB/s     19s[K[?25h[?2026l[?2026h[?25l[A[1Gpulling manifest [K
pulling aeda25e63ebd:  97% ▕█████████████████ ▏ 3.2 GB/3.3 GB  5.5 MB/s     19s[K[?25h[?2026l[?2026h[?25l[A[1Gpulling manifest [K
pulling aeda25e63ebd:  97% ▕█████████████████ ▏ 3.2 GB/3.3 GB  5.5 MB/s     19s[K[?25h[?2026l[?2026h[?25l[A[1Gpulling manifest [K
pulling aeda25e63ebd:  97% ▕█████████████████ ▏ 3.2 GB/3.3 GB  5.5 MB/s     19s[K[?25h[?2026l[?2026h[?25l[A[1Gpulling manifest [K
pulling aeda25e63ebd:  97% ▕█████████████████ ▏ 3.2 GB/3.3 GB  5.5 MB/s     19s[K[?25h[?2026l[?2026h[?25l[A[1Gpulling manifest [K
pulling aeda25e63ebd:  97% ▕█████████████████ ▏ 3.2 GB/3.3 GB  5.5 MB/s     19s[K[?25h[?2026l[?2026h[?25l[A[1Gpulling manifest [K
pulling aeda25e63ebd:  97% ▕█████████████████ ▏ 3.2 GB/3.3 GB  5.5 MB/s     18s[K[?25h[?2026l[?2026h[?25l[A[1Gpulling manifest [K
pulling aeda25e63ebd:  97% ▕█████████████████ ▏ 3.2 GB/3.3 GB  5.5 MB/s     18s[K[?25h[?2026l[?2026h[?25l[A[1Gpulling manifest [K
pulling aeda25e63ebd:  97% ▕█████████████████ ▏ 3.2 GB/3.3 GB  5.5 MB/s     18s[K[?25h[?2026l[?2026h[?25l[A[1Gpulling manifest [K
pulling aeda25e63ebd:  97% ▕█████████████████ ▏ 3.2 GB/3.3 GB  5.5 MB/s     18s[K[?25h[?2026l[?2026h[?25l[A[1Gpulling manifest [K
pulling aeda25e63ebd:  97% ▕█████████████████ ▏ 3.2 GB/3.3 GB  5.5 MB/s     18s[K[?25h[?2026l[?2026h[?25l[A[1Gpulling manifest [K
pulling aeda25e63ebd:  97% ▕█████████████████ ▏ 3.2 GB/3.3 GB  5.5 MB/s     18s[K[?25h[?2026l[?2026h[?25l[A[1Gpulling manifest [K
pulling aeda25e63ebd:  97% ▕█████████████████ ▏ 3.2 GB/3.3 GB  5.5 MB/s     18s[K[?25h[?2026l[?2026h[?25l[A[1Gpulling manifest [K
pulling aeda25e63ebd:  97% ▕█████████████████ ▏ 3.2 GB/3.3 GB  5.5 MB/s     18s[K[?25h[?2026l[?2026h[?25l[A[1Gpulling manifest [K
pulling aeda25e63ebd:  97% ▕█████████████████ ▏ 3.2 GB/3.3 GB  5.5 MB/s     18s[K[?25h[?2026l[?2026h[?25l[A[1Gpulling manifest [K
pulling aeda25e63ebd:  97% ▕█████████████████ ▏ 3.2 GB/3.3 GB  5.5 MB/s     18s[K[?25h[?2026l[?2026h[?25l[A[1Gpulling manifest [K
pulling aeda25e63ebd:  97% ▕█████████████████ ▏ 3.2 GB/3.3 GB  5.5 MB/s     18s[K[?25h[?2026l[?2026h[?25l[A[1Gpulling manifest [K
pulling aeda25e63ebd:  97% ▕█████████████████ ▏ 3.2 GB/3.3 GB  5.5 MB/s     17s[K[?25h[?2026l[?2026h[?25l[A[1Gpulling manifest [K
pulling aeda25e63ebd:  97% ▕█████████████████ ▏ 3.2 GB/3.3 GB  5.5 MB/s     17s[K[?25h[?2026l[?2026h[?25l[A[1Gpulling manifest [K
pulling aeda25e63ebd:  97% ▕█████████████████ ▏ 3.2 GB/3.3 GB  5.5 MB/s     17s[K[?25h[?2026l[?2026h[?25l[A[1Gpulling manifest [K
pulling aeda25e63ebd:  97% ▕█████████████████ ▏ 3.2 GB/3.3 GB  5.5 MB/s     17s[K[?25h[?2026l[?2026h[?25l[A[1Gpulling manifest [K
pulling aeda25e63ebd:  97% ▕█████████████████ ▏ 3.2 GB/3.3 GB  5.5 MB/s     17s[K[?25h[?2026l[?2026h[?25l[A[1Gpulling manifest [K
pulling aeda25e63ebd:  97% ▕█████████████████ ▏ 3.2 GB/3.3 GB  5.5 MB/s     17s[K[?25h[?2026l[?2026h[?25l[A[1Gpulling manifest [K
pulling aeda25e63ebd:  97% ▕█████████████████ ▏ 3.2 GB/3.3 GB  5.5 MB/s     17s[K[?25h[?2026l[?2026h[?25l[A[1Gpulling manifest [K
pulling aeda25e63ebd:  97% ▕█████████████████ ▏ 3.2 GB/3.3 GB  5.5 MB/s     17s[K[?25h[?2026l[?2026h[?25l[A[1Gpulling manifest [K
pulling aeda25e63ebd:  97% ▕█████████████████ ▏ 3.2 GB/3.3 GB  5.5 MB/s     17s[K[?25h[?2026l[?2026h[?25l[A[1Gpulling manifest [K
pulling aeda25e63ebd:  97% ▕█████████████████ ▏ 3.2 GB/3.3 GB  5.5 MB/s     16s[K[?25h[?2026l[?2026h[?25l[A[1Gpulling manifest [K
pulling aeda25e63ebd:  97% ▕█████████████████ ▏ 3.2 GB/3.3 GB  5.5 MB/s     16s[K[?25h[?2026l[?2026h[?25l[A[1Gpulling manifest [K
pulling aeda25e63ebd:  97% ▕█████████████████ ▏ 3.2 GB/3.3 GB  5.5 MB/s     16s[K[?25h[?2026l[?2026h[?25l[A[1Gpulling manifest [K
pulling aeda25e63ebd:  97% ▕█████████████████ ▏ 3.2 GB/3.3 GB  5.5 MB/s     16s[K[?25h[?2026l[?2026h[?25l[A[1Gpulling manifest [K
pulling aeda25e63ebd:  97% ▕█████████████████ ▏ 3.2 GB/3.3 GB  5.4 MB/s     16s[K[?25h[?2026l[?2026h[?25l[A[1Gpulling manifest [K
pulling aeda25e63ebd:  97% ▕█████████████████ ▏ 3.2 GB/3.3 GB  5.4 MB/s     16s[K[?25h[?2026l[?2026h[?25l[A[1Gpulling manifest [K
pulling aeda25e63ebd:  97% ▕█████████████████ ▏ 3.2 GB/3.3 GB  5.4 MB/s     16s[K[?25h[?2026l[?2026h[?25l[A[1Gpulling manifest [K
pulling aeda25e63ebd:  97% ▕█████████████████ ▏ 3.2 GB/3.3 GB  5.4 MB/s     16s[K[?25h[?2026l[?2026h[?25l[A[1Gpulling manifest [K
pulling aeda25e63ebd:  97% ▕█████████████████ ▏ 3.2 GB/3.3 GB  5.4 MB/s     16s[K[?25h[?2026l[?2026h[?25l[A[1Gpulling manifest [K
pulling aeda25e63ebd:  97% ▕█████████████████ ▏ 3.2 GB/3.3 GB  5.4 MB/s     16s[K[?25h[?2026l[?2026h[?25l[A[1Gpulling manifest [K
pulling aeda25e63ebd:  97% ▕█████████████████ ▏ 3.3 GB/3.3 GB  5.4 MB/s     16s[K[?25h[?2026l[?2026h[?25l[A[1Gpulling manifest [K
pulling aeda25e63ebd:  97% ▕█████████████████ ▏ 3.3 GB/3.3 GB  5.4 MB/s     16s[K[?25h[?2026l[?2026h[?25l[A[1Gpulling manifest [K
pulling aeda25e63ebd:  97% ▕█████████████████ ▏ 3.3 GB/3.3 GB  5.4 MB/s     16s[K[?25h[?2026l[?2026h[?25l[A[1Gpulling manifest [K
pulling aeda25e63ebd:  97% ▕█████████████████ ▏ 3.3 GB/3.3 GB  5.4 MB/s     15s[K[?25h[?2026l[?2026h[?25l[A[1Gpulling manifest [K
pulling aeda25e63ebd:  97% ▕█████████████████ ▏ 3.3 GB/3.3 GB  5.4 MB/s     15s[K[?25h[?2026l[?2026h[?25l[A[1Gpulling manifest [K
pulling aeda25e63ebd:  97% ▕█████████████████ ▏ 3.3 GB/3.3 GB  5.5 MB/s     15s[K[?25h[?2026l[?2026h[?25l[A[1Gpulling manifest [K
pulling aeda25e63ebd:  97% ▕█████████████████ ▏ 3.3 GB/3.3 GB  5.5 MB/s     15s[K[?25h[?2026l[?2026h[?25l[A[1Gpulling manifest [K
pulling aeda25e63ebd:  97% ▕█████████████████ ▏ 3.3 GB/3.3 GB  5.5 MB/s     15s[K[?25h[?2026l[?2026h[?25l[A[1Gpulling manifest [K
pulling aeda25e63ebd:  97% ▕█████████████████ ▏ 3.3 GB/3.3 GB  5.5 MB/s     15s[K[?25h[?2026l[?2026h[?25l[A[1Gpulling manifest [K
pulling aeda25e63ebd:  98% ▕█████████████████ ▏ 3.3 GB/3.3 GB  5.5 MB/s     15s[K[?25h[?2026l[?2026h[?25l[A[1Gpulling manifest [K
pulling aeda25e63ebd:  98% ▕█████████████████ ▏ 3.3 GB/3.3 GB  5.5 MB/s     14s[K[?25h[?2026l[?2026h[?25l[A[1Gpulling manifest [K
pulling aeda25e63ebd:  98% ▕█████████████████ ▏ 3.3 GB/3.3 GB  5.5 MB/s     14s[K[?25h[?2026l[?2026h[?25l[A[1Gpulling manifest [K
pulling aeda25e63ebd:  98% ▕█████████████████ ▏ 3.3 GB/3.3 GB  5.5 MB/s     14s[K[?25h[?2026l[?2026h[?25l[A[1Gpulling manifest [K
pulling aeda25e63ebd:  98% ▕█████████████████ ▏ 3.3 GB/3.3 GB  5.5 MB/s     14s[K[?25h[?2026l[?2026h[?25l[A[1Gpulling manifest [K
pulling aeda25e63ebd:  98% ▕█████████████████ ▏ 3.3 GB/3.3 GB  5.5 MB/s     14s[K[?25h[?2026l[?2026h[?25l[A[1Gpulling manifest [K
pulling aeda25e63ebd:  98% ▕█████████████████ ▏ 3.3 GB/3.3 GB  5.4 MB/s     14s[K[?25h[?2026l[?2026h[?25l[A[1Gpulling manifest [K
pulling aeda25e63ebd:  98% ▕█████████████████ ▏ 3.3 GB/3.3 GB  5.4 MB/s     14s[K[?25h[?2026l[?2026h[?25l[A[1Gpulling manifest [K
pulling aeda25e63ebd:  98% ▕█████████████████ ▏ 3.3 GB/3.3 GB  5.4 MB/s     14s[K[?25h[?2026l[?2026h[?25l[A[1Gpulling manifest [K
pulling aeda25e63ebd:  98% ▕█████████████████ ▏ 3.3 GB/3.3 GB  5.4 MB/s     14s[K[?25h[?2026l[?2026h[?25l[A[1Gpulling manifest [K
pulling aeda25e63ebd:  98% ▕█████████████████ ▏ 3.3 GB/3.3 GB  5.4 MB/s     14s[K[?25h[?2026l[?2026h[?25l[A[1Gpulling manifest [K
pulling aeda25e63ebd:  98% ▕█████████████████ ▏ 3.3 GB/3.3 GB  5.4 MB/s     14s[K[?25h[?2026l[?2026h[?25l[A[1Gpulling manifest [K
pulling aeda25e63ebd:  98% ▕█████████████████ ▏ 3.3 GB/3.3 GB  5.4 MB/s     14s[K[?25h[?2026l[?2026h[?25l[A[1Gpulling manifest [K
pulling aeda25e63ebd:  98% ▕█████████████████ ▏ 3.3 GB/3.3 GB  5.4 MB/s     14s[K[?25h[?2026l[?2026h[?25l[A[1Gpulling manifest [K
pulling aeda25e63ebd:  98% ▕█████████████████ ▏ 3.3 GB/3.3 GB  5.4 MB/s     14s[K[?25h[?2026l[?2026h[?25l[A[1Gpulling manifest [K
pulling aeda25e63ebd:  98% ▕█████████████████ ▏ 3.3 GB/3.3 GB  5.4 MB/s     14s[K[?25h[?2026l[?2026h[?25l[A[1Gpulling manifest [K
pulling aeda25e63ebd:  98% ▕█████████████████ ▏ 3.3 GB/3.3 GB  5.4 MB/s     14s[K[?25h[?2026l[?2026h[?25l[A[1Gpulling manifest [K
pulling aeda25e63ebd:  98% ▕█████████████████ ▏ 3.3 GB/3.3 GB  5.4 MB/s     13s[K[?25h[?2026l[?2026h[?25l[A[1Gpulling manifest [K
pulling aeda25e63ebd:  98% ▕█████████████████ ▏ 3.3 GB/3.3 GB  5.4 MB/s     13s[K[?25h[?2026l[?2026h[?25l[A[1Gpulling manifest [K
pulling aeda25e63ebd:  98% ▕█████████████████ ▏ 3.3 GB/3.3 GB  5.4 MB/s     13s[K[?25h[?2026l[?2026h[?25l[A[1Gpulling manifest [K
pulling aeda25e63ebd:  98% ▕█████████████████ ▏ 3.3 GB/3.3 GB  5.4 MB/s     13s[K[?25h[?2026l[?2026h[?25l[A[1Gpulling manifest [K
pulling aeda25e63ebd:  98% ▕█████████████████ ▏ 3.3 GB/3.3 GB  5.4 MB/s     13s[K[?25h[?2026l[?2026h[?25l[A[1Gpulling manifest [K
pulling aeda25e63ebd:  98% ▕█████████████████ ▏ 3.3 GB/3.3 GB  5.4 MB/s     13s[K[?25h[?2026l[?2026h[?25l[A[1Gpulling manifest [K
pulling aeda25e63ebd:  98% ▕█████████████████ ▏ 3.3 GB/3.3 GB  5.4 MB/s     13s[K[?25h[?2026l[?2026h[?25l[A[1Gpulling manifest [K
pulling aeda25e63ebd:  98% ▕█████████████████ ▏ 3.3 GB/3.3 GB  5.4 MB/s     13s[K[?25h[?2026l[?2026h[?25l[A[1Gpulling manifest [K
pulling aeda25e63ebd:  98% ▕█████████████████ ▏ 3.3 GB/3.3 GB  5.4 MB/s     13s[K[?25h[?2026l[?2026h[?25l[A[1Gpulling manifest [K
pulling aeda25e63ebd:  98% ▕█████████████████ ▏ 3.3 GB/3.3 GB  5.4 MB/s     13s[K[?25h[?2026l[?2026h[?25l[A[1Gpulling manifest [K
pulling aeda25e63ebd:  98% ▕█████████████████ ▏ 3.3 GB/3.3 GB  5.4 MB/s     12s[K[?25h[?2026l[?2026h[?25l[A[1Gpulling manifest [K
pulling aeda25e63ebd:  98% ▕█████████████████ ▏ 3.3 GB/3.3 GB  5.4 MB/s     12s[K[?25h[?2026l[?2026h[?25l[A[1Gpulling manifest [K
pulling aeda25e63ebd:  98% ▕█████████████████ ▏ 3.3 GB/3.3 GB  5.4 MB/s     12s[K[?25h[?2026l[?2026h[?25l[A[1Gpulling manifest [K
pulling aeda25e63ebd:  98% ▕█████████████████ ▏ 3.3 GB/3.3 GB  5.4 MB/s     12s[K[?25h[?2026l[?2026h[?25l[A[1Gpulling manifest [K
pulling aeda25e63ebd:  98% ▕█████████████████ ▏ 3.3 GB/3.3 GB  5.4 MB/s     12s[K[?25h[?2026l[?2026h[?25l[A[1Gpulling manifest [K
pulling aeda25e63ebd:  98% ▕█████████████████ ▏ 3.3 GB/3.3 GB  5.4 MB/s     12s[K[?25h[?2026l[?2026h[?25l[A[1Gpulling manifest [K
pulling aeda25e63ebd:  98% ▕█████████████████ ▏ 3.3 GB/3.3 GB  5.4 MB/s     12s[K[?25h[?2026l[?2026h[?25l[A[1Gpulling manifest [K
pulling aeda25e63ebd:  98% ▕█████████████████ ▏ 3.3 GB/3.3 GB  5.4 MB/s     12s[K[?25h[?2026l[?2026h[?25l[A[1Gpulling manifest [K
pulling aeda25e63ebd:  98% ▕█████████████████ ▏ 3.3 GB/3.3 GB  5.4 MB/s     12s[K[?25h[?2026l[?2026h[?25l[A[1Gpulling manifest [K
pulling aeda25e63ebd:  98% ▕█████████████████ ▏ 3.3 GB/3.3 GB  5.4 MB/s     11s[K[?25h[?2026l[?2026h[?25l[A[1Gpulling manifest [K
pulling aeda25e63ebd:  98% ▕█████████████████ ▏ 3.3 GB/3.3 GB  5.4 MB/s     11s[K[?25h[?2026l[?2026h[?25l[A[1Gpulling manifest [K
pulling aeda25e63ebd:  98% ▕█████████████████ ▏ 3.3 GB/3.3 GB  5.4 MB/s     11s[K[?25h[?2026l[?2026h[?25l[A[1Gpulling manifest [K
pulling aeda25e63ebd:  98% ▕█████████████████ ▏ 3.3 GB/3.3 GB  5.4 MB/s     11s[K[?25h[?2026l[?2026h[?25l[A[1Gpulling manifest [K
pulling aeda25e63ebd:  98% ▕█████████████████ ▏ 3.3 GB/3.3 GB  5.4 MB/s     11s[K[?25h[?2026l[?2026h[?25l[A[1Gpulling manifest [K
pulling aeda25e63ebd:  98% ▕█████████████████ ▏ 3.3 GB/3.3 GB  5.4 MB/s     11s[K[?25h[?2026l[?2026h[?25l[A[1Gpulling manifest [K
pulling aeda25e63ebd:  98% ▕█████████████████ ▏ 3.3 GB/3.3 GB  5.4 MB/s     11s[K[?25h[?2026l[?2026h[?25l[A[1Gpulling manifest [K
pulling aeda25e63ebd:  98% ▕█████████████████ ▏ 3.3 GB/3.3 GB  5.4 MB/s     11s[K[?25h[?2026l[?2026h[?25l[A[1Gpulling manifest [K
pulling aeda25e63ebd:  98% ▕█████████████████ ▏ 3.3 GB/3.3 GB  5.4 MB/s     11s[K[?25h[?2026l[?2026h[?25l[A[1Gpulling manifest [K
pulling aeda25e63ebd:  98% ▕█████████████████ ▏ 3.3 GB/3.3 GB  5.4 MB/s     10s[K[?25h[?2026l[?2026h[?25l[A[1Gpulling manifest [K
pulling aeda25e63ebd:  98% ▕█████████████████ ▏ 3.3 GB/3.3 GB  5.4 MB/s     10s[K[?25h[?2026l[?2026h[?25l[A[1Gpulling manifest [K
pulling aeda25e63ebd:  98% ▕█████████████████ ▏ 3.3 GB/3.3 GB  5.4 MB/s     10s[K[?25h[?2026l[?2026h[?25l[A[1Gpulling manifest [K
pulling aeda25e63ebd:  98% ▕█████████████████ ▏ 3.3 GB/3.3 GB  5.4 MB/s     10s[K[?25h[?2026l[?2026h[?25l[A[1Gpulling manifest [K
pulling aeda25e63ebd:  98% ▕█████████████████ ▏ 3.3 GB/3.3 GB  5.4 MB/s     10s[K[?25h[?2026l[?2026h[?25l[A[1Gpulling manifest [K
pulling aeda25e63ebd:  98% ▕█████████████████ ▏ 3.3 GB/3.3 GB  5.4 MB/s     10s[K[?25h[?2026l[?2026h[?25l[A[1Gpulling manifest [K
pulling aeda25e63ebd:  98% ▕█████████████████ ▏ 3.3 GB/3.3 GB  5.4 MB/s     10s[K[?25h[?2026l[?2026h[?25l[A[1Gpulling manifest [K
pulling aeda25e63ebd:  98% ▕█████████████████ ▏ 3.3 GB/3.3 GB  5.4 MB/s     10s[K[?25h[?2026l[?2026h[?25l[A[1Gpulling manifest [K
pulling aeda25e63ebd:  98% ▕█████████████████ ▏ 3.3 GB/3.3 GB  5.4 MB/s     10s[K[?25h[?2026l[?2026h[?25l[A[1Gpulling manifest [K
pulling aeda25e63ebd:  98% ▕█████████████████ ▏ 3.3 GB/3.3 GB  5.4 MB/s     10s[K[?25h[?2026l[?2026h[?25l[A[1Gpulling manifest [K
pulling aeda25e63ebd:  98% ▕█████████████████ ▏ 3.3 GB/3.3 GB  5.4 MB/s     10s[K[?25h[?2026l[?2026h[?25l[A[1Gpulling manifest [K
pulling aeda25e63ebd:  98% ▕█████████████████ ▏ 3.3 GB/3.3 GB  5.4 MB/s     10s[K[?25h[?2026l[?2026h[?25l[A[1Gpulling manifest [K
pulling aeda25e63ebd:  98% ▕█████████████████ ▏ 3.3 GB/3.3 GB  5.4 MB/s      9s[K[?25h[?2026l[?2026h[?25l[A[1Gpulling manifest [K
pulling aeda25e63ebd:  98% ▕█████████████████ ▏ 3.3 GB/3.3 GB  5.4 MB/s      9s[K[?25h[?2026l[?2026h[?25l[A[1Gpulling manifest [K
pulling aeda25e63ebd:  98% ▕█████████████████ ▏ 3.3 GB/3.3 GB  5.4 MB/s      9s[K[?25h[?2026l[?2026h[?25l[A[1Gpulling manifest [K
pulling aeda25e63ebd:  98% ▕█████████████████ ▏ 3.3 GB/3.3 GB  5.4 MB/s      9s[K[?25h[?2026l[?2026h[?25l[A[1Gpulling manifest [K
pulling aeda25e63ebd:  98% ▕█████████████████ ▏ 3.3 GB/3.3 GB  5.4 MB/s      9s[K[?25h[?2026l[?2026h[?25l[A[1Gpulling manifest [K
pulling aeda25e63ebd:  98% ▕█████████████████ ▏ 3.3 GB/3.3 GB  5.4 MB/s      9s[K[?25h[?2026l[?2026h[?25l[A[1Gpulling manifest [K
pulling aeda25e63ebd:  99% ▕█████████████████ ▏ 3.3 GB/3.3 GB  5.4 MB/s      9s[K[?25h[?2026l[?2026h[?25l[A[1Gpulling manifest [K
pulling aeda25e63ebd:  99% ▕█████████████████ ▏ 3.3 GB/3.3 GB  5.4 MB/s      9s[K[?25h[?2026l[?2026h[?25l[A[1Gpulling manifest [K
pulling aeda25e63ebd:  99% ▕█████████████████ ▏ 3.3 GB/3.3 GB  5.4 MB/s      9s[K[?25h[?2026l[?2026h[?25l[A[1Gpulling manifest [K
pulling aeda25e63ebd:  99% ▕█████████████████ ▏ 3.3 GB/3.3 GB  5.4 MB/s      8s[K[?25h[?2026l[?2026h[?25l[A[1Gpulling manifest [K
pulling aeda25e63ebd:  99% ▕█████████████████ ▏ 3.3 GB/3.3 GB  5.4 MB/s      8s[K[?25h[?2026l[?2026h[?25l[A[1Gpulling manifest [K
pulling aeda25e63ebd:  99% ▕█████████████████ ▏ 3.3 GB/3.3 GB  5.4 MB/s      8s[K[?25h[?2026l[?2026h[?25l[A[1Gpulling manifest [K
pulling aeda25e63ebd:  99% ▕█████████████████ ▏ 3.3 GB/3.3 GB  5.4 MB/s      8s[K[?25h[?2026l[?2026h[?25l[A[1Gpulling manifest [K
pulling aeda25e63ebd:  99% ▕█████████████████ ▏ 3.3 GB/3.3 GB  5.4 MB/s      8s[K[?25h[?2026l[?2026h[?25l[A[1Gpulling manifest [K
pulling aeda25e63ebd:  99% ▕█████████████████ ▏ 3.3 GB/3.3 GB  5.4 MB/s      8s[K[?25h[?2026l[?2026h[?25l[A[1Gpulling manifest [K
pulling aeda25e63ebd:  99% ▕█████████████████ ▏ 3.3 GB/3.3 GB  5.4 MB/s      8s[K[?25h[?2026l[?2026h[?25l[A[1Gpulling manifest [K
pulling aeda25e63ebd:  99% ▕█████████████████ ▏ 3.3 GB/3.3 GB  5.4 MB/s      8s[K[?25h[?2026l[?2026h[?25l[A[1Gpulling manifest [K
pulling aeda25e63ebd:  99% ▕█████████████████ ▏ 3.3 GB/3.3 GB  5.4 MB/s      8s[K[?25h[?2026l[?2026h[?25l[A[1Gpulling manifest [K
pulling aeda25e63ebd:  99% ▕█████████████████ ▏ 3.3 GB/3.3 GB  5.4 MB/s      8s[K[?25h[?2026l[?2026h[?25l[A[1Gpulling manifest [K
pulling aeda25e63ebd:  99% ▕█████████████████ ▏ 3.3 GB/3.3 GB  5.4 MB/s      7s[K[?25h[?2026l[?2026h[?25l[A[1Gpulling manifest [K
pulling aeda25e63ebd:  99% ▕█████████████████ ▏ 3.3 GB/3.3 GB  5.5 MB/s      7s[K[?25h[?2026l[?2026h[?25l[A[1Gpulling manifest [K
pulling aeda25e63ebd:  99% ▕█████████████████ ▏ 3.3 GB/3.3 GB  5.5 MB/s      7s[K[?25h[?2026l[?2026h[?25l[A[1Gpulling manifest [K
pulling aeda25e63ebd:  99% ▕█████████████████ ▏ 3.3 GB/3.3 GB  5.5 MB/s      7s[K[?25h[?2026l[?2026h[?25l[A[1Gpulling manifest [K
pulling aeda25e63ebd:  99% ▕█████████████████ ▏ 3.3 GB/3.3 GB  5.5 MB/s      7s[K[?25h[?2026l[?2026h[?25l[A[1Gpulling manifest [K
pulling aeda25e63ebd:  99% ▕█████████████████ ▏ 3.3 GB/3.3 GB  5.5 MB/s      7s[K[?25h[?2026l[?2026h[?25l[A[1Gpulling manifest [K
pulling aeda25e63ebd:  99% ▕█████████████████ ▏ 3.3 GB/3.3 GB  5.5 MB/s      7s[K[?25h[?2026l[?2026h[?25l[A[1Gpulling manifest [K
pulling aeda25e63ebd:  99% ▕█████████████████ ▏ 3.3 GB/3.3 GB  5.5 MB/s      7s[K[?25h[?2026l[?2026h[?25l[A[1Gpulling manifest [K
pulling aeda25e63ebd:  99% ▕█████████████████ ▏ 3.3 GB/3.3 GB  5.5 MB/s      7s[K[?25h[?2026l[?2026h[?25l[A[1Gpulling manifest [K
pulling aeda25e63ebd:  99% ▕█████████████████ ▏ 3.3 GB/3.3 GB  5.5 MB/s      7s[K[?25h[?2026l[?2026h[?25l[A[1Gpulling manifest [K
pulling aeda25e63ebd:  99% ▕█████████████████ ▏ 3.3 GB/3.3 GB  5.5 MB/s      6s[K[?25h[?2026l[?2026h[?25l[A[1Gpulling manifest [K
pulling aeda25e63ebd:  99% ▕█████████████████ ▏ 3.3 GB/3.3 GB  5.4 MB/s      6s[K[?25h[?2026l[?2026h[?25l[A[1Gpulling manifest [K
pulling aeda25e63ebd:  99% ▕█████████████████ ▏ 3.3 GB/3.3 GB  5.4 MB/s      6s[K[?25h[?2026l[?2026h[?25l[A[1Gpulling manifest [K
pulling aeda25e63ebd:  99% ▕█████████████████ ▏ 3.3 GB/3.3 GB  5.4 MB/s      6s[K[?25h[?2026l[?2026h[?25l[A[1Gpulling manifest [K
pulling aeda25e63ebd:  99% ▕█████████████████ ▏ 3.3 GB/3.3 GB  5.4 MB/s      6s[K[?25h[?2026l[?2026h[?25l[A[1Gpulling manifest [K
pulling aeda25e63ebd:  99% ▕█████████████████ ▏ 3.3 GB/3.3 GB  5.4 MB/s      6s[K[?25h[?2026l[?2026h[?25l[A[1Gpulling manifest [K
pulling aeda25e63ebd:  99% ▕█████████████████ ▏ 3.3 GB/3.3 GB  5.4 MB/s      6s[K[?25h[?2026l[?2026h[?25l[A[1Gpulling manifest [K
pulling aeda25e63ebd:  99% ▕█████████████████ ▏ 3.3 GB/3.3 GB  5.4 MB/s      6s[K[?25h[?2026l[?2026h[?25l[A[1Gpulling manifest [K
pulling aeda25e63ebd:  99% ▕█████████████████ ▏ 3.3 GB/3.3 GB  5.4 MB/s      6s[K[?25h[?2026l[?2026h[?25l[A[1Gpulling manifest [K
pulling aeda25e63ebd:  99% ▕█████████████████ ▏ 3.3 GB/3.3 GB  5.4 MB/s      6s[K[?25h[?2026l[?2026h[?25l[A[1Gpulling manifest [K
pulling aeda25e63ebd:  99% ▕█████████████████ ▏ 3.3 GB/3.3 GB  5.4 MB/s      5s[K[?25h[?2026l[?2026h[?25l[A[1Gpulling manifest [K
pulling aeda25e63ebd:  99% ▕█████████████████ ▏ 3.3 GB/3.3 GB  5.4 MB/s      5s[K[?25h[?2026l[?2026h[?25l[A[1Gpulling manifest [K
pulling aeda25e63ebd:  99% ▕█████████████████ ▏ 3.3 GB/3.3 GB  5.5 MB/s      5s[K[?25h[?2026l[?2026h[?25l[A[1Gpulling manifest [K
pulling aeda25e63ebd:  99% ▕█████████████████ ▏ 3.3 GB/3.3 GB  5.5 MB/s      5s[K[?25h[?2026l[?2026h[?25l[A[1Gpulling manifest [K
pulling aeda25e63ebd:  99% ▕█████████████████ ▏ 3.3 GB/3.3 GB  5.5 MB/s      5s[K[?25h[?2026l[?2026h[?25l[A[1Gpulling manifest [K
pulling aeda25e63ebd:  99% ▕█████████████████ ▏ 3.3 GB/3.3 GB  5.5 MB/s      5s[K[?25h[?2026l[?2026h[?25l[A[1Gpulling manifest [K
pulling aeda25e63ebd:  99% ▕█████████████████ ▏ 3.3 GB/3.3 GB  5.5 MB/s      5s[K[?25h[?2026l[?2026h[?25l[A[1Gpulling manifest [K
pulling aeda25e63ebd:  99% ▕█████████████████ ▏ 3.3 GB/3.3 GB  5.5 MB/s      5s[K[?25h[?2026l[?2026h[?25l[A[1Gpulling manifest [K
pulling aeda25e63ebd:  99% ▕█████████████████ ▏ 3.3 GB/3.3 GB  5.5 MB/s      5s[K[?25h[?2026l[?2026h[?25l[A[1Gpulling manifest [K
pulling aeda25e63ebd:  99% ▕█████████████████ ▏ 3.3 GB/3.3 GB  5.5 MB/s      5s[K[?25h[?2026l[?2026h[?25l[A[1Gpulling manifest [K
pulling aeda25e63ebd:  99% ▕█████████████████ ▏ 3.3 GB/3.3 GB  5.5 MB/s      4s[K[?25h[?2026l[?2026h[?25l[A[1Gpulling manifest [K
pulling aeda25e63ebd:  99% ▕█████████████████ ▏ 3.3 GB/3.3 GB  5.5 MB/s      4s[K[?25h[?2026l[?2026h[?25l[A[1Gpulling manifest [K
pulling aeda25e63ebd:  99% ▕█████████████████ ▏ 3.3 GB/3.3 GB  5.5 MB/s      4s[K[?25h[?2026l[?2026h[?25l[A[1Gpulling manifest [K
pulling aeda25e63ebd:  99% ▕█████████████████ ▏ 3.3 GB/3.3 GB  5.5 MB/s      4s[K[?25h[?2026l[?2026h[?25l[A[1Gpulling manifest [K
pulling aeda25e63ebd:  99% ▕█████████████████ ▏ 3.3 GB/3.3 GB  5.5 MB/s      4s[K[?25h[?2026l[?2026h[?25l[A[1Gpulling manifest [K
pulling aeda25e63ebd:  99% ▕█████████████████ ▏ 3.3 GB/3.3 GB  5.5 MB/s      4s[K[?25h[?2026l[?2026h[?25l[A[1Gpulling manifest [K
pulling aeda25e63ebd:  99% ▕█████████████████ ▏ 3.3 GB/3.3 GB  5.5 MB/s      4s[K[?25h[?2026l[?2026h[?25l[A[1Gpulling manifest [K
pulling aeda25e63ebd:  99% ▕█████████████████ ▏ 3.3 GB/3.3 GB  5.5 MB/s      4s[K[?25h[?2026l[?2026h[?25l[A[1Gpulling manifest [K
pulling aeda25e63ebd:  99% ▕█████████████████ ▏ 3.3 GB/3.3 GB  5.5 MB/s      4s[K[?25h[?2026l[?2026h[?25l[A[1Gpulling manifest [K
pulling aeda25e63ebd:  99% ▕█████████████████ ▏ 3.3 GB/3.3 GB  5.5 MB/s      4s[K[?25h[?2026l[?2026h[?25l[A[1Gpulling manifest [K
pulling aeda25e63ebd:  99% ▕█████████████████ ▏ 3.3 GB/3.3 GB  5.5 MB/s      4s[K[?25h[?2026l[?2026h[?25l[A[1Gpulling manifest [K
pulling aeda25e63ebd:  99% ▕█████████████████ ▏ 3.3 GB/3.3 GB  5.5 MB/s      3s[K[?25h[?2026l[?2026h[?25l[A[1Gpulling manifest [K
pulling aeda25e63ebd:  99% ▕█████████████████ ▏ 3.3 GB/3.3 GB  5.4 MB/s      3s[K[?25h[?2026l[?2026h[?25l[A[1Gpulling manifest [K
pulling aeda25e63ebd:  99% ▕█████████████████ ▏ 3.3 GB/3.3 GB  5.4 MB/s      3s[K[?25h[?2026l[?2026h[?25l[A[1Gpulling manifest [K
pulling aeda25e63ebd:  99% ▕█████████████████ ▏ 3.3 GB/3.3 GB  5.4 MB/s      3s[K[?25h[?2026l[?2026h[?25l[A[1Gpulling manifest [K
pulling aeda25e63ebd:  99% ▕█████████████████ ▏ 3.3 GB/3.3 GB  5.4 MB/s      3s[K[?25h[?2026l[?2026h[?25l[A[1Gpulling manifest [K
pulling aeda25e63ebd:  99% ▕█████████████████ ▏ 3.3 GB/3.3 GB  5.4 MB/s      3s[K[?25h[?2026l[?2026h[?25l[A[1Gpulling manifest [K
pulling aeda25e63ebd:  99% ▕█████████████████ ▏ 3.3 GB/3.3 GB  5.4 MB/s      3s[K[?25h[?2026l[?2026h[?25l[A[1Gpulling manifest [K
pulling aeda25e63ebd:  99% ▕█████████████████ ▏ 3.3 GB/3.3 GB  5.4 MB/s      3s[K[?25h[?2026l[?2026h[?25l[A[1Gpulling manifest [K
pulling aeda25e63ebd:  99% ▕█████████████████ ▏ 3.3 GB/3.3 GB  5.4 MB/s      3s[K[?25h[?2026l[?2026h[?25l[A[1Gpulling manifest [K
pulling aeda25e63ebd:  99% ▕█████████████████ ▏ 3.3 GB/3.3 GB  5.4 MB/s      3s[K[?25h[?2026l[?2026h[?25l[A[1Gpulling manifest [K
pulling aeda25e63ebd:  99% ▕█████████████████ ▏ 3.3 GB/3.3 GB  5.4 MB/s      3s[K[?25h[?2026l[?2026h[?25l[A[1Gpulling manifest [K
pulling aeda25e63ebd:  99% ▕█████████████████ ▏ 3.3 GB/3.3 GB  5.3 MB/s      3s[K[?25h[?2026l[?2026h[?25l[A[1Gpulling manifest [K
pulling aeda25e63ebd: 100% ▕█████████████████ ▏ 3.3 GB/3.3 GB  5.3 MB/s      3s[K[?25h[?2026l[?2026h[?25l[A[1Gpulling manifest [K
pulling aeda25e63ebd: 100% ▕█████████████████ ▏ 3.3 GB/3.3 GB  5.3 MB/s      3s[K[?25h[?2026l[?2026h[?25l[A[1Gpulling manifest [K
pulling aeda25e63ebd: 100% ▕█████████████████ ▏ 3.3 GB/3.3 GB  5.3 MB/s      2s[K[?25h[?2026l[?2026h[?25l[A[1Gpulling manifest [K
pulling aeda25e63ebd: 100% ▕█████████████████ ▏ 3.3 GB/3.3 GB  5.3 MB/s      2s[K[?25h[?2026l[?2026h[?25l[A[1Gpulling manifest [K
pulling aeda25e63ebd: 100% ▕█████████████████ ▏ 3.3 GB/3.3 GB  5.3 MB/s      2s[K[?25h[?2026l[?2026h[?25l[A[1Gpulling manifest [K
pulling aeda25e63ebd: 100% ▕█████████████████ ▏ 3.3 GB/3.3 GB  5.3 MB/s      2s[K[?25h[?2026l[?2026h[?25l[A[1Gpulling manifest [K
pulling aeda25e63ebd: 100% ▕█████████████████ ▏ 3.3 GB/3.3 GB  5.3 MB/s      2s[K[?25h[?2026l[?2026h[?25l[A[1Gpulling manifest [K
pulling aeda25e63ebd: 100% ▕█████████████████ ▏ 3.3 GB/3.3 GB  5.3 MB/s      2s[K[?25h[?2026l[?2026h[?25l[A[1Gpulling manifest [K
pulling aeda25e63ebd: 100% ▕█████████████████ ▏ 3.3 GB/3.3 GB  5.3 MB/s      2s[K[?25h[?2026l[?2026h[?25l[A[1Gpulling manifest [K
pulling aeda25e63ebd: 100% ▕█████████████████ ▏ 3.3 GB/3.3 GB  5.2 MB/s      2s[K[?25h[?2026l[?2026h[?25l[A[1Gpulling manifest [K
pulling aeda25e63ebd: 100% ▕█████████████████ ▏ 3.3 GB/3.3 GB  5.2 MB/s      2s[K[?25h[?2026l[?2026h[?25l[A[1Gpulling manifest [K
pulling aeda25e63ebd: 100% ▕█████████████████ ▏ 3.3 GB/3.3 GB  5.2 MB/s      2s[K[?25h[?2026l[?2026h[?25l[A[1Gpulling manifest [K
pulling aeda25e63ebd: 100% ▕█████████████████ ▏ 3.3 GB/3.3 GB  5.2 MB/s      2s[K[?25h[?2026l[?2026h[?25l[A[1Gpulling manifest [K
pulling aeda25e63ebd: 100% ▕█████████████████ ▏ 3.3 GB/3.3 GB  5.2 MB/s      2s[K[?25h[?2026l[?2026h[?25l[A[1Gpulling manifest [K
pulling aeda25e63ebd: 100% ▕█████████████████ ▏ 3.3 GB/3.3 GB  5.2 MB/s      2s[K[?25h[?2026l[?2026h[?25l[A[1Gpulling manifest [K
pulling aeda25e63ebd: 100% ▕█████████████████ ▏ 3.3 GB/3.3 GB  5.2 MB/s      2s[K[?25h[?2026l[?2026h[?25l[A[1Gpulling manifest [K
pulling aeda25e63ebd: 100% ▕█████████████████ ▏ 3.3 GB/3.3 GB  5.2 MB/s      1s[K[?25h[?2026l[?2026h[?25l[A[1Gpulling manifest [K
pulling aeda25e63ebd: 100% ▕█████████████████ ▏ 3.3 GB/3.3 GB  5.2 MB/s      1s[K[?25h[?2026l[?2026h[?25l[A[1Gpulling manifest [K
pulling aeda25e63ebd: 100% ▕█████████████████ ▏ 3.3 GB/3.3 GB  5.2 MB/s      1s[K[?25h[?2026l[?2026h[?25l[A[1Gpulling manifest [K
pulling aeda25e63ebd: 100% ▕█████████████████ ▏ 3.3 GB/3.3 GB  5.2 MB/s      1s[K[?25h[?2026l[?2026h[?25l[A[1Gpulling manifest [K
pulling aeda25e63ebd: 100% ▕█████████████████ ▏ 3.3 GB/3.3 GB  5.0 MB/s      1s[K[?25h[?2026l[?2026h[?25l[A[1Gpulling manifest [K
pulling aeda25e63ebd: 100% ▕█████████████████ ▏ 3.3 GB/3.3 GB  5.0 MB/s      1s[K[?25h[?2026l[?2026h[?25l[A[1Gpulling manifest [K
pulling aeda25e63ebd: 100% ▕█████████████████ ▏ 3.3 GB/3.3 GB  5.0 MB/s      1s[K[?25h[?2026l[?2026h[?25l[A[1Gpulling manifest [K
pulling aeda25e63ebd: 100% ▕█████████████████ ▏ 3.3 GB/3.3 GB  5.0 MB/s      1s[K[?25h[?2026l[?2026h[?25l[A[1Gpulling manifest [K
pulling aeda25e63ebd: 100% ▕█████████████████ ▏ 3.3 GB/3.3 GB  5.0 MB/s      1s[K[?25h[?2026l[?2026h[?25l[A[1Gpulling manifest [K
pulling aeda25e63ebd: 100% ▕█████████████████ ▏ 3.3 GB/3.3 GB  5.0 MB/s      1s[K[?25h[?2026l[?2026h[?25l[A[1Gpulling manifest [K
pulling aeda25e63ebd: 100% ▕█████████████████ ▏ 3.3 GB/3.3 GB  5.0 MB/s      1s[K[?25h[?2026l[?2026h[?25l[A[1Gpulling manifest [K
pulling aeda25e63ebd: 100% ▕█████████████████ ▏ 3.3 GB/3.3 GB  5.0 MB/s      0s[K[?25h[?2026l[?2026h[?25l[A[1Gpulling manifest [K
pulling aeda25e63ebd: 100% ▕█████████████████ ▏ 3.3 GB/3.3 GB  5.0 MB/s      0s[K[?25h[?2026l[?2026h[?25l[A[1Gpulling manifest [K
pulling aeda25e63ebd: 100% ▕█████████████████ ▏ 3.3 GB/3.3 GB  5.0 MB/s      0s[K[?25h[?2026l[?2026h[?25l[A[1Gpulling manifest [K
pulling aeda25e63ebd: 100% ▕█████████████████ ▏ 3.3 GB/3.3 GB  4.9 MB/s      0s[K[?25h[?2026l[?2026h[?25l[A[1Gpulling manifest [K
pulling aeda25e63ebd: 100% ▕█████████████████ ▏ 3.3 GB/3.3 GB  4.9 MB/s      0s[K[?25h[?2026l[?2026h[?25l[A[1Gpulling manifest [K
pulling aeda25e63ebd: 100% ▕█████████████████ ▏ 3.3 GB/3.3 GB  4.9 MB/s      0s[K[?25h[?2026l[?2026h[?25l[A[1Gpulling manifest [K
pulling aeda25e63ebd: 100% ▕█████████████████ ▏ 3.3 GB/3.3 GB  4.9 MB/s      0s[K[?25h[?2026l[?2026h[?25l[A[1Gpulling manifest [K
pulling aeda25e63ebd: 100% ▕█████████████████ ▏ 3.3 GB/3.3 GB  4.9 MB/s      0s[K[?25h[?2026l[?2026h[?25l[A[1Gpulling manifest [K
pulling aeda25e63ebd: 100% ▕█████████████████ ▏ 3.3 GB/3.3 GB  4.9 MB/s      0s[K[?25h[?2026l[?2026h[?25l[A[1Gpulling manifest [K
pulling aeda25e63ebd: 100% ▕█████████████████ ▏ 3.3 GB/3.3 GB  4.9 MB/s      0s[K[?25h[?2026l[?2026h[?25l[A[1Gpulling manifest [K
pulling aeda25e63ebd: 100% ▕█████████████████ ▏ 3.3 GB/3.3 GB  4.9 MB/s      0s[K[?25h[?2026l[?2026h[?25l[A[1Gpulling manifest [K
pulling aeda25e63ebd: 100% ▕█████████████████ ▏ 3.3 GB/3.3 GB  4.9 MB/s      0s[K[?25h[?2026l[?2026h[?25l[A[1Gpulling manifest [K
pulling aeda25e63ebd: 100% ▕█████████████████ ▏ 3.3 GB/3.3 GB  4.9 MB/s      0s[K[?25h[?2026l[?2026h[?25l[A[1Gpulling manifest [K
pulling aeda25e63ebd: 100% ▕█████████████████ ▏ 3.3 GB/3.3 GB  4.6 MB/s      0s[K[?25h[?2026l[?2026h[?25l[A[1Gpulling manifest [K
pulling aeda25e63ebd: 100% ▕█████████████████ ▏ 3.3 GB/3.3 GB  4.6 MB/s      0s[K[?25h[?2026l[?2026h[?25l[A[1Gpulling manifest [K
pulling aeda25e63ebd: 100% ▕█████████████████ ▏ 3.3 GB/3.3 GB  4.6 MB/s      0s[K[?25h[?2026l[?2026h[?25l[A[1Gpulling manifest [K
pulling aeda25e63ebd: 100% ▕█████████████████ ▏ 3.3 GB/3.3 GB  4.6 MB/s      0s[K[?25h[?2026l[?2026h[?25l[A[1Gpulling manifest [K
pulling aeda25e63ebd: 100% ▕█████████████████ ▏ 3.3 GB/3.3 GB  4.6 MB/s      0s[K[?25h[?2026l[?2026h[?25l[A[1Gpulling manifest [K
pulling aeda25e63ebd: 100% ▕█████████████████ ▏ 3.3 GB/3.3 GB  4.6 MB/s      0s[K[?25h[?2026l[?2026h[?25l[A[1Gpulling manifest [K
pulling aeda25e63ebd: 100% ▕██████████████████▏ 3.3 GB                         [K[?25h[?2026l[?2026h[?25l[A[1Gpulling manifest [K
pulling aeda25e63ebd: 100% ▕██████████████████▏ 3.3 GB                         [K[?25h[?2026l[?2026h[?25l[A[1Gpulling manifest [K
pulling aeda25e63ebd: 100% ▕██████████████████▏ 3.3 GB                         [K[?25h[?2026l[?2026h[?25l[A[1Gpulling manifest [K
pulling aeda25e63ebd: 100% ▕██████████████████▏ 3.3 GB                         [K[?25h[?2026l[?2026h[?25l[A[1Gpulling manifest [K
pulling aeda25e63ebd: 100% ▕██████████████████▏ 3.3 GB                         [K[?25h[?2026l[?2026h[?25l[A[1Gpulling manifest [K
pulling aeda25e63ebd: 100% ▕██████████████████▏ 3.3 GB                         [K[?25h[?2026l[?2026h[?25l[A[1Gpulling manifest [K
pulling aeda25e63ebd: 100% ▕██████████████████▏ 3.3 GB                         [K[?25h[?2026l[?2026h[?25l[A[1Gpulling manifest [K
pulling aeda25e63ebd: 100% ▕██████████████████▏ 3.3 GB                         [K[?25h[?2026l[?2026h[?25l[A[1Gpulling manifest [K
pulling aeda25e63ebd: 100% ▕██████████████████▏ 3.3 GB                         [K[?25h[?2026l[?2026h[?25l[A[1Gpulling manifest [K
pulling aeda25e63ebd: 100% ▕██████████████████▏ 3.3 GB                         [K[?25h[?2026l[?2026h[?25l[A[1Gpulling manifest [K
pulling aeda25e63ebd: 100% ▕██████████████████▏ 3.3 GB                         [K[?25h[?2026l[?2026h[?25l[A[1Gpulling manifest [K
pulling aeda25e63ebd: 100% ▕██████████████████▏ 3.3 GB                         [K[?25h[?2026l[?2026h[?25l[A[1Gpulling manifest [K
pulling aeda25e63ebd: 100% ▕██████████████████▏ 3.3 GB                         [K[?25h[?2026l[?2026h[?25l[A[1Gpulling manifest [K
pulling aeda25e63ebd: 100% ▕██████████████████▏ 3.3 GB                         [K[?25h[?2026l[?2026h[?25l[A[1Gpulling manifest [K
pulling aeda25e63ebd: 100% ▕██████████████████▏ 3.3 GB                         [K[?25h[?2026l[?2026h[?25l[A[1Gpulling manifest [K
pulling aeda25e63ebd: 100% ▕██████████████████▏ 3.3 GB                         [K[?25h[?2026l[?2026h[?25l[A[1Gpulling manifest [K
pulling aeda25e63ebd: 100% ▕██████████████████▏ 3.3 GB                         [K[?25h[?2026l[?2026h[?25l[A[1Gpulling manifest [K
pulling aeda25e63ebd: 100% ▕██████████████████▏ 3.3 GB                         [K[?25h[?2026l[?2026h[?25l[A[1Gpulling manifest [K
pulling aeda25e63ebd: 100% ▕██████████████████▏ 3.3 GB                         [K[?25h[?2026l[?2026h[?25l[A[1Gpulling manifest [K
pulling aeda25e63ebd: 100% ▕██████████████████▏ 3.3 GB                         [K[?25h[?2026l[?2026h[?25l[A[1Gpulling manifest [K
pulling aeda25e63ebd: 100% ▕██████████████████▏ 3.3 GB                         [K[?25h[?2026l[?2026h[?25l[A[1Gpulling manifest [K
pulling aeda25e63ebd: 100% ▕██████████████████▏ 3.3 GB                         [K[?25h[?2026l[?2026h[?25l[A[1Gpulling manifest [K
pulling aeda25e63ebd: 100% ▕██████████████████▏ 3.3 GB                         [K[?25h[?2026l[?2026h[?25l[A[1Gpulling manifest [K
pulling aeda25e63ebd: 100% ▕██████████████████▏ 3.3 GB                         [K[?25h[?2026l[?2026h[?25l[A[1Gpulling manifest [K
pulling aeda25e63ebd: 100% ▕██████████████████▏ 3.3 GB                         [K[?25h[?2026l[?2026h[?25l[A[1Gpulling manifest [K
pulling aeda25e63ebd: 100% ▕██████████████████▏ 3.3 GB                         [K[?25h[?2026l[?2026h[?25l[A[1Gpulling manifest [K
pulling aeda25e63ebd: 100% ▕██████████████████▏ 3.3 GB                         [K[?25h[?2026l[?2026h[?25l[A[1Gpulling manifest [K
pulling aeda25e63ebd: 100% ▕██████████████████▏ 3.3 GB                         [K[?25h[?2026l[?2026h[?25l[A[1Gpulling manifest [K
pulling aeda25e63ebd: 100% ▕██████████████████▏ 3.3 GB                         [K[?25h[?2026l[?2026h[?25l[A[1Gpulling manifest [K
pulling aeda25e63ebd: 100% ▕██████████████████▏ 3.3 GB                         [K[?25h[?2026l[?2026h[?25l[A[1Gpulling manifest [K
pulling aeda25e63ebd: 100% ▕██████████████████▏ 3.3 GB                         [K[?25h[?2026l[?2026h[?25l[A[1Gpulling manifest [K
pulling aeda25e63ebd: 100% ▕██████████████████▏ 3.3 GB                         [K[?25h[?2026l[?2026h[?25l[A[1Gpulling manifest [K
pulling aeda25e63ebd: 100% ▕██████████████████▏ 3.3 GB                         [K
pulling 3116c5225075: 100% ▕██████████████████▏   77 B                         [K[?25h[?2026l[?2026h[?25l[A[A[1Gpulling manifest [K
pulling aeda25e63ebd: 100% ▕██████████████████▏ 3.3 GB                         [K
pulling 3116c5225075: 100% ▕██████████████████▏   77 B                         [K[?25h[?2026l[?2026h[?25l[A[A[1Gpulling manifest [K
pulling aeda25e63ebd: 100% ▕██████████████████▏ 3.3 GB                         [K
pulling 3116c5225075: 100% ▕██████████████████▏   77 B                         [K[?25h[?2026l[?2026h[?25l[A[A[1Gpulling manifest [K
pulling aeda25e63ebd: 100% ▕██████████████████▏ 3.3 GB                         [K
pulling 3116c5225075: 100% ▕██████████████████▏   77 B                         [K[?25h[?2026l[?2026h[?25l[A[A[1Gpulling manifest [K
pulling aeda25e63ebd: 100% ▕██████████████████▏ 3.3 GB                         [K
pulling 3116c5225075: 100% ▕██████████████████▏   77 B                         [K[?25h[?2026l[?2026h[?25l[A[A[1Gpulling manifest [K
pulling aeda25e63ebd: 100% ▕██████████████████▏ 3.3 GB                         [K
pulling 3116c5225075: 100% ▕██████████████████▏   77 B                         [K[?25h[?2026l[?2026h[?25l[A[A[1Gpulling manifest [K
pulling aeda25e63ebd: 100% ▕██████████████████▏ 3.3 GB                         [K
pulling 3116c5225075: 100% ▕██████████████████▏   77 B                         [K[?25h[?2026l[?2026h[?25l[A[A[1Gpulling manifest [K
pulling aeda25e63ebd: 100% ▕██████████████████▏ 3.3 GB                         [K
pulling 3116c5225075: 100% ▕██████████████████▏   77 B                         [K
verifying sha256 digest ⠋ [K[?25h[?2026l[?2026h[?25l[A[A[A[1Gpulling manifest [K
pulling aeda25e63ebd: 100% ▕██████████████████▏ 3.3 GB                         [K
pulling 3116c5225075: 100% ▕██████████████████▏   77 B                         [K
verifying sha256 digest ⠙ [K[?25h[?2026l[?2026h[?25l[A[A[A[1Gpulling manifest [K
pulling aeda25e63ebd: 100% ▕██████████████████▏ 3.3 GB                         [K
pulling 3116c5225075: 100% ▕██████████████████▏   77 B                         [K
verifying sha256 digest ⠹ [K[?25h[?2026l[?2026h[?25l[A[A[A[1Gpulling manifest [K
pulling aeda25e63ebd: 100% ▕██████████████████▏ 3.3 GB                         [K
pulling 3116c5225075: 100% ▕██████████████████▏   77 B                         [K
verifying sha256 digest ⠸ [K[?25h[?2026l[?2026h[?25l[A[A[A[1Gpulling manifest [K
pulling aeda25e63ebd: 100% ▕██████████████████▏ 3.3 GB                         [K
pulling 3116c5225075: 100% ▕██████████████████▏   77 B                         [K
verifying sha256 digest ⠼ [K[?25h[?2026l[?2026h[?25l[A[A[A[1Gpulling manifest [K
pulling aeda25e63ebd: 100% ▕██████████████████▏ 3.3 GB                         [K
pulling 3116c5225075: 100% ▕██████████████████▏   77 B                         [K
verifying sha256 digest ⠴ [K[?25h[?2026l[?2026h[?25l[A[A[A[1Gpulling manifest [K
pulling aeda25e63ebd: 100% ▕██████████████████▏ 3.3 GB                         [K
pulling 3116c5225075: 100% ▕██████████████████▏   77 B                         [K
verifying sha256 digest ⠦ [K[?25h[?2026l[?2026h[?25l[A[A[A[1Gpulling manifest [K
pulling aeda25e63ebd: 100% ▕██████████████████▏ 3.3 GB                         [K
pulling 3116c5225075: 100% ▕██████████████████▏   77 B                         [K
verifying sha256 digest ⠧ [K[?25h[?2026l[?2026h[?25l[A[A[A[1Gpulling manifest [K
pulling aeda25e63ebd: 100% ▕██████████████████▏ 3.3 GB                         [K
pulling 3116c5225075: 100% ▕██████████████████▏   77 B                         [K
verifying sha256 digest ⠇ [K[?25h[?2026l[?2026h[?25l[A[A[A[1Gpulling manifest [K
pulling aeda25e63ebd: 100% ▕██████████████████▏ 3.3 GB                         [K
pulling 3116c5225075: 100% ▕██████████████████▏   77 B                         [K
verifying sha256 digest ⠏ [K[?25h[?2026l[?2026h[?25l[A[A[A[1Gpulling manifest [K
pulling aeda25e63ebd: 100% ▕██████████████████▏ 3.3 GB                         [K
pulling 3116c5225075: 100% ▕██████████████████▏   77 B                         [K
verifying sha256 digest ⠋ [K[?25h[?2026l[?2026h[?25l[A[A[A[1Gpulling manifest [K
pulling aeda25e63ebd: 100% ▕██████████████████▏ 3.3 GB                         [K
pulling 3116c5225075: 100% ▕██████████████████▏   77 B                         [K
verifying sha256 digest ⠙ [K[?25h[?2026l[?2026h[?25l[A[A[A[1Gpulling manifest [K
pulling aeda25e63ebd: 100% ▕██████████████████▏ 3.3 GB                         [K
pulling 3116c5225075: 100% ▕██████████████████▏   77 B                         [K
verifying sha256 digest ⠹ [K[?25h[?2026l[?2026h[?25l[A[A[A[1Gpulling manifest [K
pulling aeda25e63ebd: 100% ▕██████████████████▏ 3.3 GB                         [K
pulling 3116c5225075: 100% ▕██████████████████▏   77 B                         [K
verifying sha256 digest ⠸ [K[?25h[?2026l[?2026h[?25l[A[A[A[1Gpulling manifest [K
pulling aeda25e63ebd: 100% ▕██████████████████▏ 3.3 GB                         [K
pulling 3116c5225075: 100% ▕██████████████████▏   77 B                         [K
verifying sha256 digest ⠼ [K[?25h[?2026l[?2026h[?25l[A[A[A[1Gpulling manifest [K
pulling aeda25e63ebd: 100% ▕██████████████████▏ 3.3 GB                         [K
pulling 3116c5225075: 100% ▕██████████████████▏   77 B                         [K
verifying sha256 digest ⠴ [K[?25h[?2026l[?2026h[?25l[A[A[A[1Gpulling manifest [K
pulling aeda25e63ebd: 100% ▕██████████████████▏ 3.3 GB                         [K
pulling 3116c5225075: 100% ▕██████████████████▏   77 B                         [K
verifying sha256 digest ⠦ [K[?25h[?2026l[?2026h[?25l[A[A[A[1Gpulling manifest [K
pulling aeda25e63ebd: 100% ▕██████████████████▏ 3.3 GB                         [K
pulling 3116c5225075: 100% ▕██████████████████▏   77 B                         [K
verifying sha256 digest ⠧ [K[?25h[?2026l[?2026h[?25l[A[A[A[1Gpulling manifest [K
pulling aeda25e63ebd: 100% ▕██████████████████▏ 3.3 GB                         [K
pulling 3116c5225075: 100% ▕██████████████████▏   77 B                         [K
verifying sha256 digest ⠇ [K[?25h[?2026l[?2026h[?25l[A[A[A[1Gpulling manifest [K
pulling aeda25e63ebd: 100% ▕██████████████████▏ 3.3 GB                         [K
pulling 3116c5225075: 100% ▕██████████████████▏   77 B                         [K
verifying sha256 digest ⠏ [K[?25h[?2026l[?2026h[?25l[A[A[A[1Gpulling manifest [K
pulling aeda25e63ebd: 100% ▕██████████████████▏ 3.3 GB                         [K
pulling 3116c5225075: 100% ▕██████████████████▏   77 B                         [K
verifying sha256 digest ⠋ [K[?25h[?2026l[?2026h[?25l[A[A[A[1Gpulling manifest [K
pulling aeda25e63ebd: 100% ▕██████████████████▏ 3.3 GB                         [K
pulling 3116c5225075: 100% ▕██████████████████▏   77 B                         [K
verifying sha256 digest ⠙ [K[?25h[?2026l[?2026h[?25l[A[A[A[1Gpulling manifest [K
pulling aeda25e63ebd: 100% ▕██████████████████▏ 3.3 GB                         [K
pulling 3116c5225075: 100% ▕██████████████████▏   77 B                         [K
verifying sha256 digest ⠹ [K[?25h[?2026l[?2026h[?25l[A[A[A[1Gpulling manifest [K
pulling aeda25e63ebd: 100% ▕██████████████████▏ 3.3 GB                         [K
pulling 3116c5225075: 100% ▕██████████████████▏   77 B                         [K
verifying sha256 digest ⠸ [K[?25h[?2026l[?2026h[?25l[A[A[A[1Gpulling manifest [K
pulling aeda25e63ebd: 100% ▕██████████████████▏ 3.3 GB                         [K
pulling 3116c5225075: 100% ▕██████████████████▏   77 B                         [K
verifying sha256 digest ⠼ [K[?25h[?2026l[?2026h[?25l[A[A[A[1Gpulling manifest [K
pulling aeda25e63ebd: 100% ▕██████████████████▏ 3.3 GB                         [K
pulling 3116c5225075: 100% ▕██████████████████▏   77 B                         [K
verifying sha256 digest ⠴ [K[?25h[?2026l[?2026h[?25l[A[A[A[1Gpulling manifest [K
pulling aeda25e63ebd: 100% ▕██████████████████▏ 3.3 GB                         [K
pulling 3116c5225075: 100% ▕██████████████████▏   77 B                         [K
verifying sha256 digest ⠦ [K[?25h[?2026l[?2026h[?25l[A[A[A[1Gpulling manifest [K
pulling aeda25e63ebd: 100% ▕██████████████████▏ 3.3 GB                         [K
pulling 3116c5225075: 100% ▕██████████████████▏   77 B                         [K
verifying sha256 digest ⠧ [K[?25h[?2026l[?2026h[?25l[A[A[A[1Gpulling manifest [K
pulling aeda25e63ebd: 100% ▕██████████████████▏ 3.3 GB                         [K
pulling 3116c5225075: 100% ▕██████████████████▏   77 B                         [K
verifying sha256 digest ⠇ [K[?25h[?2026l[?2026h[?25l[A[A[A[1Gpulling manifest [K
pulling aeda25e63ebd: 100% ▕██████████████████▏ 3.3 GB                         [K
pulling 3116c5225075: 100% ▕██████████████████▏   77 B                         [K
verifying sha256 digest ⠏ [K[?25h[?2026l[?2026h[?25l[A[A[A[1Gpulling manifest [K
pulling aeda25e63ebd: 100% ▕██████████████████▏ 3.3 GB                         [K
pulling 3116c5225075: 100% ▕██████████████████▏   77 B                         [K
verifying sha256 digest ⠋ [K[?25h[?2026l[?2026h[?25l[A[A[A[1Gpulling manifest [K
pulling aeda25e63ebd: 100% ▕██████████████████▏ 3.3 GB                         [K
pulling 3116c5225075: 100% ▕██████████████████▏   77 B                         [K
verifying sha256 digest ⠙ [K[?25h[?2026l[?2026h[?25l[A[A[A[1Gpulling manifest [K
pulling aeda25e63ebd: 100% ▕██████████████████▏ 3.3 GB                         [K
pulling 3116c5225075: 100% ▕██████████████████▏   77 B                         [K
verifying sha256 digest ⠹ [K[?25h[?2026l[?2026h[?25l[A[A[A[1Gpulling manifest [K
pulling aeda25e63ebd: 100% ▕██████████████████▏ 3.3 GB                         [K
pulling 3116c5225075: 100% ▕██████████████████▏   77 B                         [K
verifying sha256 digest ⠸ [K[?25h[?2026l[?2026h[?25l[A[A[A[1Gpulling manifest [K
pulling aeda25e63ebd: 100% ▕██████████████████▏ 3.3 GB                         [K
pulling 3116c5225075: 100% ▕██████████████████▏   77 B                         [K
verifying sha256 digest ⠼ [K[?25h[?2026l[?2026h[?25l[A[A[A[1Gpulling manifest [K
pulling aeda25e63ebd: 100% ▕██████████████████▏ 3.3 GB                         [K
pulling 3116c5225075: 100% ▕██████████████████▏   77 B                         [K
verifying sha256 digest ⠴ [K[?25h[?2026l[?2026h[?25l[A[A[A[1Gpulling manifest [K
pulling aeda25e63ebd: 100% ▕██████████████████▏ 3.3 GB                         [K
pulling 3116c5225075: 100% ▕██████████████████▏   77 B                         [K
verifying sha256 digest ⠦ [K[?25h[?2026l[?2026h[?25l[A[A[A[1Gpulling manifest [K
pulling aeda25e63ebd: 100% ▕██████████████████▏ 3.3 GB                         [K
pulling 3116c5225075: 100% ▕██████████████████▏   77 B                         [K
verifying sha256 digest ⠧ [K[?25h[?2026l[?2026h[?25l[A[A[A[1Gpulling manifest [K
pulling aeda25e63ebd: 100% ▕██████████████████▏ 3.3 GB                         [K
pulling 3116c5225075: 100% ▕██████████████████▏   77 B                         [K
verifying sha256 digest ⠇ [K[?25h[?2026l[?2026h[?25l[A[A[A[1Gpulling manifest [K
pulling aeda25e63ebd: 100% ▕██████████████████▏ 3.3 GB                         [K
pulling 3116c5225075: 100% ▕██████████████████▏   77 B                         [K
verifying sha256 digest ⠏ [K[?25h[?2026l[?2026h[?25l[A[A[A[1Gpulling manifest [K
pulling aeda25e63ebd: 100% ▕██████████████████▏ 3.3 GB                         [K
pulling 3116c5225075: 100% ▕██████████████████▏   77 B                         [K
verifying sha256 digest ⠋ [K[?25h[?2026l[?2026h[?25l[A[A[A[1Gpulling manifest [K
pulling aeda25e63ebd: 100% ▕██████████████████▏ 3.3 GB                         [K
pulling 3116c5225075: 100% ▕██████████████████▏   77 B                         [K
verifying sha256 digest ⠙ [K[?25h[?2026l[?2026h[?25l[A[A[A[1Gpulling manifest [K
pulling aeda25e63ebd: 100% ▕██████████████████▏ 3.3 GB                         [K
pulling 3116c5225075: 100% ▕██████████████████▏   77 B                         [K
verifying sha256 digest ⠹ [K[?25h[?2026l[?2026h[?25l[A[A[A[1Gpulling manifest [K
pulling aeda25e63ebd: 100% ▕██████████████████▏ 3.3 GB                         [K
pulling 3116c5225075: 100% ▕██████████████████▏   77 B                         [K
verifying sha256 digest ⠸ [K[?25h[?2026l[?2026h[?25l[A[A[A[1Gpulling manifest [K
pulling aeda25e63ebd: 100% ▕██████████████████▏ 3.3 GB                         [K
pulling 3116c5225075: 100% ▕██████████████████▏   77 B                         [K
verifying sha256 digest ⠼ [K[?25h[?2026l[?2026h[?25l[A[A[A[1Gpulling manifest [K
pulling aeda25e63ebd: 100% ▕██████████████████▏ 3.3 GB                         [K
pulling 3116c5225075: 100% ▕██████████████████▏   77 B                         [K
verifying sha256 digest ⠴ [K[?25h[?2026l[?2026h[?25l[A[A[A[1Gpulling manifest [K
pulling aeda25e63ebd: 100% ▕██████████████████▏ 3.3 GB                         [K
pulling 3116c5225075: 100% ▕██████████████████▏   77 B                         [K
verifying sha256 digest ⠦ [K[?25h[?2026l[?2026h[?25l[A[A[A[1Gpulling manifest [K
pulling aeda25e63ebd: 100% ▕██████████████████▏ 3.3 GB                         [K
pulling 3116c5225075: 100% ▕██████████████████▏   77 B                         [K
verifying sha256 digest ⠧ [K[?25h[?2026l[?2026h[?25l[A[A[A[1Gpulling manifest [K
pulling aeda25e63ebd: 100% ▕██████████████████▏ 3.3 GB                         [K
pulling 3116c5225075: 100% ▕██████████████████▏   77 B                         [K
verifying sha256 digest ⠇ [K[?25h[?2026l[?2026h[?25l[A[A[A[1Gpulling manifest [K
pulling aeda25e63ebd: 100% ▕██████████████████▏ 3.3 GB                         [K
pulling 3116c5225075: 100% ▕██████████████████▏   77 B                         [K
verifying sha256 digest ⠏ [K[?25h[?2026l[?2026h[?25l[A[A[A[1Gpulling manifest [K
pulling aeda25e63ebd: 100% ▕██████████████████▏ 3.3 GB                         [K
pulling 3116c5225075: 100% ▕██████████████████▏   77 B                         [K
verifying sha256 digest ⠋ [K[?25h[?2026l[?2026h[?25l[A[A[A[1Gpulling manifest [K
pulling aeda25e63ebd: 100% ▕██████████████████▏ 3.3 GB                         [K
pulling 3116c5225075: 100% ▕██████████████████▏   77 B                         [K
verifying sha256 digest ⠙ [K[?25h[?2026l[?2026h[?25l[A[A[A[1Gpulling manifest [K
pulling aeda25e63ebd: 100% ▕██████████████████▏ 3.3 GB                         [K
pulling 3116c5225075: 100% ▕██████████████████▏   77 B                         [K
verifying sha256 digest ⠹ [K[?25h[?2026l[?2026h[?25l[A[A[A[1Gpulling manifest [K
pulling aeda25e63ebd: 100% ▕██████████████████▏ 3.3 GB                         [K
pulling 3116c5225075: 100% ▕██████████████████▏   77 B                         [K
verifying sha256 digest ⠸ [K[?25h[?2026l[?2026h[?25l[A[A[A[1Gpulling manifest [K
pulling aeda25e63ebd: 100% ▕██████████████████▏ 3.3 GB                         [K
pulling 3116c5225075: 100% ▕██████████████████▏   77 B                         [K
verifying sha256 digest ⠼ [K[?25h[?2026l[?2026h[?25l[A[A[A[1Gpulling manifest [K
pulling aeda25e63ebd: 100% ▕██████████████████▏ 3.3 GB                         [K
pulling 3116c5225075: 100% ▕██████████████████▏   77 B                         [K
verifying sha256 digest ⠴ [K[?25h[?2026l[?2026h[?25l[A[A[A[1Gpulling manifest [K
pulling aeda25e63ebd: 100% ▕██████████████████▏ 3.3 GB                         [K
pulling 3116c5225075: 100% ▕██████████████████▏   77 B                         [K
verifying sha256 digest ⠦ [K[?25h[?2026l[?2026h[?25l[A[A[A[1Gpulling manifest [K
pulling aeda25e63ebd: 100% ▕██████████████████▏ 3.3 GB                         [K
pulling 3116c5225075: 100% ▕██████████████████▏   77 B                         [K
verifying sha256 digest ⠧ [K[?25h[?2026l[?2026h[?25l[A[A[A[1Gpulling manifest [K
pulling aeda25e63ebd: 100% ▕██████████████████▏ 3.3 GB                         [K
pulling 3116c5225075: 100% ▕██████████████████▏   77 B                         [K
verifying sha256 digest ⠇ [K[?25h[?2026l[?2026h[?25l[A[A[A[1Gpulling manifest [K
pulling aeda25e63ebd: 100% ▕██████████████████▏ 3.3 GB                         [K
pulling 3116c5225075: 100% ▕██████████████████▏   77 B                         [K
verifying sha256 digest ⠏ [K[?25h[?2026l[?2026h[?25l[A[A[A[1Gpulling manifest [K
pulling aeda25e63ebd: 100% ▕██████████████████▏ 3.3 GB                         [K
pulling 3116c5225075: 100% ▕██████████████████▏   77 B                         [K
verifying sha256 digest ⠋ [K[?25h[?2026l[?2026h[?25l[A[A[A[1Gpulling manifest [K
pulling aeda25e63ebd: 100% ▕██████████████████▏ 3.3 GB                         [K
pulling 3116c5225075: 100% ▕██████████████████▏   77 B                         [K
verifying sha256 digest ⠙ [K[?25h[?2026l[?2026h[?25l[A[A[A[1Gpulling manifest [K
pulling aeda25e63ebd: 100% ▕██████████████████▏ 3.3 GB                         [K
pulling 3116c5225075: 100% ▕██████████████████▏   77 B                         [K
verifying sha256 digest ⠹ [K[?25h[?2026l[?2026h[?25l[A[A[A[1Gpulling manifest [K
pulling aeda25e63ebd: 100% ▕██████████████████▏ 3.3 GB                         [K
pulling 3116c5225075: 100% ▕██████████████████▏   77 B                         [K
verifying sha256 digest ⠸ [K[?25h[?2026l[?2026h[?25l[A[A[A[1Gpulling manifest [K
pulling aeda25e63ebd: 100% ▕██████████████████▏ 3.3 GB                         [K
pulling 3116c5225075: 100% ▕██████████████████▏   77 B                         [K
verifying sha256 digest ⠼ [K[?25h[?2026l[?2026h[?25l[A[A[A[1Gpulling manifest [K
pulling aeda25e63ebd: 100% ▕██████████████████▏ 3.3 GB                         [K
pulling 3116c5225075: 100% ▕██████████████████▏   77 B                         [K
verifying sha256 digest ⠴ [K[?25h[?2026l[?2026h[?25l[A[A[A[1Gpulling manifest [K
pulling aeda25e63ebd: 100% ▕██████████████████▏ 3.3 GB                         [K
pulling 3116c5225075: 100% ▕██████████████████▏   77 B                         [K
verifying sha256 digest ⠦ [K[?25h[?2026l[?2026h[?25l[A[A[A[1Gpulling manifest [K
pulling aeda25e63ebd: 100% ▕██████████████████▏ 3.3 GB                         [K
pulling 3116c5225075: 100% ▕██████████████████▏   77 B                         [K
verifying sha256 digest ⠧ [K[?25h[?2026l[?2026h[?25l[A[A[A[1Gpulling manifest [K
pulling aeda25e63ebd: 100% ▕██████████████████▏ 3.3 GB                         [K
pulling 3116c5225075: 100% ▕██████████████████▏   77 B                         [K
verifying sha256 digest ⠇ [K[?25h[?2026l[?2026h[?25l[A[A[A[1Gpulling manifest [K
pulling aeda25e63ebd: 100% ▕██████████████████▏ 3.3 GB                         [K
pulling 3116c5225075: 100% ▕██████████████████▏   77 B                         [K
verifying sha256 digest ⠏ [K[?25h[?2026l[?2026h[?25l[A[A[A[1Gpulling manifest [K
pulling aeda25e63ebd: 100% ▕██████████████████▏ 3.3 GB                         [K
pulling 3116c5225075: 100% ▕██████████████████▏   77 B                         [K
verifying sha256 digest ⠋ [K[?25h[?2026l[?2026h[?25l[A[A[A[1Gpulling manifest [K
pulling aeda25e63ebd: 100% ▕██████████████████▏ 3.3 GB                         [K
pulling 3116c5225075: 100% ▕██████████████████▏   77 B                         [K
verifying sha256 digest ⠙ [K[?25h[?2026l[?2026h[?25l[A[A[A[1Gpulling manifest [K
pulling aeda25e63ebd: 100% ▕██████████████████▏ 3.3 GB                         [K
pulling 3116c5225075: 100% ▕██████████████████▏   77 B                         [K
verifying sha256 digest ⠹ [K[?25h[?2026l[?2026h[?25l[A[A[A[1Gpulling manifest [K
pulling aeda25e63ebd: 100% ▕██████████████████▏ 3.3 GB                         [K
pulling 3116c5225075: 100% ▕██████████████████▏   77 B                         [K
verifying sha256 digest ⠸ [K[?25h[?2026l[?2026h[?25l[A[A[A[1Gpulling manifest [K
pulling aeda25e63ebd: 100% ▕██████████████████▏ 3.3 GB                         [K
pulling 3116c5225075: 100% ▕██████████████████▏   77 B                         [K
verifying sha256 digest ⠼ [K[?25h[?2026l[?2026h[?25l[A[A[A[1Gpulling manifest [K
pulling aeda25e63ebd: 100% ▕██████████████████▏ 3.3 GB                         [K
pulling 3116c5225075: 100% ▕██████████████████▏   77 B                         [K
verifying sha256 digest ⠴ [K[?25h[?2026l[?2026h[?25l[A[A[A[1Gpulling manifest [K
pulling aeda25e63ebd: 100% ▕██████████████████▏ 3.3 GB                         [K
pulling 3116c5225075: 100% ▕██████████████████▏   77 B                         [K
verifying sha256 digest ⠦ [K[?25h[?2026l[?2026h[?25l[A[A[A[1Gpulling manifest [K
pulling aeda25e63ebd: 100% ▕██████████████████▏ 3.3 GB                         [K
pulling 3116c5225075: 100% ▕██████████████████▏   77 B                         [K
verifying sha256 digest ⠧ [K[?25h[?2026l[?2026h[?25l[A[A[A[1Gpulling manifest [K
pulling aeda25e63ebd: 100% ▕██████████████████▏ 3.3 GB                         [K
pulling 3116c5225075: 100% ▕██████████████████▏   77 B                         [K
verifying sha256 digest ⠇ [K[?25h[?2026l[?2026h[?25l[A[A[A[1Gpulling manifest [K
pulling aeda25e63ebd: 100% ▕██████████████████▏ 3.3 GB                         [K
pulling 3116c5225075: 100% ▕██████████████████▏   77 B                         [K
verifying sha256 digest ⠏ [K[?25h[?2026l[?2026h[?25l[A[A[A[1Gpulling manifest [K
pulling aeda25e63ebd: 100% ▕██████████████████▏ 3.3 GB                         [K
pulling 3116c5225075: 100% ▕██████████████████▏   77 B                         [K
verifying sha256 digest ⠋ [K[?25h[?2026l[?2026h[?25l[A[A[A[1Gpulling manifest [K
pulling aeda25e63ebd: 100% ▕██████████████████▏ 3.3 GB                         [K
pulling 3116c5225075: 100% ▕██████████████████▏   77 B                         [K
verifying sha256 digest ⠙ [K[?25h[?2026l[?2026h[?25l[A[A[A[1Gpulling manifest [K
pulling aeda25e63ebd: 100% ▕██████████████████▏ 3.3 GB                         [K
pulling 3116c5225075: 100% ▕██████████████████▏   77 B                         [K
verifying sha256 digest ⠹ [K[?25h[?2026l[?2026h[?25l[A[A[A[1Gpulling manifest [K
pulling aeda25e63ebd: 100% ▕██████████████████▏ 3.3 GB                         [K
pulling 3116c5225075: 100% ▕██████████████████▏   77 B                         [K
verifying sha256 digest ⠸ [K[?25h[?2026l[?2026h[?25l[A[A[A[1Gpulling manifest [K
pulling aeda25e63ebd: 100% ▕██████████████████▏ 3.3 GB                         [K
pulling 3116c5225075: 100% ▕██████████████████▏   77 B                         [K
verifying sha256 digest ⠼ [K[?25h[?2026l[?2026h[?25l[A[A[A[1Gpulling manifest [K
pulling aeda25e63ebd: 100% ▕██████████████████▏ 3.3 GB                         [K
pulling 3116c5225075: 100% ▕██████████████████▏   77 B                         [K
verifying sha256 digest ⠴ [K[?25h[?2026l[?2026h[?25l[A[A[A[1Gpulling manifest [K
pulling aeda25e63ebd: 100% ▕██████████████████▏ 3.3 GB                         [K
pulling 3116c5225075: 100% ▕██████████████████▏   77 B                         [K
verifying sha256 digest ⠦ [K[?25h[?2026l[?2026h[?25l[A[A[A[1Gpulling manifest [K
pulling aeda25e63ebd: 100% ▕██████████████████▏ 3.3 GB                         [K
pulling 3116c5225075: 100% ▕██████████████████▏   77 B                         [K
verifying sha256 digest ⠧ [K[?25h[?2026l[?2026h[?25l[A[A[A[1Gpulling manifest [K
pulling aeda25e63ebd: 100% ▕██████████████████▏ 3.3 GB                         [K
pulling 3116c5225075: 100% ▕██████████████████▏   77 B                         [K
verifying sha256 digest ⠇ [K[?25h[?2026l[?2026h[?25l[A[A[A[1Gpulling manifest [K
pulling aeda25e63ebd: 100% ▕██████████████████▏ 3.3 GB                         [K
pulling 3116c5225075: 100% ▕██████████████████▏   77 B                         [K
verifying sha256 digest ⠏ [K[?25h[?2026l[?2026h[?25l[A[A[A[1Gpulling manifest [K
pulling aeda25e63ebd: 100% ▕██████████████████▏ 3.3 GB                         [K
pulling 3116c5225075: 100% ▕██████████████████▏   77 B                         [K
verifying sha256 digest ⠋ [K[?25h[?2026l[?2026h[?25l[A[A[A[1Gpulling manifest [K
pulling aeda25e63ebd: 100% ▕██████████████████▏ 3.3 GB                         [K
pulling 3116c5225075: 100% ▕██████████████████▏   77 B                         [K
verifying sha256 digest ⠙ [K[?25h[?2026l[?2026h[?25l[A[A[A[1Gpulling manifest [K
pulling aeda25e63ebd: 100% ▕██████████████████▏ 3.3 GB                         [K
pulling 3116c5225075: 100% ▕██████████████████▏   77 B                         [K
verifying sha256 digest ⠹ [K[?25h[?2026l[?2026h[?25l[A[A[A[1Gpulling manifest [K
pulling aeda25e63ebd: 100% ▕██████████████████▏ 3.3 GB                         [K
pulling 3116c5225075: 100% ▕██████████████████▏   77 B                         [K
verifying sha256 digest ⠸ [K[?25h[?2026l[?2026h[?25l[A[A[A[1Gpulling manifest [K
pulling aeda25e63ebd: 100% ▕██████████████████▏ 3.3 GB                         [K
pulling 3116c5225075: 100% ▕██████████████████▏   77 B                         [K
verifying sha256 digest ⠼ [K[?25h[?2026l[?2026h[?25l[A[A[A[1Gpulling manifest [K
pulling aeda25e63ebd: 100% ▕██████████████████▏ 3.3 GB                         [K
pulling 3116c5225075: 100% ▕██████████████████▏   77 B                         [K
verifying sha256 digest ⠴ [K[?25h[?2026l[?2026h[?25l[A[A[A[1Gpulling manifest [K
pulling aeda25e63ebd: 100% ▕██████████████████▏ 3.3 GB                         [K
pulling 3116c5225075: 100% ▕██████████████████▏   77 B                         [K
verifying sha256 digest ⠦ [K[?25h[?2026l[?2026h[?25l[A[A[A[1Gpulling manifest [K
pulling aeda25e63ebd: 100% ▕██████████████████▏ 3.3 GB                         [K
pulling 3116c5225075: 100% ▕██████████████████▏   77 B                         [K
verifying sha256 digest ⠧ [K[?25h[?2026l[?2026h[?25l[A[A[A[1Gpulling manifest [K
pulling aeda25e63ebd: 100% ▕██████████████████▏ 3.3 GB                         [K
pulling 3116c5225075: 100% ▕██████████████████▏   77 B                         [K
verifying sha256 digest ⠇ [K[?25h[?2026l[?2026h[?25l[A[A[A[1Gpulling manifest [K
pulling aeda25e63ebd: 100% ▕██████████████████▏ 3.3 GB                         [K
pulling 3116c5225075: 100% ▕██████████████████▏   77 B                         [K
verifying sha256 digest ⠏ [K[?25h[?2026l[?2026h[?25l[A[A[A[1Gpulling manifest [K
pulling aeda25e63ebd: 100% ▕██████████████████▏ 3.3 GB                         [K
pulling 3116c5225075: 100% ▕██████████████████▏   77 B                         [K
verifying sha256 digest ⠋ [K[?25h[?2026l[?2026h[?25l[A[A[A[1Gpulling manifest [K
pulling aeda25e63ebd: 100% ▕██████████████████▏ 3.3 GB                         [K
pulling 3116c5225075: 100% ▕██████████████████▏   77 B                         [K
verifying sha256 digest ⠙ [K[?25h[?2026l[?2026h[?25l[A[A[A[1Gpulling manifest [K
pulling aeda25e63ebd: 100% ▕██████████████████▏ 3.3 GB                         [K
pulling 3116c5225075: 100% ▕██████████████████▏   77 B                         [K
verifying sha256 digest ⠹ [K[?25h[?2026l[?2026h[?25l[A[A[A[1Gpulling manifest [K
pulling aeda25e63ebd: 100% ▕██████████████████▏ 3.3 GB                         [K
pulling 3116c5225075: 100% ▕██████████████████▏   77 B                         [K
verifying sha256 digest ⠸ [K[?25h[?2026l[?2026h[?25l[A[A[A[1Gpulling manifest [K
pulling aeda25e63ebd: 100% ▕██████████████████▏ 3.3 GB                         [K
pulling 3116c5225075: 100% ▕██████████████████▏   77 B                         [K
verifying sha256 digest ⠼ [K[?25h[?2026l[?2026h[?25l[A[A[A[1Gpulling manifest [K
pulling aeda25e63ebd: 100% ▕██████████████████▏ 3.3 GB                         [K
pulling 3116c5225075: 100% ▕██████████████████▏   77 B                         [K
verifying sha256 digest ⠴ [K[?25h[?2026l[?2026h[?25l[A[A[A[1Gpulling manifest [K
pulling aeda25e63ebd: 100% ▕██████████████████▏ 3.3 GB                         [K
pulling 3116c5225075: 100% ▕██████████████████▏   77 B                         [K
verifying sha256 digest ⠦ [K[?25h[?2026l[?2026h[?25l[A[A[A[1Gpulling manifest [K
pulling aeda25e63ebd: 100% ▕██████████████████▏ 3.3 GB                         [K
pulling 3116c5225075: 100% ▕██████████████████▏   77 B                         [K
verifying sha256 digest ⠧ [K[?25h[?2026l[?2026h[?25l[A[A[A[1Gpulling manifest [K
pulling aeda25e63ebd: 100% ▕██████████████████▏ 3.3 GB                         [K
pulling 3116c5225075: 100% ▕██████████████████▏   77 B                         [K
verifying sha256 digest ⠇ [K[?25h[?2026l[?2026h[?25l[A[A[A[1Gpulling manifest [K
pulling aeda25e63ebd: 100% ▕██████████████████▏ 3.3 GB                         [K
pulling 3116c5225075: 100% ▕██████████████████▏   77 B                         [K
verifying sha256 digest ⠏ [K[?25h[?2026l[?2026h[?25l[A[A[A[1Gpulling manifest [K
pulling aeda25e63ebd: 100% ▕██████████████████▏ 3.3 GB                         [K
pulling 3116c5225075: 100% ▕██████████████████▏   77 B                         [K
verifying sha256 digest ⠋ [K[?25h[?2026l[?2026h[?25l[A[A[A[1Gpulling manifest [K
pulling aeda25e63ebd: 100% ▕██████████████████▏ 3.3 GB                         [K
pulling 3116c5225075: 100% ▕██████████████████▏   77 B                         [K
verifying sha256 digest ⠙ [K[?25h[?2026l[?2026h[?25l[A[A[A[1Gpulling manifest [K
pulling aeda25e63ebd: 100% ▕██████████████████▏ 3.3 GB                         [K
pulling 3116c5225075: 100% ▕██████████████████▏   77 B                         [K
verifying sha256 digest ⠹ [K[?25h[?2026l[?2026h[?25l[A[A[A[1Gpulling manifest [K
pulling aeda25e63ebd: 100% ▕██████████████████▏ 3.3 GB                         [K
pulling 3116c5225075: 100% ▕██████████████████▏   77 B                         [K
verifying sha256 digest ⠸ [K[?25h[?2026l[?2026h[?25l[A[A[A[1Gpulling manifest [K
pulling aeda25e63ebd: 100% ▕██████████████████▏ 3.3 GB                         [K
pulling 3116c5225075: 100% ▕██████████████████▏   77 B                         [K
verifying sha256 digest ⠼ [K[?25h[?2026l[?2026h[?25l[A[A[A[1Gpulling manifest [K
pulling aeda25e63ebd: 100% ▕██████████████████▏ 3.3 GB                         [K
pulling 3116c5225075: 100% ▕██████████████████▏   77 B                         [K
verifying sha256 digest ⠴ [K[?25h[?2026l[?2026h[?25l[A[A[A[1Gpulling manifest [K
pulling aeda25e63ebd: 100% ▕██████████████████▏ 3.3 GB                         [K
pulling 3116c5225075: 100% ▕██████████████████▏   77 B                         [K
verifying sha256 digest ⠦ [K[?25h[?2026l[?2026h[?25l[A[A[A[1Gpulling manifest [K
pulling aeda25e63ebd: 100% ▕██████████████████▏ 3.3 GB                         [K
pulling 3116c5225075: 100% ▕██████████████████▏   77 B                         [K
verifying sha256 digest ⠧ [K[?25h[?2026l[?2026h[?25l[A[A[A[1Gpulling manifest [K
pulling aeda25e63ebd: 100% ▕██████████████████▏ 3.3 GB                         [K
pulling 3116c5225075: 100% ▕██████████████████▏   77 B                         [K
verifying sha256 digest ⠇ [K[?25h[?2026l[?2026h[?25l[A[A[A[1Gpulling manifest [K
pulling aeda25e63ebd: 100% ▕██████████████████▏ 3.3 GB                         [K
pulling 3116c5225075: 100% ▕██████████████████▏   77 B                         [K
verifying sha256 digest ⠏ [K[?25h[?2026l[?2026h[?25l[A[A[A[1Gpulling manifest [K
pulling aeda25e63ebd: 100% ▕██████████████████▏ 3.3 GB                         [K
pulling 3116c5225075: 100% ▕██████████████████▏   77 B                         [K
verifying sha256 digest ⠋ [K[?25h[?2026l[?2026h[?25l[A[A[A[1Gpulling manifest [K
pulling aeda25e63ebd: 100% ▕██████████████████▏ 3.3 GB                         [K
pulling 3116c5225075: 100% ▕██████████████████▏   77 B                         [K
verifying sha256 digest ⠙ [K[?25h[?2026l[?2026h[?25l[A[A[A[1Gpulling manifest [K
pulling aeda25e63ebd: 100% ▕██████████████████▏ 3.3 GB                         [K
pulling 3116c5225075: 100% ▕██████████████████▏   77 B                         [K
verifying sha256 digest ⠹ [K[?25h[?2026l[?2026h[?25l[A[A[A[1Gpulling manifest [K
pulling aeda25e63ebd: 100% ▕██████████████████▏ 3.3 GB                         [K
pulling 3116c5225075: 100% ▕██████████████████▏   77 B                         [K
verifying sha256 digest ⠸ [K[?25h[?2026l[?2026h[?25l[A[A[A[1Gpulling manifest [K
pulling aeda25e63ebd: 100% ▕██████████████████▏ 3.3 GB                         [K
pulling 3116c5225075: 100% ▕██████████████████▏   77 B                         [K
verifying sha256 digest ⠼ [K[?25h[?2026l[?2026h[?25l[A[A[A[1Gpulling manifest [K
pulling aeda25e63ebd: 100% ▕██████████████████▏ 3.3 GB                         [K
pulling 3116c5225075: 100% ▕██████████████████▏   77 B                         [K
verifying sha256 digest ⠴ [K[?25h[?2026l[?2026h[?25l[A[A[A[1Gpulling manifest [K
pulling aeda25e63ebd: 100% ▕██████████████████▏ 3.3 GB                         [K
pulling 3116c5225075: 100% ▕██████████████████▏   77 B                         [K
verifying sha256 digest ⠦ [K[?25h[?2026l[?2026h[?25l[A[A[A[1Gpulling manifest [K
pulling aeda25e63ebd: 100% ▕██████████████████▏ 3.3 GB                         [K
pulling 3116c5225075: 100% ▕██████████████████▏   77 B                         [K
verifying sha256 digest ⠧ [K[?25h[?2026l[?2026h[?25l[A[A[A[1Gpulling manifest [K
pulling aeda25e63ebd: 100% ▕██████████████████▏ 3.3 GB                         [K
pulling 3116c5225075: 100% ▕██████████████████▏   77 B                         [K
verifying sha256 digest ⠇ [K[?25h[?2026l[?2026h[?25l[A[A[A[1Gpulling manifest [K
pulling aeda25e63ebd: 100% ▕██████████████████▏ 3.3 GB                         [K
pulling 3116c5225075: 100% ▕██████████████████▏   77 B                         [K
verifying sha256 digest [K
writing manifest [K
success [K[?25h[?2026l
Found an existing package already installed. Trying to upgrade the installed package...
No available upgrade found.
No newer package versions are available from the configured sources.
